ID,人物,传统,现标v1,语句
00001,柏拉图,西方,B,真正的统治者是为被治者谋利，而非为自己聚敛。——〔译〕《理想国》342e—343a
00002,黄宗羲,中国,A,盈天地皆心也。——《明儒学案·自序》 #self-other
00003,公孙龙,中国,A,故彼彼当乎彼，则唯乎彼，其谓行彼；此此当乎此，则唯乎此，其谓行此。——《公孙龙子·名实论》
00004,密尔,西方,B,民主的缺陷，可由教育的普及来弥补。——《代议制政府》〔译〕
00005,公孙龙,中国,B,马者无去取于色，故黄、黑皆所以应；白马者，有去取于色，黄、黑马皆所以色去，故唯白马独可以应耳。——《公孙龙子·白马论》
00006,马可·奥勒留,西方,A,当你因不情愿而做一件事时，你已经在其中迷失了。——《沉思录》卷五·1〔意译〕
00007,周敦颐,中国,B,太极动而生阳，动极而静，静而生阴，静极复动。——《太极图说》
00008,孟子,中国,B,天子不仁，不保四海；诸侯不仁，不保社稷。——《孟子·离娄上》
00009,胡塞尔,西方,A,本质直观让我能够直接看到「红」本身，而不只是某个红色的物体。——《现象学的观念》第四讲〔译〕
00010,斯宾诺莎,西方,A,我若以理性指导生活，便不为命运所奴役。——《伦理学》第四部分·命题二十六附释〔意译〕
00011,嵇康,中国,B,夫公私之理，相反而俱通。——《释私论》
00012,阿奎那,西方,A,人的自由，不是为所欲为，而是能选择那真正的善；囿于罪者，自由反减。——《神学大全·I-II·q.13·a.6》〔译〕
00013,第欧根尼,西方,A,我既非雅典人，亦非科林斯人，而是世界公民。——〔译〕《名哲言行录》卷六·63
00014,王弼,中国,A,众人无不有怀有志，盈溢胸心，故曰皆有以也；我独廓然，无为无欲，若遗失之。——《老子注·二十章》
00015,王阳明,中国,A,志不立，天下无可成之事。——《教条示龙场诸生》
00016,老子,中国,B,以正治国，以奇用兵，以无事取天下。——《道德经·第五十七章》
00017,王弼,中国,B,近不必比，远不必乖。——《周易略例·明爻通变》
00018,克尔凯郭尔,西方,A,选择，是永恒的，因为它定义你之所是。——《非此即彼》（Victor Eremita 编纂）〔译〕
00019,尼采,西方,A,一个人如果知道自己为什么而活，就可以忍受任何一种生活。——《偶像的黄昏·箴言与箭》33
00020,叔本华,西方,A,智者把生活看作一场展览，自己只是旁观者。——《作为意志和表象的世界》〔译〕
00021,老子,中国,A,俗人昭昭，我独昏昏；俗人察察，我独闷闷。——《道德经·第二十章》
00022,道元,日本,A,坐禅者非为成佛，坐禅即是佛之行。——《正法眼藏·坐禅箴》
00023,塞涅卡,西方,B,他人的成就，不必羡也不必妒；各人按自己的剧本登场与退场。——《致鲁基里乌斯书信集·第1封》〔译〕
00024,波普尔,西方,A,我们所能做的，不是消灭错误，而是让它更快显现。——《客观知识》〔意译〕
00025,程颐,中国,A,古之学者，优柔厌饫，有先后次序。今之学者，却只做一场话说，务高而已。——《遗书》卷十五
00026,冯友兰,中国,A,气质之性，可通过教养而改变。——《新理学》 〔意译〕
00027,克里希那穆提,印度,B,你就是世界，世界就是你。——。——《重新认识你自己》 #self-other〔译〕
00028,道元,日本,A,己之未度，先度众生，是菩萨之心。——《正法眼藏·発菩提心》
00029,克尔凯郭尔,西方,B,基督教世界，已使基督教本身变得廉价。——《致死的疾病》（Anti-Climacus）〔译〕
00030,王弼,中国,A,专气致柔，言任自然之气，致至柔之和。——《老子注·十章》
00031,陆九渊,中国,A,发明本心。——《语录》
00032,赫拉克利特,西方,B,雷霆驾驭万有。——〔译〕《残篇》DK B64（希波吕托斯转引）
00033,克里希那穆提,印度,B,我们的问题是全球性的，却用局部的方案应对。——《人生中不可不想的事》〔译〕
00034,波普尔,西方,A,知识增长的第一步，是承认自己的无知。——《客观知识》〔意译〕
00035,熊十力,中国,B,大化流衍，新新不已。——《体用论》 〔意译〕
00036,冯友兰,中国,A,人不一定应当是宗教底，但他一定应当是哲学底。——《中国哲学简史·绪论》
00037,安萨里,伊斯兰波斯,B,因果之间，真主是隐秘的联结者。——《哲学家的矛盾》〔译〕
00038,黄宗羲,中国,A,晚年定力，在忧患中炼出。——《南雷文定》 〔意译〕
00039,墨子,中国,B,夫辩者，将以明是非之分，审治乱之纪，明同异之处，察名实之理。——《墨子·小取》
00040,阿奎那,西方,A,人最深的平安，来自意志与神意之合一；凡顺之者，无真正之失。——《神学大全·I-II·q.69·a.1》〔译〕
00041,黄宗羲,中国,B,气节者，天下之大闲。——《南雷文定》 〔意译〕
00042,孔子,中国,A,三人行，必有我师焉。择其善者而从之，其不善者而改之。——《论语·述而》
00043,爱比克泰德,西方,B,多数人的痛苦，来自把「不在己」之事当作「在己」去追求。——《手册·1》〔意译〕
00044,萨特,西方,A,我的自由在每一次行动中自我确认。——《存在与虚无》〔意译〕
00045,阿奎那,西方,A,人藉德行培养自己；德性非天生，乃由习惯而成。——《神学大全·I-II·q.51·a.1》〔译〕
00046,荀子,中国,B,国将兴，必贵师而重傅。——《荀子·大略》
00047,慧能,中国,B,他非我不非，我非自有过。——《坛经·无相颂》（宗宝本） ⚠️
00048,商鞅,中国,B,民之见战也，如饿狼之见肉。——《商君书·画策》
00049,塞涅卡,西方,A,一个总在讨好众人的人，早已把主权重交了出去。——《论幸福生活·1》〔译〕
00050,程颢,中国,B,公则一，私则万殊。至当归一，精义无二。人心不同如面，只是私心。——《遗书》卷十一
00051,释迦牟尼,印度,A,莫从卑劣法，莫住于放逸，莫随邪见，莫增长爱欲。——《法句经·放逸品》
00052,莱布尼茨,西方,B,实体的多样性意味着无限多个不同的视角。——《单子论》第9节〔意译〕
00053,程颢,中国,B,冬寒夏暑，阴阳升降，此天地之自然，人岂能推移？——《遗书》卷十一
00054,帕斯卡,西方,A,人最无法忍受的，莫过于完全的静止与无所事事。——《思想录》L166〔意译〕
00055,朱熹,中国,B,天地以生物为心者也；而人物之生，又各得夫天地之心以为心者也。——《仁说》
00056,惠施,中国,A,惠施之口谈，自以为最贤。——《庄子·天下》
00057,吉田兼好,日本,A,临终一念，定平生所养。——《徒然草》〔译〕
00058,陆九渊,中国,B,理之所在，天下莫能夺。——《语录》
00059,阿伦特,西方,A,我写作不为说服谁，只为把混沌安放成秩序。——《过去与未来之间》〔意译〕
00060,龙树,印度,A,菩萨于诸法，不取相、不着相，是名正行般若。——《大智度论·卷十八》〔意译〕
00061,洛克,西方,A,我们对外物的知识，不如对自身心灵的知识确定。——《人类理解论》卷四·章三·节5〔意译〕
00062,庄子,中国,B,穷则反，终则始。——《庄子·则阳》
00063,顾炎武,中国,A,独学无友，则孤陋而难成。——《亭林文集·与人书》（为学）
00064,海德格尔,西方,B,形而上学把存在遗忘为存在者之存在。——《路标·形而上学的基本问题》〔意译〕
00065,陆九渊,中国,B,天地之性人为贵，人之所以贵于物者，以其有此理也。——《语录》
00066,公孙龙,中国,B,马固有色，故有白马。使马无色，有马如已耳，安取白马？故白者非马也。——《公孙龙子·白马论》
00067,惠施,中国,A,我知天下之中央，燕之北、越之南是也。——《庄子·天下》（历物十事之九） #self-other
00068,冯友兰,中国,B,社会是许多底人之结合，有 organisn 之意义。——《新事论》 〔意译〕
00069,孟子,中国,A,得志，与民由之；不得志，独行其道。——《孟子·滕文公下》
00070,莱布尼茨,西方,B,恶的存在并不否定最好的世界；恶是更大的善所允许的陪衬。——《神义论》〔意译〕
00071,加缪,西方,A,活着，并知道自己将死，是唯一清醒的姿态。——《西西弗神话》〔意译〕
00072,莱布尼茨,西方,A,每一个单子都以自己的方式表象整个宇宙。——《单子论》第22节〔意译〕
00073,波普尔,西方,B,不可能有一种方式说话而不被误解。——《猜想与反驳》〔译〕
00074,荀子,中国,B,水火有气而无生，草木有生而无知，禽兽有知而无义；人有气、有生、有知，亦且有义，故最为天下贵也。——《荀子·王制》
00075,黑格尔,西方,A,自我意识，只有在另一个自我意识里才获得它的满足。——《精神现象学·主奴辩证法》〔译〕
00076,帕斯卡,西方,A,人若不为自己的必死而警醒，他便在生活里沉睡。——《思想录》L164〔意译〕
00077,李贽,中国,B,夫所谓仙佛者，皆人也。——《焚书·答耿中丞》
00078,安萨里,伊斯兰波斯,A,苏非之道，始于离群，终于爱人。——《迷途指津》〔译〕
00079,冯友兰,中国,B,礼者，理也；乐者，和也。——《中国哲学简史》 〔意译〕
00080,波普尔,西方,B,乌托邦工程试图一次性重塑社会，往往带来灾难；渐进工程才是可行的。——《开放社会及其敌人》〔译〕
00081,慧能,中国,B,日用常行饶益，成道非由施钱。——《坛经·无相颂》（宗宝本） ⚠️
00082,海德格尔,西方,B,器具的有用性指向一个因缘整体，即世界。——《存在与时间》§15〔译〕
00083,王阳明,中国,B,大人者，以天地万物为一体者也。——《大学问》
00084,柏拉图,西方,A,即便被错待，也不可因此去错待人；行不义永远比受不义更坏。——〔译〕《克力同》48b—49a
00085,斯宾诺莎,西方,A,被动的情感若与清楚的观念结合，便不再是被动的。——《伦理学》第五部分·命题三附释〔意译〕
00086,巴门尼德,西方,B,真理之路断然宣称：是者存在；意见之路则徒然描画那不存在者的幻影。——〔译〕《论自然》残篇 DK B2（辛普里丘转引）
00087,柏拉图,西方,A,护卫者不应爱财；金与银于他们乃最大的腐蚀。——〔译〕《理想国》416e—417a
00088,僧肇,中国,B,《中观》云：物无彼此。——《不真空论》
00089,荀子,中国,A,学也者，固学一之也。——《荀子·劝学》
00090,赫拉克利特,西方,A,名为生命之弓，其功用却是死亡。——〔译〕《残篇》DK B48（克莱门《杂记》转引）
00091,莱布尼茨,西方,A,我们所有的观念中都包含着无限。——《单子论》第26节〔意译〕
00092,陆九渊,中国,A,学苟知本，六经皆我注脚。——《语录》（卷三十四）
00093,商羯罗,印度,B,二元对立（dvaita）是妄见，不二（advaita）是真实。——《梵经注·卷一》〔译〕
00094,庄子,中国,B,山木自寇也，膏火自煎也。桂可食，故伐之；漆可用，故割之。——《庄子·人间世》
00095,程颐,中国,A,敬以直内，义以方外，敬义立而德不孤。——《易传·坤卦》
00096,波普尔,西方,A,自我批判，是理性唯一的护身符。——《猜想与反驳》〔意译〕
00097,程颐,中国,A,凡人须以圣贤为己任。——《遗书》卷二十二上
00098,笛卡尔,西方,B,动物没有理性灵魂，它们是无理性的自动机。——《谈谈方法》第五部分〔意译〕
00099,奥古斯丁,西方,B,自然万物各按其时、各安其位；人的尊贵，在能认知并赞颂这秩序。——《上帝之城·11·?》〔译〕
00100,顾炎武,中国,A,律己严，而待人恕。——《日知录》 〔意译〕
00101,王夫之,中国,B,形也，神也，物也，三相遇而知觉乃发。——《张子正蒙注·太和篇》
00102,孙子,中国,A,知彼知己，胜乃不殆；知天知地，胜乃可全。——《孙子兵法·地形篇》 #self-other
00103,墨子,中国,B,有能则举之，无能则下之。——《墨子·尚贤上》
00104,笛卡尔,西方,B,我们必须把复杂问题分解为若干最简单的部分。——《谈谈方法》第二部分（方法规则二）
00105,董仲舒,中国,A,不仁而有勇力，则狂而操利兵也；不智而辩慧，则迷而乘良马也。——《春秋繁露·必仁且智》
00106,王充,中国,A,蓬生麻间，不扶自直；白纱入缁，不练自黑。——《论衡·率性》
00107,韩非,中国,B,上古之世，人民少而禽兽众，人民不胜禽兽虫蛇。——《韩非子·五蠹》
00108,冯友兰,中国,A,在功利境界中底人，其行为是为利底。——《新原人·第二章》
00109,安萨里,伊斯兰波斯,A,你当每日省察己身（muḥāsaba），如临清算。——《宗教学科的复兴·卷四》〔译〕
00110,鲁米,伊斯兰波斯,A,心若空，主便来居。——《玛斯纳维·卷五》〔译〕
00111,龙树,印度,A,众生痴惑，妄计有我；菩萨为说无我，令得出离。——《大智度论·卷三十六》〔意译〕
00112,慧能,中国,B,若悟无生顿法，见西方只在刹那。——《坛经》（敦煌本）
00113,海亚姆,伊斯兰波斯,A,星辰不答人的诘问，沉默是其答。——《鲁拜集》〔译〕
00114,嵇康,中国,A,含道独往，弃智遗身。——《兄秀才公穆入军赠诗》
00115,萨特,西方,B,物质匮乏使人彼此为敌，这是历史的根本张力。——《辩证理性批判》〔译〕
00116,莱布尼茨,西方,B,前定和谐：所有单子由上帝一次性协调，如两口对准的钟。——《单子论》第48—52节〔意译〕
00117,尼采,西方,A,人是应当被超越的：我教你们做超人。——《查拉图斯特拉如是说·序言》
00118,奥古斯丁,西方,B,自由意志之赐，是为使人能自愿归于善；无选择，便无功亦无过。——《论自由意志·3·3》〔译〕
00119,墨子,中国,B,尚贤者，政之本也。——《墨子·尚贤上》
00120,韩非,中国,B,上古竞于道德，中世逐于智谋，当今争于气力。——《韩非子·五蠹》
00121,释迦牟尼,印度,B,有因有缘世间集，有因有缘世间灭。——《杂阿含经·卷二》
00122,商鞅,中国,B,善为国者，仓廪虽满，不偷于农。——《商君书·农战》
00123,王夫之,中国,A,仁者，心之德也。——《读通鉴论》 〔意译〕
00124,程颢,中国,A,良知良能，皆无所由，乃出于天，不系于人。——《遗书》卷二上
00125,叔本华,西方,B,语言，是理性的工具，也是遮蔽真实的幕。——《作为意志和表象的世界》〔译〕
00126,熊十力,中国,B,中庸所谓中和，即本体之流行。——《读经示要·卷二》 〔意译〕
00127,阿伦特,西方,A,我接受自己的有限，正如我接受世界的有限。——《精神生活·思维》〔意译〕
00128,冯友兰,中国,A,人不满意于自然境界，而求进于较高境界，此即学底意义。——《新原人·第一章》
00129,苏格拉底,西方,B,我发现，名声最大的人，恰恰是最无知的人。——柏拉图《申辩篇》22a〔译〕
00130,慧能,中国,B,此法门是最上乘，为大智人说，为上根人说。——《坛经》（敦煌本）
00131,公孙龙,中国,A,故彼彼止于彼，此此止于此，可。——《公孙龙子·名实论》
00132,王阳明,中国,B,见孺子之入井，而必有怵惕恻隐之心焉，是其仁之与孺子而为一体也。——《大学问》
00133,爱比克泰德,西方,A,你想要平安吗？那就只欲求那由你决定的事，并对其他一切说「随它去」。——《手册·8》〔意译〕
00134,德谟克利特,西方,B,"所谓""机运""，乃人将未知之因归之于它。——〔译〕《残篇》DK B（斯托拜乌斯转引）"
00135,爱比克泰德,西方,B,人对自然所定的序毫无怨言；你若抱怨，只因你把自己置于自然之外。——《手册·23》〔意译〕
00136,雅斯贝尔斯,西方,B,科学的限度，在于它无法回答「人应当如何生活」。——《哲学》〔意译〕
00137,孔子,中国,B,道不同，不相为谋。——《论语·卫灵公》
00138,克尔凯郭尔,西方,A,若你不愿成为自己，你就永远只是个「他人」。——《日记》（Papirer）〔译〕
00139,维特根斯坦,西方,A,我能怀疑一切，却无法怀疑我正在怀疑。——《论确实性》〔意译〕
00140,叔本华,西方,B,自然不仁，以万物为意志的战场。——《作为意志和表象的世界》〔译〕
00141,黄宗羲,中国,B,公其非是于学校。——《明夷待访录·学校》
00142,尼采,西方,A,一个人必须学会爱自己——不是用病态的爱，而是用健康的爱。——《查拉图斯特拉如是说·论爱邻人》〔意译〕
00143,张载,中国,B,天之明莫大于日，故有目接之，不知其几万里之高也；天之不御莫大于太虚，故心知廓之，莫究其极也。——《正蒙·大心》
00144,王阳明,中国,A,立志用功，如种树然。——《传习录》上
00145,萨特,西方,A,自由不是属性，而是人的存在结构本身。——《存在与虚无》〔译〕
00146,董仲舒,中国,B,故《春秋》之于世事也，善复古，讥易常，欲其法先王也。——《春秋繁露·玉杯》
00147,阿奎那,西方,A,人的意志本性上指向幸福；它不能不欲求幸福，却可错认何者为幸福。——《神学大全·I-II·q.6·a.1》〔译〕
00148,王充,中国,B,韩子之术，不养德，而务法。——《论衡·非韩》
00149,嵇康,中国,A,清虚静泰，少私寡欲。——《养生论》
00150,胡塞尔,西方,B,意义是意向行为的成就，表达只是其外在化。——《纯粹现象学通论》〔意译〕
00151,黑格尔,西方,B,东方人只知一人（专制君主）自由，希腊罗马人知部分人自由，日耳曼世界知所有人自由。——《历史哲学讲演录》〔译〕
00152,郭象,中国,B,天者，自然之谓也。——《庄子注·大宗师》
00153,董仲舒,中国,B,阳为德，阴为刑；刑主杀而德主生。——《汉书·董仲舒传》（举贤良对策）
00154,程颐,中国,B,利者，义之和也；利物足以和义。——《易传·乾卦》
00155,奥古斯丁,西方,A,我的灵魂若不在你里面，便无处安放；我向外求索，你却一直守在门内。——《忏悔录·10·27》〔译〕
00156,塞涅卡,西方,B,朋友之道，在以德相砺；只图利益之交，利尽则散。——《论恩惠·6》〔译〕
00157,塞涅卡,西方,B,困难显出一个人的本色；没有风浪，无人知舵手之能。——《论天意·4》〔译〕
00158,休谟,西方,A,理性单独不能激发任何行动。——《人性论》卷二·章三〔意译〕
00159,荀子,中国,B,流丸止于瓯臾，流言止于知者。——《荀子·大略》
00160,赫拉克利特,西方,B,荷马若真懂，就当被希腊人逐出赛场、遭鞭笞。——〔译〕《残篇》DK B42（第欧根尼·拉尔修 IX.1 转引）
00161,程颐,中国,A,涵养须用敬，进学则在致知。——《遗书》卷十八
00162,荀子,中国,B,从天而颂之，孰与制天命而用之？——《荀子·天论》
00163,阿奎那,西方,B,必有第一因；无物是自因，故必有一切因果所依之因。——《神学大全·I·q.2·a.3》〔译〕
00164,胡塞尔,西方,A,先验还原是一场使自我回归自身的回转。——《纯粹现象学通论》§33〔译〕
00165,商鞅,中国,B,国强而不战，毒输于内；礼乐虱官生，必削。——《商君书·去强》
00166,康德,西方,B,知性，为自然立法。——《纯粹理性批判·先验分析论》〔译〕
00167,休谟,西方,A,我们称之为「自我」的，不过是知觉的剧场。——《人性论》卷一·部四·章六〔意译〕
00168,爱比克泰德,西方,A,你因外物而动心时，立刻抓住那表象，对它说：你只是表象，并非你所显得的那样。——《手册·1》〔意译〕
00169,荀子,中国,A,自知者不怨人，知命者不怨天。——《荀子·荣辱》
00170,孙子,中国,B,三军可夺气，将军可夺心。——《孙子兵法·军争篇》
00171,荀子,中国,B,以善先人者谓之教，以善和人者谓之顺。——《荀子·修身》
00172,帕斯卡,西方,B,宇宙中若没有思想，那广袤本身也毫无意义。——《思想录》L113〔意译〕#self-other
00173,王弼,中国,A,柔弱，生之徒；刚强，死之徒。——《老子注·七十六章》
00174,海亚姆,伊斯兰波斯,A,哲人争辩天道，酒徒但饮且歌。——《鲁拜集》〔译〕
00175,阿奎那,西方,A,完美的幸福，在于对神本质的直观；任何受造之物都不能使人真正满足。——《神学大全·I-II·q.3·a.8》〔译〕
00176,加缪,西方,A,我宁可要我确知的「无」，不要可疑的「永恒」。——《西西弗神话》〔意译〕
00177,笛卡尔,西方,B,天体的运动可以依据力学规律得到解释，而不必诉诸智慧实体的推动。——《哲学原理》第三部分·§45〔意译〕
00178,马可·奥勒留,西方,A,我有能力不做坏事；因此我不会被恶所强迫。——《沉思录》卷八·29〔意译〕
00179,程颐,中国,A,思曰睿，睿作圣；致思如掘井，初有浑水，久则清水出。——《遗书》卷十五
00180,牟宗三,中国,B,西方文化，是分解的尽理之精神。——《政道与治道》 〔意译〕
00181,伊壁鸠鲁,西方,B,每一段友谊本身都值得追求，尽管它常始于利益。——〔译〕《梵蒂冈格言集》VS 9
00182,孔子,中国,A,德之不修，学之不讲，闻义不能徙，不善不能改，是吾忧也。——《论语·述而》
00183,第欧根尼,西方,B,买马买驴尚且试了又试，选政客治理城邦却毫不检验。——〔译〕《名哲言行录》卷六·55
00184,马可·奥勒留,西方,B,财富与荣誉，在智者眼里，是「无花果树上结无花果」那样自然且无足轻重的东西。——《沉思录》卷六·50 前后〔意译〕
00185,胡塞尔,西方,A,哲学的唯一任务，是获得明见性（Evidenz）。——《现象学的观念》第一讲〔译〕
00186,德谟克利特,西方,B,真理深藏，只有不懈的探究方能略近。——〔译〕《残篇》〔⚠️ 义近归纳；据 DK B125 义，塞克斯都·恩披里柯转引〕
00187,维特根斯坦,西方,A,怀疑自身需要一种不疑的基础。——《论确实性》§115〔译〕
00188,塞涅卡,西方,B,仁慈优于严苛；统治者的力量，不在使人惧，而在使人服。——《论仁慈·1》〔译〕
00189,苏格拉底,西方,B,若一个人知道了什么是善，就必然会去做善事。——柏拉图《美诺篇》87d〔译〕※
00190,张载,中国,A,至当之谓德，百顺之谓福。——《正蒙·至当》
00191,冯友兰,中国,A,学哲学底目的，是使人作为人能够成为人，而不是使人成为某种人。——《中国哲学简史·绪论》
00192,程颢,中国,A,所谓定者，动亦定，静亦定，无将迎，无内外。——《定性书》（《遗书》卷二上）
00193,董仲舒,中国,A,正其谊不谋其利，明其道不计其功。——《汉书·董仲舒传》（举贤良对策）
00194,王弼,中国,B,夫象者，出意者也。言者，明象者也。——《周易略例·明象》
00195,荀子,中国,A,凡人之患，蔽于一曲而暗于大理。——《荀子·解蔽》
00196,洛克,西方,B,我们对物质实体的知识，远少于对心灵实体的知识。——《人类理解论》卷四·章三·节6〔意译〕
00197,克里希那穆提,印度,B,真理不需要信徒，它需要的是清醒的人。——《智慧的觉醒》〔译〕
00198,康德,西方,B,对他人的义务，始于「不对他人为恶」。——《道德形而上学·德性论》〔译〕
00199,波普尔,西方,A,责任，始于承认我的判断可能带来后果。——《开放社会及其敌人》〔意译〕
00200,黑格尔,西方,B,艺术美高于自然美，因为艺术美是精神的产品。——《美学讲演录》〔译〕
00201,王夫之,中国,B,天道不已，故生生不穷。——《思问录·内篇》 〔意译〕
00202,公孙龙,中国,A,其名正，则唯乎其彼此焉。——《公孙龙子·名实论》
00203,爱比克泰德,西方,A,真正的自由人，是不被任何外力所强迫、不因外物而焦虑的人。——《手册·2》〔意译〕
00204,黄宗羲,中国,A,学者须先立志。——《明儒学案》〔案语，意译〕
00205,奥古斯丁,西方,A,我迟到了爱你，美善永昔永新；你在我身内，我却在外追寻。——《忏悔录·10·27》〔译〕
00206,亚里士多德,西方,B,谁脱离城邦而自足，便非兽即神。——〔译〕《政治学》1253a
00207,董仲舒,中国,B,屈民而伸君，屈君而伸天，《春秋》之大义也。——《春秋繁露·玉杯》
00208,莱布尼茨,西方,B,上帝之城是所有心灵组成的、最完满的共同体。——《单子论》第85节〔意译〕
00209,福柯,西方,B,我们被训诫成「正常」，而正常本身是一种权力的裁决。——《规训与惩罚》〔意译〕
00210,巴门尼德,西方,B,"正义不容""非存在""越界混入""存在""。——〔译〕《论自然》残篇 DK B8（辛普里丘转引）"
00211,福柯,西方,A,我对自己的唯一要求，是从不停止追问。——《知识考古学》〔意译〕
00212,斯宾诺莎,西方,A,人若被情感支配，便是被动的奴隶。——《伦理学》第四部分·命题三十二〔意译〕
00213,康德,西方,A,一切义务，最终都可归结为「自律」这一义务。——《道德形而上学》〔译〕
00214,胡塞尔,西方,B,哲学应当为一切科学提供意义的奠基。——《欧洲科学的危机与超越论的现象学》〔意译〕
00215,陆九渊,中国,A,自立自重，不可随人脚跟，学人言语。——《语录》（卷三十五）
00216,叔本华,西方,A,财富如海水：喝得越多，越觉口渴。——《附录与补遗·人生的智慧》〔译〕
00217,罗素,西方,B,哲学是介于神学与科学之间的东西。——《西方哲学史·序言》〔译〕
00218,孟子,中国,B,得天下有道：得其民，斯得天下矣。——《孟子·离娄上》
00219,吉田兼好,日本,A,心有所主，则外惑不能动。——《徒然草》〔译〕
00220,德谟克利特,西方,A,知足者，虽少而富。——〔译〕《残篇》DK B110（斯托拜乌斯转引）
00221,老子,中国,A,圣人自知不自见，自爱不自贵。——《道德经·第七十二章》
00222,塞涅卡,西方,B,多数人的不幸，来自把「不在己」之事当作「在己」去争夺。——《论生命之短暂·2》〔译〕
00223,塞涅卡,西方,B,社会的太平，来自人人各安其分、各守其约。——《论仁慈·1》〔译〕
00224,莱布尼茨,西方,A,灵魂中总在变化，每一种当下状态都孕育着下一步。——《单子论》第22节〔意译〕
00225,第欧根尼,西方,B,众人所敬者未必值得敬，众人所弃者未必可弃。——〔意译〕《名哲言行录》卷六（据其言论）
00226,孟子,中国,B,仁者无敌。——《孟子·梁惠王上》
00227,第欧根尼,西方,A,我嘲笑为虚名奔忙的人，因为他们忘了自己是谁。——〔意译〕《名哲言行录》卷六（据其嘲讽）
00228,加缪,西方,B,人创造了神，又用神来证明自己的顺从。——《反抗者》〔意译〕
00229,王夫之,中国,A,能兴即谓之豪杰。——《俟解》
00230,阿伦特,西方,B,极权统治的要害，是把整个社会的所有领域都纳入控制。——《极权主义的起源》〔译〕
00231,孙子,中国,A,知己知彼，百战不殆；不知彼而知己，一胜一负；不知彼不知己，每战必殆。——《孙子兵法·谋攻篇》 #self-other
00232,笛卡尔,西方,B,我们应当服从国家的法律与宗教。——《谈谈方法》第三部分（临时道德准则第一条）〔意译〕
00233,黄宗羲,中国,B,有明之无善治，自高皇帝罢丞相始也。——《明夷待访录·置相》
00234,朱熹,中国,B,所谓天理，复是何物？仁义礼智信是也。——《语类》卷十三
00235,赫拉克利特,西方,B,那唯一的、普遍的智慧，知道那驾驭万有的谋划。——〔译〕《残篇》DK B41（克莱门《杂记》转引）
00236,马克思,西方,A,对现存的一切进行无情的批判，主要是在批判的实践中。——《德意志意识形态》〔译〕
00237,维特根斯坦,西方,A,私人语言是不可能的：我不能拥有一种只有自己能懂的语言。——《哲学研究》§243〔译〕
00238,道元,日本,B,三世诸佛，在众生心中显现。——《正法眼藏·仏法》
00239,韩非,中国,B,智术之士，必远见而明察，不明察不能烛私。——《韩非子·孤愤》
00240,阿伦特,西方,B,权力属于群体，当它散去，权力也随之消失。——《论革命》〔译〕
00241,李贽,中国,B,圣人不责人之必能，是以人人皆可以为圣。——《焚书·答耿中丞》
00242,爱比克泰德,西方,B,当他人冒犯你，先想：他是否也受制于那不由他选择的判断？若是，他便值得怜悯而非愤怒。——《手册·18》〔意译〕
00243,孟子,中国,A,人有不为也，而后可以有为。——《孟子·离娄下》
00244,公孙龙,中国,B,暴则君臣争而两明也，两明者，昏不明，非正举也。——《公孙龙子·通变论》
00245,赫拉克利特,西方,A,最优秀的人，于万事后以荣誉为先。——〔译〕《残篇》DK B121（第欧根尼·拉尔修 IX.5 转引）
00246,孙子,中国,B,故杀敌者，怒也；取敌之利者，货也。——《孙子兵法·作战篇》
00247,克里希那穆提,印度,B,传统若不经检验，便是枷锁。——《克里希那穆提讲演录》〔译〕
00248,墨子,中国,B,强必富，不强必贫；强必饱，不强必饥。——《墨子·非命下》
00249,郭象,中国,A,夫唯无其知而任天下之自为，故驰万物而不穷。——《庄子注·在宥》
00250,墨子,中国,A,善无主于心者不留，行莫辩于身者不立。——《墨子·修身》
00251,商鞅,中国,A,故圣人明君者，非能尽其万物也，知万物之要也。——《商君书·农战》
00252,韩非,中国,B,明主之所导制其臣者，二柄而已矣。二柄者，刑德也。——《韩非子·二柄》
00253,僧肇,中国,B,故《成具》云：菩萨处计常之中，而演非常之教。——《物不迁论》
00254,密尔,西方,A,一个人的性格，若只是模仿他人，便失去做人一半的意义。——《论自由·第三章》〔译〕
00255,僧肇,中国,A,不疾而速，不行而至。——《般若无知论》
00256,商羯罗,印度,A,无明非实有、非全无，如翳病，治则自除。——《梵经注·卷二》〔译〕
00257,第欧根尼,西方,A,贫困是易于获得的德性；诸神把生活必需的廉价，人却以奢侈毁了。——〔译〕《名哲言行录》卷六·31
00258,笛卡尔,西方,A,我在怀疑，因此我可能错；但「我在思维」这一点，是绝对确定的。——《第一哲学沉思集》第二沉思〔意译〕
00259,顾炎武,中国,A,君子之学，死而后已。——《亭林文集》 〔意译〕
00260,萨特,西方,B,人创造制度，也可能被制度吞噬。——《辩证理性批判》〔意译〕
00261,黑格尔,西方,A,自我意识的真理，是它自己的确定性。——《精神现象学》〔译〕
00262,慧能,中国,B,色类自有道，离道别觅道；觅道不见道，到头还自恼。——《坛经·无相颂》（宗宝本） ⚠️
00263,顾炎武,中国,B,孰知今日之清谈，有甚于前代者。——《日知录·夫子之言性与天道》
00264,柏拉图,西方,A,灵魂若与身体同在，便被身体的需要与情感所扰，难以求得纯然的真实。——〔译〕《斐多》66c—67a
00265,郭象,中国,B,死生无异，故曰无所终穷。——《庄子注·知北游》
00266,韩非,中国,A,欲刚，必以柔守之；欲强，必以弱保之。——《韩非子·喻老》
00267,李贽,中国,A,夫童心者，真心也；若以童心为不可，是以真心为不可也。——《焚书·童心说》
00268,墨子,中国,B,视人之国若视其国，视人之家若视其家，视人之身若视其身。——《墨子·兼爱中》
00269,德谟克利特,西方,B,众多世界生而又灭，循环不息。——〔译〕《残篇》DK B（第欧根尼·拉尔修 IX 转引）
00270,加缪,西方,B,真正的爱，是对他人脆弱的承认。——《鼠疫》〔意译〕
00271,第欧根尼,西方,A,"我白昼提着灯，在市集里寻找一个""真正的人""。——〔译〕《名哲言行录》卷六·41"
00272,墨子,中国,A,名不徒生，而誉不自长。——《墨子·修身》
00273,商羯罗,印度,B,天、地、空皆梵之相，非异于梵。——《伊莎奥义书注》〔译〕
00274,福柯,西方,B,规训社会把人安置进格子，使每个人都可被计算、被校正。——《规训与惩罚》〔意译〕
00275,韩非,中国,A,万物莫不有规矩。——《韩非子·解老》
00276,爱比克泰德,西方,A,你是一出戏中的演员，剧本由导演分配；他给你短的角色，你就演短的，给你长的，你就演长的。——《手册·17》〔译〕
00277,荀子,中国,B,义以分则和，和则一，一则多力，多力则强。——《荀子·王制》
00278,熊十力,中国,B,虚妄之见，生于执相而昧体。——《新唯识论·卷下》 〔意译〕
00279,熊十力,中国,A,心物非二。——《新唯识论·卷下》
00280,鲁米,伊斯兰波斯,A,在「对」「错」的想法之外，有一片原野，我将在那里与你相会。——《玛斯纳维·卷三》〔译〕
00281,康德,西方,B,没有内容的思想是空的，没有概念的直观是盲的。——《纯粹理性批判》（A51/B75）〔译〕
00282,康德,西方,B,理性的公开运用，必须是完全自由的。——《答复这个问题：什么是启蒙》（1784）〔译〕
00283,福柯,西方,B,人文学科对「人」的颂扬，恰恰发生在「人」即将消失之际。——《词与物·结语》〔意译〕
00284,释迦牟尼,印度,B,此有故彼有，此生故彼生；此无故彼无，此灭故彼灭。——《杂阿含经·卷十二》（缘起偈）
00285,嵇康,中国,A,心不存乎矜尚，故能越名教而任自然；情不系于所欲，故能审贵贱而通物情。——《释私论》
00286,陆九渊,中国,B,唐、虞之时，比屋可封；桀、纣之时，比屋可诛。——《语录》
00287,张载,中国,B,两不立，则一不可见；一不可见，则两之用息。——《正蒙·参两》
00288,尼采,西方,B,国家是一切冷酷怪物中最冷酷的。它说谎：「我，国家，就是人民。」——《查拉图斯特拉如是说·论新的偶像》
00289,朱熹,中国,B,穷理亦多端：或读书讲明义理，或论古今人物别其是非，或应接事物而处其当然。——《语类》卷十八
00290,安萨里,伊斯兰波斯,B,语言是思想的容器，容器破则酒洒。——《宗教学科的复兴》〔译〕
00291,伊壁鸠鲁,西方,B,原子与虚空实存，此外别无。——〔译〕《致希罗多德的信》LH
00292,罗素,西方,B,哲学应当被研究，不是为了它给出的确定答案，而是为了它提出的问题。——《哲学问题》〔译〕
00293,尼采,西方,B,现代人是一个碎片、一个断指、一个残缺不全的人。——《查拉图斯特拉如是说·论救赎》〔意译〕
00294,孟子,中国,B,得道者多助，失道者寡助。——《孟子·公孙丑下》
00295,墨子,中国,B,百工为方以矩，为圆以规，直以绳，正以悬。——《墨子·法仪》
00296,罗素,西方,B,婚姻制度若不随社会条件变化，便会成为压抑的源头。——《婚姻与道德》〔译〕
00297,冯友兰,中国,A,人生境界，由低而高，可分为四种：自然境界、功利境界、道德境界、天地境界。——《新原人·第一章》
00298,胡塞尔,西方,B,所谓外部世界，是超越于内在被给予性的「超越者」。——《纯粹现象学通论》§44〔译〕
00299,张载,中国,A,观书者，释己之疑，明己之未达。——《张子语录》
00300,王阳明,中国,B,圣人之所以为圣，只是其心纯乎天理而无人欲之杂。——《传习录》上
00301,尼采,西方,A,一个人成熟的标志，是重新找回童年游戏时的那份认真。——《善恶的彼岸》箴言94〔意译〕
00302,加缪,西方,A,人应当成为自己荒诞的主人。——《西西弗神话》〔意译〕
00303,韩非,中国,B,故明主之国，无书简之文，以法为教；无先王之语，以吏为师。——《韩非子·五蠹》
00304,王阳明,中国,B,天地万物，与人原是一体。其发窍之最精处，是人心一点灵明。——《传习录》下
00305,康德,西方,A,一个人若以说谎来图利，便在根本上放弃了作为理性存在者的尊严。——《论出于道德理由说谎的所谓权利》（1797）〔译〕
00306,王弼,中国,A,知人者，智而已矣，未若自知者，超智之上也。——《老子注·三十三章》
00307,顾炎武,中国,A,博学于文，行己有耻。——《亭林文集·与友人论学书》
00308,雅斯贝尔斯,西方,B,政治权力若僭越为绝对，便成为新的偶像。——《时代的精神状况》〔意译〕
00309,莱布尼茨,西方,B,上帝是原始单子，是万物之根源。——《单子论》第47节〔意译〕
00310,波普尔,西方,B,我们的知识只能是有限的，而我们的无知必然是无限的。——《猜想与反驳》〔译〕
00311,商鞅,中国,A,故先王不淫意于法之外，不为惠于法之内。——《商君书·修权》
00312,释迦牟尼,印度,B,五戒者：不杀生、不偷盗、不邪淫、不妄语、不饮酒。——《杂阿含经·卷三十三》
00313,韩非,中国,B,万乘之患，大臣太重；千乘之患，左右太信：此人主之所公患也。——《韩非子·孤愤》
00314,董仲舒,中国,B,君臣、父子、夫妇之义，皆取诸阴阳之道。——《春秋繁露·基义》
00315,朱熹,中国,A,古之君子，学以为己。——《语类》
00316,海亚姆,伊斯兰波斯,B,狮子与蜥蜴践踏往日宫殿。——《鲁拜集》〔译〕
00317,商羯罗,印度,B,梵无始无终、无内无外、无方无处，唯是「存在—觉知—极喜」（sat-cit-ānanda）。——商羯罗《梵经注》〔译〕
00318,顾炎武,中国,B,国家之患，莫大于用小人而弃君子。——《日知录》 〔意译〕
00319,胡塞尔,西方,A,先验自我是一切意义与存在认定的最终源头。——《纯粹现象学通论》§97〔译〕
00320,阿伦特,西方,A,思想，是「我」与「我自己」之间那场无声的对话。——《精神生活·思维》〔译〕
00321,康德,西方,B,共和国的政体，是唯一完全符合人类权利的宪政。——《永久和平论》（1795）〔译〕
00322,马可·奥勒留,西方,B,人们做出恶行，是因为不知道什么是善；一旦明白，就不会再犯。——《沉思录》卷十一·18 前后〔意译〕
00323,庄子,中国,A,唯道集虚。虚者，心斋也。——《庄子·人间世》
00324,加缪,西方,A,我宁愿要荒谬的清醒，不要舒适的盲信。——《西西弗神话》〔意译〕
00325,克尔凯郭尔,西方,A,至高的爱，是把一个人当作他应当成为的样子来爱。——《爱的作为》（本名）〔译〕
00326,苏格拉底,西方,B,无知的根源，在于以为自己知道。——柏拉图《申辩篇》29b〔译〕
00327,福柯,西方,A,我把写作当作一种实验，而非一种宣告。——《言与文》〔意译〕
00328,阿奎那,西方,A,节制是理性的守护；它约束那逾矩的欲。——《神学大全·II-II·q.141·a.1》〔译〕
00329,鲁米,伊斯兰波斯,A,沉默是神的言语，其余皆是蹩脚的翻译。——《玛斯纳维·卷六》〔译〕
00330,庄子,中国,A,朴素而天下莫能与之争美。——《庄子·天道》
00331,慧能,中国,A,世人性本清净，万法在自性。——《坛经》（敦煌本）
00332,笛卡尔,西方,A,心灵的知觉比身体的知觉更可靠。——《第一哲学沉思集》第二沉思〔意译〕
00333,朱熹,中国,B,虽是人欲，亦天理也（天理人欲，同行异情）。——《语类》卷十三
00334,陆九渊,中国,A,不患其无才，患其无识。——《语录》（卷三十五）
00335,马可·奥勒留,西方,A,常常问问自己：这件事对我而言是必要的吗？——不必做不必要的事，会省下许多烦恼。——《沉思录》卷四·24〔意译〕
00336,伊壁鸠鲁,西方,B,快乐的界限，在于痛苦的消除；越过此限，快乐不再增益。——〔译〕《主要学说》KD 3
00337,克里希那穆提,印度,A,只要你还在比较，就永远有冲突。——《重新认识你自己》〔译〕
00338,维特根斯坦,西方,B,规则的意义由共同体实践所固定。——《哲学研究》§240〔译〕
00339,帕斯卡,西方,B,时间是吞噬一切的河流，名誉与帝国亦不能幸免。——《思想录》〔意译〕⚠️
00340,孔子,中国,B,温故而知新，可以为师矣。——《论语·为政》
00341,王充,中国,A,人才有高下，知物由学，学之乃知，不问不识。——《论衡·实知》
00342,休谟,西方,B,德性的价值在于它带来的效用与愉悦。——《道德原则研究》〔意译〕
00343,朱熹,中国,A,循序而渐进，熟读而精思。——《读书之要》
00344,维特根斯坦,西方,A,自我不是实体，而是语言游戏中的占位。——《哲学研究》〔意译〕
00345,王充,中国,A,操行有常贤，仕宦无常遇。——《论衡·逢遇》
00346,塞涅卡,西方,B,人与人靠共同的约定（法律与习俗）相连；你既享其利，便当守其约。——《论恩惠·1·4》〔译〕
00347,加缪,西方,A,我的幸福是朴素的：阳光、海、与当下的身体。——《西西弗神话》〔意译〕
00348,波普尔,西方,B,国家是为了保护公民而设，而非公民为国家而存在。——《开放社会及其敌人》〔意译〕
00349,克里希那穆提,印度,A,自我形象，是人与人之间冲突的根源。——《重新认识你自己》〔译〕
00350,加缪,西方,B,当世界沉默，人必须自己说话。——《反抗者》〔意译〕
00351,阿伦特,西方,A,真正的自由，始于我不再把责任推给历史。——《责任与判断》〔意译〕
00352,维特根斯坦,西方,A,心灵的「内在」是语法构造，不是一个待窥探的房间。——《哲学研究》§428〔译〕
00353,孟子,中国,A,君子深造之以道，欲其自得之也。——《孟子·离娄下》
00354,朱熹,中国,B,天下未有无理之气，亦未有无气之理。——《语类》卷一
00355,加缪,西方,B,社会对默尔索的审判，审判的是他的「不表演」。——《局外人》〔意译〕
00356,李贽,中国,B,夫圣人之为心，公而已矣。——《焚书》
00357,商羯罗,印度,A,自我光耀，不假外照，如灯自明，无待他缘。——《伊莎奥义书注》〔译〕
00358,密尔,西方,B,公共舆论，应当被倾听，但不应被神化。——《论自由·第四章》〔译〕
00359,伊壁鸠鲁,西方,B,正义对所有人都相同，因为它是对互利的一种约定。——〔译〕《主要学说》KD 36
00360,程颢,中国,A,学者今日无可添，只有可减，减尽便没事。——《遗书》卷二上
00361,萨特,西方,A,价值的源头不在天，而在我的自由筹划。——《存在主义是一种人道主义》〔译〕
00362,僧肇,中国,B,然则万物果有其所以不有，有其所以不无。——《不真空论》
00363,帕斯卡,西方,A,人渴望真理，却又逃避认识自己。——《思想录》L131〔意译〕
00364,吉田兼好,日本,A,老而知足，是晚境之福。——《徒然草》〔译〕
00365,阿伦特,西方,A,我一生从未「爱过」任何民族或集体，我爱的只是我的朋友。——《作为贱民的犹太人》〔译〕
00366,爱比克泰德,西方,A,你能在什么事物上成为不可战胜？在你不投入任何胜负不在自己手中的争斗时。——《手册·17》〔意译〕
00367,王充,中国,B,夫精念存想，或泄于目，或泄于口，或泄于耳。——《论衡·订鬼》
00368,赫拉克利特,西方,B,多数人，即使撞见了，也不理解所遇之事，也不懂得自己所经历的；而自以为懂得。——〔译〕《残篇》〔⚠️ 义近归纳，非独立残篇；据 B17〕
00369,克里希那穆提,印度,A,欲望是感官的冲动，爱不是欲望。——《重新认识你自己》〔译〕
00370,程颐,中国,B,格犹穷也，物犹理也，犹曰穷其理而已也。——《遗书》卷二十五
00371,道元,日本,B,一期一会，聚散皆时。——《正法眼藏·有時》
00372,萨特,西方,A,我的可能性比我的现实更本真。——《存在与虚无》〔意译〕
00373,伊壁鸠鲁,西方,A,须常念终始：起点是生，终点是死。——〔译〕《主要学说》KD 22
00374,安萨里,伊斯兰波斯,B,智者于顺逆皆见主之恩与试。——《宗教学科的复兴》〔译〕
00375,商鞅,中国,A,疑行无成，疑事无功。——《商君书·更法》
00376,尼采,西方,A,精神如何变成骆驼，骆驼如何变成狮子，狮子如何变成孩子。——《查拉图斯特拉如是说·论三种变形》
00377,叔本华,西方,A,禁欲，是对意志的否定，是解脱之路。——《作为意志和表象的世界·第四篇》〔译〕
00378,朱熹,中国,A,昨夜江边春水生，艨艟巨舰一毛轻。向来枉费推移力，此日中流自在行。——《观书有感二首》
00379,荀子,中国,A,岁不寒无以知松柏，事不难无以知君子。——《荀子·大略》
00380,密尔,西方,A,真正的自由，是从权威与传统中独立出来的思考。——《论自由·第二章》〔译〕
00381,莱布尼茨,西方,B,世界是一切可能世界中最好的。——《单子论》第53节 / 《神义论》〔意译〕
00382,阿伦特,西方,B,劳动，是对应于人体生物过程的那种活动。——《人的境况》〔译〕
00383,朱熹,中国,A,三到之中，心到最急。心既到矣，眼口岂不到乎？——《训学斋规》
00384,密尔,西方,B,正义，是功利在权利领域的体现。——《功利主义·第五章》〔译〕
00385,吉田兼好,日本,B,贵人易骄，布衣多真。——《徒然草》〔译〕
00386,休谟,西方,A,信念不是理性的结论，而是生动观念的习惯性倾向。——《人性论》卷一·部三·章十〔意译〕
00387,马可·奥勒留,西方,B,不要指望人类立刻变好；看到恶行时，想想你自己也有类似弱点。——《沉思录》卷十·30 前后〔意译〕
00388,程颢,中国,A,云淡风轻近午天，傍花随柳过前川。时人不识余心乐，将谓偷闲学少年。——《春日偶成》
00389,萨特,西方,B,人不能脱离处境而谈自由。——《存在主义是一种人道主义》〔译〕
00390,克里希那穆提,印度,B,教育的目的，在于培养完整而自由的人，而非有用的机器。——《一生的学习》〔译〕
00391,帕斯卡,西方,B,上帝在心里被感知，而非在理性中被证明。——《思想录》L424〔意译〕
00392,王夫之,中国,A,义者，心之裁制也。——《读通鉴论》 〔意译〕
00393,休谟,西方,B,人天生是社会的存在，孤立的个人无法完满。——《人性论》卷三·部二·章二〔意译〕
00394,克里希那穆提,印度,B,冲突的止息不在外部，而在内在觉知的转化。——《重新认识你自己》〔译〕
00395,王夫之,中国,B,势之顺者，即理之当然。——《读通鉴论》 〔意译〕
00396,巴门尼德,西方,B,凡人所见的光与暗、火与土，只是名目，而非真相。——〔译〕《论自然》残篇 DK B8（辛普里丘转引）
00397,柏拉图,西方,A,我宁可死上多次，也不愿背弃哲学、向你们谄媚。——〔译〕《申辩》37e
00398,马克思,西方,A,实践，是检验思维真理性的标准。——《关于费尔巴哈的提纲》第二条〔译〕
00399,荀子,中国,B,礼恭，而后可与言道之方。——《荀子·劝学》
00400,莱布尼茨,西方,B,一切可能事物都在神的理智中有其位置。——《神义论》〔意译〕
00401,克里希那穆提,印度,B,宗教组织把真理变成了公式。——《克里希那穆提讲演录》〔译〕
00402,释迦牟尼,印度,A,比丘，当调伏其心，制御其心，令得寂静。——《杂阿含经·卷九》
00403,斯宾诺莎,西方,A,我的幸福在于对神的理智之爱。——《知性改进论》〔意译〕
00404,雅斯贝尔斯,西方,A,实存之光照亮自身，也照亮它在世界中的位置。——《哲学》〔意译〕
00405,朱熹,中国,A,立志不定，如何读书？——《语类》
00406,密尔,西方,A,思想与讨论的自由，是发现真理的前提。——《论自由·第二章》〔译〕
00407,孙子,中国,A,故将有五危：必死，可杀也；必生，可虏也；忿速，可侮也；廉洁，可辱也；爱民，可烦也。——《孙子兵法·九变篇》
00408,赫拉克利特,西方,A,人于夜间为自身点起灯火，他熄灭了视觉之光，于活着的死亡中触到沉睡者；醒时则触到睡眠者。——〔译〕《残篇》DK B26（克莱门《杂记》转引）
00409,吉田兼好,日本,A,世人多溺于名利，未知闲居之味。——《徒然草》〔译〕
00410,塞涅卡,西方,A,苦难来时，智者不问「为何是我」，只问「我当在其中守持什么」。——《论心灵的宁静·11》〔译〕
00411,苏格拉底,西方,A,德性即知识；无人自愿作恶。——柏拉图《普罗泰戈拉篇》345d、358c（核心命题）
00412,熊十力,中国,B,万物同源，一本万殊。——《新唯识论·卷上》 〔意译〕
00413,苏格拉底,西方,A,宁可承受不义，也不去做不义之事。——柏拉图《高尔吉亚篇》469c〔译〕※
00414,维特根斯坦,西方,A,我死了，世界并不消失，只是不再对我显现。——《逻辑哲学论》6.431〔意译〕
00415,海亚姆,伊斯兰波斯,A,智者知止，愚者求全而失其乐。——《鲁拜集》〔译〕
00416,萨特,西方,B,历史没有预定和谐，它充满斗争与匮乏。——《辩证理性批判》〔译〕
00417,爱比克泰德,西方,A,你为某人哀泣时，哀的不是那人，而是你自己的损失；把哀伤也看作一种表象。——《手册·3》〔意译〕
00418,雅斯贝尔斯,西方,B,此后人类历史的每一次飞跃，都回望轴心时代的精神突破。——《历史的起源与目标》〔译〕
00419,张载,中国,B,地纯阴，凝聚于中；天浮阳，运旋于外。——《正蒙·参两》
00420,德谟克利特,西方,A,对智慧者而言，整个大地都是敞开的；良善灵魂的故乡，是整全的世界。——〔译〕《残篇》DK B42（斯托拜乌斯转引）
00421,奥古斯丁,西方,A,你造我们是为了你自己，我们的心如不安息在你怀中，便不得安宁。——《忏悔录·1·1》〔译〕
00422,巴门尼德,西方,B,纤弱的月亮，总在追逐太阳之光。——〔译〕《论自然》残篇 DK B14（辛普里丘转引）
00423,帕斯卡,西方,A,没有上帝，人就只剩一根无依无靠、随风漂泊的芦苇。——《思想录》L131〔意译〕
00424,僧肇,中国,B,伤人谓少壮同体，百龄一质，徒知年往，不觉形随。——《物不迁论》
00425,阿伦特,西方,B,多数恶行，出自那些从未决定自己要善还是要恶的人。——《精神生活》〔译〕
00426,康德,西方,A,人的尊严，在于他能遵从那无条件的命令。——《道德形而上学奠基》〔译〕
00427,马可·奥勒留,西方,A,你不必期待十全十美，但必须不断回到正路。——《沉思录》卷五·9〔意译〕
00428,海亚姆,伊斯兰波斯,B,一卷诗下，万卷经空。——《鲁拜集》〔译〕
00429,雅斯贝尔斯,西方,A,存在（Existenz）不是现成之物，而是我在自由中成为自己的过程。——《哲学》〔意译〕
00430,克尔凯郭尔,西方,A,一个成熟的人，是能承担自己之「不可能性」的人。——《致死的疾病》（Anti-Climacus）〔译〕
00431,雅斯贝尔斯,西方,A,人若要成为自己，必须敢于在孤独中站立。——《论真理》〔意译〕
00432,巴门尼德,西方,A,思想与那为思想而存在的东西，是同一的。——〔译〕《论自然》残篇 DK B8（辛普里丘转引）
00433,熊十力,中国,B,万物各正性命，而统于一元。——《新唯识论·卷上》 〔意译〕
00434,爱比克泰德,西方,A,若有人告诉你某人在说你坏话，不要辩解，只说：他不知我别的过错，否则不会只说这些。——《手册·26》〔译〕
00435,尼采,西方,A,一切写作，我只爱那用人血写成的。——《查拉图斯特拉如是说·论阅读与写作》
00436,龙树,印度,A,毕竟空中，无智亦无得，是为般若究竟行。——《大智度论·卷八十五》〔意译〕
00437,巴门尼德,西方,B,它圆满无缺，宛如滚圆的球体，从中心到各处等距。——〔译〕《论自然》残篇 DK B8（辛普里丘转引）
00438,王阳明,中国,B,求之于心而是也，虽其言之出于庸常，不敢以为非也。——《答罗整庵少宰书》
00439,帕斯卡,西方,A,心有其理，是理性所不认识的。——《思想录》L397〔意译〕
00440,郭象,中国,B,夫物有自然，非为之所能致也。——《庄子注·天道》
00441,第欧根尼,西方,A,认识自己的需要，远比认识他人的财富重要。——〔意译〕《名哲言行录》卷六（据其言论）
00442,慧能,中国,A,世人终日口念般若，不识自性般若。——《坛经》（敦煌本）
00443,吉田兼好,日本,A,知足者，贫亦乐；贪婪者，富亦忧。——《徒然草》〔译〕
00444,鲁米,伊斯兰波斯,A,你若清晨不起身，便听不见黎明的密语。——《玛斯纳维·卷一》〔译〕
00445,笛卡尔,西方,B,我们的列举与审查必须周详，以至于没有遗漏。——《谈谈方法》第二部分（方法规则四）
00446,斯宾诺莎,西方,B,我们关于神的知识，正是神对自己的知识的有限部分。——《伦理学》第五部分·命题三十六附释〔意译〕
00447,克尔凯郭尔,西方,A,焦虑，是自由之可能性的实存性感受。——《焦虑的概念》（Vigilius Haufniensis）〔译〕
00448,商羯罗,印度,A,静虑者心住于梵、无有动摇，是名瑜伽究竟。——《薄伽梵歌注·卷六》〔译〕
00449,亚里士多德,西方,A,只有自愿者方受称誉或责备；非自愿之举可原谅。——〔译〕《尼各马可伦理学》1110b—1111a、1144a
00450,罗素,西方,B,柏拉图的理念论，是把抽象概念误当作独立实体的典型。——《西方哲学史》〔译〕
00451,王弼,中国,A,夫耳目口心，皆顺其性也；不以顺性命，反以伤自然，故曰盲、聋、爽、狂也。——《老子注·十二章》
00452,牟宗三,中国,B,知性之域，待辨解而明；实体之域，待证会而彻。——《智的直觉与中国哲学》 〔意译〕
00453,密尔,西方,A,天才的生长，需要个性得以伸展的土壤。——《论自由·第三章》〔译〕
00454,孟子,中国,A,生，亦我所欲也；义，亦我所欲也。二者不可得兼，舍生而取义者也。——《孟子·告子上》
00455,孔子,中国,B,老者安之，朋友信之，少者怀之。——《论语·公冶长》
00456,马克思,西方,A,在改造世界的实践中，人改变着自己的本性。——《德意志意识形态》〔译〕
00457,韩非,中国,B,赏罚者，邦之利器也，在君则制臣，在臣则胜君。——《韩非子·喻老》
00458,郭象,中国,A,夫形骸者，无知之质；神者有知之主。——《庄子注·德充符》
00459,孔子,中国,A,不患无位，患所以立；不患莫己知，求为可知也。——《论语·里仁》
00460,道元,日本,A,身心一如，则动静不二。——《正法眼藏·身心学道》
00461,荀子,中国,A,涂之人可以为禹。——《荀子·性恶》
00462,周敦颐,中国,B,一动一静，互为其根；分阴分阳，两仪立焉。——《太极图说》
00463,帕斯卡,西方,A,人既知道自己的伟大，又知道自己的悲惨，这双重知识使他痛苦。——《思想录》L114〔意译〕
00464,斯宾诺莎,西方,A,自由的人绝少想到死；他的智慧是对生命的沉思，而非对死的默想。——《伦理学》第四部分·命题十七附释〔译〕
00465,王夫之,中国,B,任法不如任人。——《读通鉴论》
00466,商鞅,中国,B,凡人主之所以劝民者，官爵也。——《商君书·农战》
00467,叔本华,西方,B,国家与法律，是必要的恶，用以限制意志的互相侵害。——《论道德的基础》〔译〕
00468,巴门尼德,西方,B,那不动摇的真理之心，与飘忽的意见，判然有别。——〔译〕《论自然》残篇 DK B1（辛普里丘转引）
00469,郭象,中国,A,死生，命也；其有夜旦之常，天也。——《庄子注·大宗师》
00470,海德格尔,西方,B,现代人的无家可归，源于存在之被遗忘。——《林中路》〔意译〕
00471,莱布尼茨,西方,A,我若能清楚意识到自己的思想，我便有了理性。——《单子论》第61节〔意译〕
00472,商鞅,中国,A,故明主不恃其不我叛也，恃吾不可叛也；不恃其不我欺也，恃吾不可欺也。——《商君书·画策》
00473,萨特,西方,B,他人是我的自由之界的揭示者。——《存在与虚无》〔译〕
00474,洛克,西方,B,实体是我们假定为属性之支撑的未知基底。——《人类理解论》卷二·章廿三·节2〔意译〕
00475,陆九渊,中国,A,心不可汩于事，事不可挠于心。——《语录》（卷三十五）
00476,苏格拉底,西方,B,修辞若只用于取悦听众而不求真理，就是奉承。——柏拉图《高尔吉亚篇》463a 以下〔译〕※
00477,尼采,西方,B,"根本不存在「事实」，只有解释。——尼采遗稿（KSA 12, 7[60]）⚠️〔常被误归为《权力意志》〕"
00478,嵇康,中国,A,托好老庄，贱物贵身，志在守朴，养素全真。——《与山巨源绝交书》
00479,陆九渊,中国,B,此道充塞宇宙，天地所不能违，而况于人乎？——《语录》
00480,熊十力,中国,A,吾人当以天地万物为一体。——《原儒·卷首》 〔意译〕
00481,苏格拉底,西方,A,节制的本质，是成为自己的主人。——柏拉图《理想国》430e 以下〔译〕※
00482,荀子,中国,A,虚壹而静。——《荀子·解蔽》
00483,雅斯贝尔斯,西方,A,良知是我在临界处境中听见的内在召唤。——《哲学》〔意译〕
00484,亚里士多德,西方,B,怜悯是对他人不应遭逢之祸的想象，且似将及于己。——〔译〕《修辞学》1385b—1386a
00485,商鞅,中国,B,国之所以兴者，农战也。——《商君书·农战》
00486,马可·奥勒留,西方,B,观察星辰的运行，如同与它们一同前行。——《沉思录》卷七·47〔意译〕
00487,巴门尼德,西方,B,广阔的苍天脱胎于以太，并自其中分得光热。——〔译〕《论自然》残篇 DK B17（辛普里丘转引）
00488,慧能,中国,A,自性无非、无乱、无痴。——《坛经》（敦煌本）
00489,伊壁鸠鲁,西方,A,智者即便身陷桎梏，依旧自由。——〔译〕《梵蒂冈格言集》VS 63
00490,朱熹,中国,A,读书记得，不如晓得；晓得，不如做得。——《语类》
00491,福柯,西方,B,性经验并非被压抑，而是被「部署」为一个被反复生产的话语对象。——《性史·第一卷》〔译〕
00492,塞涅卡,西方,A,节制不是禁绝，而是把欲求收束于理性许可之内。——《论幸福生活·1》〔译〕
00493,伊壁鸠鲁,西方,B,无物能生于无；凡生者皆有前在之因。——〔译〕《致希罗多德的信》LH
00494,笛卡尔,西方,A,在我心里有一个上帝的观念，它比我自己的观念更伟大、更完满。——《第一哲学沉思集》第三沉思〔意译〕
00495,张载,中国,A,不愧屋漏为无忝。——《西铭》
00496,马可·奥勒留,西方,A,一个人越接近自己的内心，就越接近宇宙的理性。——《沉思录》卷六·11〔意译〕
00497,加缪,西方,A,人对自身的遗忘，是一切异化的开端。——《反抗者》〔意译〕
00498,加缪,西方,A,我活成一个问题，而非一个答案。——《笔记》〔意译〕
00499,公孙龙,中国,A,故龙以子之言有似齐王。——《公孙龙子·迹府》
00500,黑格尔,西方,A,教育的本质，是使人从自然性过渡到精神性。——《精神现象学》〔译〕
00501,熊十力,中国,A,翕辟成变。——《新唯识论·卷上》
00502,马可·奥勒留,西方,A,若你因外在之事而痛苦，困扰你的不是这件事本身，而是你对它的判断。而这个判断，你随时可以撤销。——《沉思录》卷八·47
00503,冯友兰,中国,A,死生亦大矣，而能觉解者，可于其中见天理之常。——《新原人》 〔意译〕
00504,马可·奥勒留,西方,B,你无法控制别人的想法，但你能控制自己的反应。——《沉思录》卷十二·19〔意译〕
00505,莱布尼茨,西方,A,我思，因而我是一个能表象宇宙的单纯实体。——《单子论》第30节〔意译〕
00506,海亚姆,伊斯兰波斯,A,月缺月圆，人世代谢，唯醉乡无愁。——《鲁拜集》〔译〕
00507,苏格拉底,西方,B,不义的人，其灵魂内部是分裂与冲突的。——柏拉图《理想国》444a 以下〔译〕※
00508,王夫之,中国,A,知之真者，由行而得。——《尚书引义·说命中》 〔意译〕
00509,道元,日本,B,佛性者，山河草木悉皆成佛。——《正法眼藏·佛性》
00510,王阳明,中国,A,心之所发便是意，意之本体便是知，意之所在便是物。——《传习录》上
00511,周敦颐,中国,A,君子乾乾，不息于诚，然必惩忿窒欲，迁善改过而后至。——《通书·干损益动》
00512,王弼,中国,A,胜人者，有力而已矣；自胜者，非力之所能也，故强。——《老子注·三十三章》
00513,奥古斯丁,西方,B,离了上帝，便无真正的正义；真义唯存于以上帝为至善之团契。——《上帝之城·19·21》〔译〕
00514,笛卡尔,西方,A,我思故我在。——《谈谈方法》第四部分 / 《第一哲学沉思集》第二沉思
00515,笛卡尔,西方,B,上帝是永恒、无限、全知、全能、万物的创造者。——《哲学原理》第一部分·§22〔意译〕
00516,阿奎那,西方,A,人当爱己，但所爱之己，是那依神形象而被造、可归于神的己。——《神学大全·II-II·q.25·a.4》〔译〕
00517,陆九渊,中国,B,此理在宇宙间，固不以人之力而加损。——《语录》
00518,加缪,西方,A,我的反抗始于对自身命运的不甘。——《反抗者》〔意译〕
00519,斯宾诺莎,西方,A,我受被动情感激动时，只要同时形成清楚的观念，所受的苦便减少。——《伦理学》第三部分·命题五十九〔意译〕
00520,雅斯贝尔斯,西方,A,我之为我，不在于生物性，而在于能超越自身有限性。——《论真理》〔意译〕
00521,洛克,西方,A,人心的运用比人心的天赋更重要。——《人类理解论》卷一·章二·节12〔意译〕
00522,第欧根尼,西方,B,所谓文明，常是装饰过的野蛮。——〔意译〕《名哲言行录》卷六（据其批判）
00523,商羯罗,印度,A,自我之乐非由外境，唯由内证寂静而得。——《伊莎奥义书注》〔译〕
00524,公孙龙,中国,B,右有与，可谓变乎？曰：可。——《公孙龙子·通变论》
00525,叔本华,西方,B,制度可以约束行为，却改不了意志。——《论道德的基础》〔译〕
00526,嵇康,中国,B,夫明胆殊用，不能相生。——《明胆论》
00527,萨特,西方,B,革命是群体为夺回主体性而作的实践。——《辩证理性批判》〔意译〕
00528,康德,西方,B,世界整体作为理念，不能被经验所穷尽。——《纯粹理性批判·先验辩证论》〔译〕
00529,安萨里,伊斯兰波斯,A,真正的自由，是摆脱私欲之奴役。——《宗教学科的复兴》〔译〕
00530,罗素,西方,A,不拥有某些你想要的东西，是幸福的必要条件。——《幸福之路》〔译〕
00531,叔本华,西方,B,新闻与闲谈，是平庸者的食粮。——《附录与补遗·论独处》〔译〕
00532,安萨里,伊斯兰波斯,B,哲学家（法拉比、伊本·西那）在若干根本问题上，已离伊斯兰信条。——《哲学家的矛盾》〔译〕
00533,孟子,中国,B,亲亲而仁民，仁民而爱物。——《孟子·尽心上》
00534,雅斯贝尔斯,西方,B,人类若失去对超越的敬畏，便陷入彻底的空虚。——《论真理》〔意译〕
00535,熊十力,中国,B,学术者，天下之公器。——《十力语要·卷四》 〔意译〕
00536,笛卡尔,西方,B,真正的物理学应当像几何学一样，从不可怀疑的原理推导。——《谈谈方法》第六部分〔意译〕
00537,道元,日本,A,但得身心脱落，坐禅办道。——《普劝坐禅仪》
00538,鲁米,伊斯兰波斯,A,认识你自己之暗，方能容光。——《玛斯纳维·卷二》〔译〕
00539,阿奎那,西方,B,仁爱是人与神之间的友谊；藉它，人被引入神之团契。——《神学大全·II-II·q.23·a.1》〔译〕
00540,胡塞尔,西方,A,现象学是一门本质科学，而非关于事实的科学。——《纯粹现象学通论》§3〔译〕
00541,慧能,中国,B,慈悲即是观音，喜舍名为势至，能净即释迦，平直即弥陀。——《坛经·疑问品》（宗宝本） ⚠️
00542,萨特,西方,A,我的存在是多余的，却又无可推卸。——《恶心》〔意译〕
00543,庄子,中国,A,鱼相忘乎江湖，人相忘乎道术。——《庄子·大宗师》
00544,爱比克泰德,西方,A,不要把你的宁静寄托于他人的赞美，因为他人的判断不由你掌控；寄托于你自己的理性。——《手册·26》〔意译〕
00545,王夫之,中国,B,以天下论者，必循天下之公。——《读通鉴论·卷末·叙论》
00546,程颢,中国,B,治道亦有从本而言，亦有从事而言。——《遗书》卷二上
00547,阿奎那,西方,B,共善高于私善；社会之秩序，以指向那至善为究竟。——《神学大全·I-II·q.90·a.2》〔译〕
00548,克尔凯郭尔,西方,A,在人群中失去自己，比独处更孤独。——《日记》（Papirer）〔译〕
00549,阿奎那,西方,B,正义是一种习性，使人恒常地把各人应得者归于各人。——《神学大全·II-II·q.58·a.1》〔译〕
00550,海德格尔,西方,A,个人的生存不是现成物，而是在展开中成就自身。——《存在与时间》〔意译〕
00551,洛克,西方,B,战争状态是对自然法的公然破坏。——《政府论两篇·下篇》章三·节19〔意译〕
00552,阿奎那,西方,B,宇宙之善，大于个人之善；整体之完，有时容个体之缺。——《神学大全·I·q.22·a.2》〔译〕
00553,密尔,西方,A,宁做一个不满足的人，也不做一头满足的猪。——《功利主义·第二章》〔译〕
00554,爱比克泰德,西方,A,你要常问自己：这是否在我掌控之中？若不在，就把它交给命运。——《手册·1》〔意译〕
00555,康德,西方,A,对己义务的最高形式，是保持自身人格的尊严。——《道德形而上学》〔译〕
00556,老子,中国,B,人法地，地法天，天法道，道法自然。——《道德经·第二十五章》
00557,叔本华,西方,B,社会把人变成角色，独处使人回到本质。——《附录与补遗·论独处》〔译〕
00558,孟子,中国,A,大人者，不失其赤子之心者也。——《孟子·离娄下》
00559,叔本华,西方,A,一个人若不堪孤独，便也不配自由。——《附录与补遗·论独处》〔译〕
00560,程颐,中国,B,礼者，理也；乐者，和也；阴阳理而后和。——《遗书》卷十五
00561,莱布尼茨,西方,B,物质由聚集的单子构成，其本质是广延。——《单子论》第49节〔意译〕
00562,第欧根尼,西方,B,法律若只保护富人，便不配称法律。——〔意译〕《名哲言行录》卷六（据其批判）
00563,孟子,中国,B,天时不如地利，地利不如人和。——《孟子·公孙丑下》
00564,庄子,中国,A,知其不可奈何而安之若命，德之至也。——《庄子·人间世》
00565,黑格尔,西方,B,法，是自由的无碍的定在。——《法哲学原理·§29》〔译〕
00566,鲁米,伊斯兰波斯,A,当自我（nafs）驯服，便成最忠的仆。——《玛斯纳维·卷五》〔译〕
00567,波普尔,西方,A,一个人最大的危险，是相信自己的善良足以替代思考。——《开放社会及其敌人》〔意译〕
00568,王阳明,中国,B,满街都是圣人。——《传习录》下
00569,阿奎那,西方,B,必有第一推动者，自身不被推动，而为万动之源。——《神学大全·I·q.2·a.3》〔译〕
00570,维特根斯坦,西方,B,因果联系不是逻辑必然性。——《逻辑哲学论》5.135〔译〕
00571,龙树,印度,B,如来所说，不离二谛；若偏执一边，则失佛意。——《中论·观四谛品》〔意译〕
00572,洛克,西方,B,在自然状态下，人是自由、平等、独立的。——《政府论两篇·下篇》章二·节4〔意译〕
00573,雅斯贝尔斯,西方,A,信仰不是教义，而是人在临界中对超越的敞开。——《论真理》〔意译〕
00574,波普尔,西方,B,人类的进步，不在于不再犯错，而在于更快发现并改正错误。——《无穷的探索》〔意译〕
00575,僧肇,中国,A,神心冥漠，理极同无。——《般若无知论》
00576,顾炎武,中国,A,行己有耻，则不辱其身。——《亭林文集·与友人论学书》
00577,王阳明,中国,B,圣人之心，以天地万物为一体，其视天下之人，无外内远近。——《传习录》中
00578,胡塞尔,西方,B,科学的世界图景遗忘了「价值」与「意义」的维度。——《欧洲科学的危机与超越论的现象学》〔意译〕
00579,洛克,西方,B,观念之间有两种契合：矛盾的与可共存的。——《人类理解论》卷四·章三·节2〔意译〕
00580,郭象,中国,A,圣人之心，静乎天地之鉴，万物之镜也。——《庄子注·天道》
00581,安萨里,伊斯兰波斯,B,死亡平等一切人，王与丐同赴一途。——《宗教学科的复兴》〔译〕
00582,安萨里,伊斯兰波斯,B,君主之公正，胜于雨水之润物。——《宗教学科的复兴》〔译〕
00583,李贽,中国,B,夫所谓礼者，为整饬风化之具也。——《焚书》
00584,孟子,中国,A,存其心，养其性，所以事天也。——《孟子·尽心上》
00585,孟子,中国,B,上有好者，下必有甚焉者矣。——《孟子·滕文公上》
00586,老子,中国,B,飘风不终朝，骤雨不终日。——《道德经·第二十三章》
00587,斯宾诺莎,西方,A,心灵既是身体的观念，也努力保持自身的存在。——《伦理学》第三部分·命题九附释〔意译〕
00588,克尔凯郭尔,西方,A,孤独者最大的危险，是可能爱上自己的绝望。——《致死的疾病》（Anti-Climacus）〔译〕
00589,阿伦特,西方,B,历史的意义，不来自目的，而来自那些被记住的事迹。——《过去与未来之间》〔意译〕
00590,萨特,西方,A,人只能在行动中定义自己，本质随选择而凝固。——《存在主义是一种人道主义》〔意译〕
00591,奥古斯丁,西方,A,我的自由若不与你相连，便走向自我毁灭；自由的真义，是能选择那真正的善。——《论自由意志·3·3》〔译〕
00592,马克思,西方,A,凡是有某种关系存在的地方，这种关系就是为我而存在的。——《德意志意识形态》〔译〕
00593,释迦牟尼,印度,A,我生已尽，梵行已立，所作已办，不受后有。——《杂阿含经·卷一》（阿罗汉自证偈）
00594,克尔凯郭尔,西方,A,一个人若用「我们」掩盖「我」，便是逃避自我。——《日记》（Papirer）〔译〕
00595,王弼,中国,B,不温不凉，不宫不商。听之不可得而闻，视之不可得而彰。——《老子指略》
00596,陆九渊,中国,A,良心之在人，虽或有所陷溺，亦未始泯然而尽亡也。——《语录》
00597,冯友兰,中国,A,真正底风流，在于有情而无我。——《以〈风流〉论魏晋人之风神》（收录于《三松堂全集》） 〔意译〕
00598,伊壁鸠鲁,西方,B,若依自然立身，你永不会贫穷；若依意见立身，你永不会富有。——〔译〕《梵蒂冈格言集》VS 23
00599,帕斯卡,西方,B,偏见来自习惯，也终结于习惯。——《思想录》L434〔意译〕
00600,阿伦特,西方,A,记忆，是我对抗遗忘与虚无的唯一凭依。——《过去与未来之间》〔意译〕
00601,僧肇,中国,B,《摩诃衍论》云：诸法亦非有相，亦非无相。——《不真空论》
00602,爱比克泰德,西方,A,若你想取得进步，就要甘愿在众人眼中显得愚拙与迟钝。——《手册·13》〔译〕
00603,赫拉克利特,西方,B,步入同一河流的人，遭遇的是不同的、一再更新的水。——〔译〕《残篇》DK B12（普鲁塔克《道德论丛》转引）
00604,亚里士多德,西方,A,选择是出于思虑的欲求，是人为自己选定的行为之始。——〔译〕《尼各马可伦理学》1112a—1113a
00605,笛卡尔,西方,B,理性之光告诉我们：无中不能生有。——《哲学原理》第一部分·§16〔意译〕
00606,鲁米,伊斯兰波斯,A,冥想非逃离，而是更深地落入自己。——《玛斯纳维·卷四》〔译〕
00607,程颢,中国,B,谓之恶者本非恶，但或过或不及便如此。——《遗书》卷二上
00608,德谟克利特,西方,B,言语若不依理智，便如风声无实。——〔译〕《残篇》DK B（斯托拜乌斯转引）
00609,奥古斯丁,西方,A,人的意志是自由的，正因它能转向或背离善；若不能选择，便无所谓功过。——《论自由意志·3·3》〔译〕
00610,海德格尔,西方,A,人应当在沉默中倾听存在，而非用理性僭越它。——《关于人道主义的书信》〔意译〕
00611,爱比克泰德,西方,B,你评判一件事，先分清它是「可控」还是「不可控」；对不可控者，说「那非我所司」。——《手册·1》〔意译〕
00612,孔子,中国,B,放于利而行，多怨。——《论语·里仁》
00613,吉田兼好,日本,A,学贵有恒，非贵广博。——《徒然草》〔译〕
00614,鲁米,伊斯兰波斯,A,不要满足于别人的故事，展开你自己的神话。——《玛斯纳维·卷一》〔译〕
00615,加缪,西方,A,真实，是对自己不再说谎。——《堕落》〔意译〕
00616,黑格尔,西方,A,成熟的理性，敢于在矛盾中保持自身。——《逻辑学》〔译〕
00617,柏拉图,西方,B,天体运行依理性之数，是可见者中最美、最精确者。——〔译〕《蒂迈欧》39c—40c
00618,龙树,印度,A,观五阴无我，观十八界空，是名内观成就。——《十二门论·观门》〔意译〕
00619,黑格尔,西方,B,道德，是主观自由在内心中的体现。——《法哲学原理·道德章》〔译〕
00620,克里希那穆提,印度,B,真理是无路之国，没有宗教、没有派别能通达它。——《重新认识你自己》〔译〕
00621,伊壁鸠鲁,西方,A,"肉体的呼声是""无痛苦""，灵魂的呼声是""无纷扰""。——〔译〕《梵蒂冈格言集》VS 33"
00622,庄子,中国,A,死生，命也，其有夜旦之常，天也。——《庄子·大宗师》
00623,加缪,西方,B,历史中的革命，常常以新的奴役取代旧的。——《反抗者》〔意译〕
00624,阿奎那,西方,B,神在其自身明显可知，但于我们不明显；故其存在非「自明」于我们。——《神学大全·I·q.2·a.1》〔译〕
00625,密尔,西方,A,多数人的平庸，不应成为压垮个性的重量。——《论自由·第三章》〔译〕
00626,萨特,西方,B,人须在荒诞的世界中坚持行动。——《存在主义是一种人道主义》〔意译〕
00627,奥古斯丁,西方,A,你以隐秘的方式吸引我，使我在拒绝你之后仍被你寻回。——《忏悔录·8·1》〔译〕
00628,周敦颐,中国,A,圣，诚而已矣。——《通书·诚下》
00629,王充,中国,B,故虚妄之语不黜，则华文不见息；华文放流，则实事不见用。——《论衡·对作》
00630,胡塞尔,西方,B,伽利略以数学化的自然取代了真实被给予的生活世界。——《欧洲科学的危机与超越论的现象学》§9〔译〕
00631,朱熹,中国,A,克己复礼为仁。——《论语集注》（引孔子）
00632,休谟,西方,B,一切自然宗教的论证，都不如习惯与类比有力。——《人类理解研究》第十一章〔意译〕
00633,墨子,中国,B,天之爱天下之百姓厚矣。——《墨子·天志中》
00634,冯友兰,中国,B,中国哲学之主要底传统，是求一种最高底境界。——《中国哲学简史·绪论》
00635,程颐,中国,A,问：「格物须物物格之，还只格一物而万理皆知？」曰：「怎生便会该贯？若只格一物便通众理，虽颜子亦不敢如此道。须是今日格一件，明日又格一件，积习既多，然后脱然自有贯通处。」——《遗书》卷十八
00636,莱布尼茨,西方,A,真正的自我同一，在于这面镜子连续地反映同一宇宙。——《单子论》〔意译〕
00637,叔本华,西方,B,群体没有头脑，只有情绪。——《附录与补遗·人生的智慧》〔译〕
00638,阿奎那,西方,A,行善之乐，是德性的酬报之一；它印证所行之为当行。——《神学大全·I-II·q.4·a.1》〔译〕
00639,张载,中国,B,性者万物之一源，非有我之得私也。——《正蒙·诚明》
00640,洛克,西方,B,同一性在于保持「同一生命」的连续。——《人类理解论》卷二·章廿七·节1〔意译〕
00641,黄宗羲,中国,B,讲学之风，所以正人心、移风俗。——《明儒学案》 〔意译〕
00642,慧能,中国,A,不悟，即佛是众生；一念悟，即众生是佛。——《坛经》（敦煌本）
00643,罗素,西方,A,我之所以写作，是因为言语能让我理清自己混乱的思想。——《自传》〔意译〕
00644,尼采,西方,B,奴隶道德源于怨恨（ressentiment），贵族道德源于自发的肯定。——《论道德的谱系·第一论文》〔意译〕
00645,亚里士多德,西方,A,人的善，是灵魂合于德性的实现活动。——〔译〕《尼各马可伦理学》1098a—b
00646,商羯罗,印度,A,我即梵（Aham Brahmāsmi）。——《蛙氏奥义书注》（引布列哈德奥义书，梵文原句）
00647,柏拉图,西方,A,灵魂之翼，因观照美、正义与智而生长；因沉溺于下界而萎落。——〔译〕《斐德罗》249b—c
00648,莱布尼茨,西方,B,因果链条若无限回溯，必终止于一个必然的存在。——《神义论》〔意译〕
00649,慧能,中国,B,佛法在世间，不离世间觉；离世觅菩提，恰如求兔角。——《坛经》（敦煌本）
00650,巴门尼德,西方,B,"名谓""生成""与""毁灭""的，不过是凡人的约定；实则无物生灭。——〔译〕《论自然》残篇 DK B8（辛普里丘转引）"
00651,克里希那穆提,印度,B,语言无法传达真实的体验。——《智慧的觉醒》〔译〕
00652,王充,中国,B,故曰：作有助于化，化有补于正。——《论衡·书解》
00653,福柯,西方,B,批判，是不被那样统治的艺术。——《什么是批判》〔译〕
00654,莱布尼茨,西方,A,理性灵魂能够认识必然与永恒，因而具有自我意识。——《单子论》第61节〔意译〕
00655,尼采,西方,B,悲剧的艺术，是向痛苦说「是」的艺术。——《偶像的黄昏》〔意译〕
00656,海德格尔,西方,A,本真地存在，意味着成为你自己，而非依附于「人们」。——《存在与时间》〔意译〕
00657,墨子,中国,B,官无常贵，而民无终贱。——《墨子·尚贤上》
00658,克尔凯郭尔,西方,B,基督徒的数量，不等于基督教的真实。——《日记》（Papirer）〔译〕
00659,维特根斯坦,西方,A,我常以为在解释，其实只是在重复语法的套路。——《哲学研究》〔意译〕
00660,董仲舒,中国,A,性如茧、如卵。卵待覆而成雏，茧待缫而为丝，性待教而为善。——《春秋繁露·深察名号》
00661,张载,中国,B,气之聚散于太虚，犹冰凝释于水，知太虚即气，则无无。——《正蒙·太和》
00662,伊壁鸠鲁,西方,B,"律法因邦而异，但作为互利契约的""正义""却是普遍的。——〔译〕《主要学说》KD 37"
00663,塞涅卡,西方,A,在心中设一位监察，睡前清点一日所言所行。——《致鲁基里乌斯书信集·第11封》〔译〕
00664,休谟,西方,B,道德区别不来自理性，而来自道德感。——《人性论》卷三·部一·章一〔意译〕
00665,福柯,西方,B,惩罚的对象，从肉体转向了灵魂。——《规训与惩罚》〔译〕
00666,老子,中国,B,无名天地之始，有名万物之母。——《道德经·第一章》
00667,康德,西方,A,意志的自律，是一切道德法则以及合乎这些法则的职责的惟一原则。——《道德形而上学奠基》〔译〕
00668,龙树,印度,B,诸佛所说，皆为破执；执若已破，法亦应舍。——《大智度论·卷十八》〔意译〕
00669,第欧根尼,西方,A,身体的劳苦，是磨砺灵魂的磨刀石。——〔意译〕《名哲言行录》卷六（犬儒锻炼说）
00670,黑格尔,西方,A,个体只有属于伦理整体，才获得其真实的存在。——《法哲学原理》〔译〕
00671,王夫之,中国,B,盈天地之间者，器而已矣。——《周易外传·卷五》
00672,叔本华,西方,B,唯有通过艺术，主体才能片刻摆脱意志的奴役。——《作为意志和表象的世界·第三篇》〔译〕
00673,庄子,中国,A,至人之用心若镜，不将不迎，应而不藏，故能胜物而不伤。——《庄子·应帝王》
00674,王弼,中国,B,忘象者，乃得意者也；忘言者，乃得象者也。——《周易略例·明象》
00675,莱布尼茨,西方,B,所有单子依照同一普遍和谐而活动，构成一个唯一宇宙。——《单子论》第57节〔意译〕
00676,斯宾诺莎,西方,A,心灵能改变身体的感触，使一切情感与神的知识关联。——《伦理学》第五部分·命题十四〔意译〕
00677,荀子,中国,A,道虽迩，不行不至；事虽小，不为不成。——《荀子·修身》
00678,阿奎那,西方,B,神之存在，可由五途证之：运动、因果、偶然、圆满、目的。——《神学大全·I·q.2·a.3》〔译〕
00679,马可·奥勒留,西方,B,不要畏惧死亡，自然把它安排得和诞生一样合理。——《沉思录》卷四·44〔意译〕
00680,龙树,印度,B,诸法不自生，亦不从他生，不共不无因，是故知无生。——《中论·观因缘品》（四句破生）
00681,鲁米,伊斯兰波斯,B,微风在黎明有秘密相告，莫再睡去。——《玛斯纳维·卷一》〔译〕
00682,斯宾诺莎,西方,A,单凭情感支配的人，把必然当作束缚；理解它的人，把它当作自由。——《伦理学》第四部分·命题四〔意译〕
00683,朱熹,中国,B,总天地万物之理，便是太极。——《语类》卷九十四
00684,胡塞尔,西方,B,超越对象的真理要求一种无限的、开放的确认过程。——《纯粹现象学通论》〔意译〕
00685,墨子,中国,A,良弓难张，然可以及高入深；良马难乘，然可以任重致远。——《墨子·亲士》
00686,尼采,西方,B,好战的、强健的、骄傲的贵族，不需要为自己的价值寻找外在的辩护。——《论道德的谱系·第一论文》〔意译〕
00687,亚里士多德,西方,B,灵魂的功能有三：营养、感觉、思维。——〔译〕《论灵魂》413a—b
00688,顾炎武,中国,B,易姓改号，谓之亡国；仁义充塞而至于率兽食人，谓之亡天下。——《日知录·正始》
00689,孔子,中国,B,君子不以言举人，不以人废言。——《论语·卫灵公》
00690,莱布尼茨,西方,A,单子是单纯的实体，没有部分。——《单子论》第1节
00691,李贽,中国,A,不可以孔子之是非为是非，余尝以为此语最切。——《焚书·答耿中丞》
00692,克尔凯郭尔,西方,A,我的痛苦，是别人不理解我，而我也不能让自己被理解。——《日记》（Papirer）〔译〕
00693,陆九渊,中国,A,学者须先立志。——《语录》
00694,克里希那穆提,印度,A,思想无法解决心理上的痛苦，因为它本身就是痛苦的一部分。——《重新认识你自己》〔译〕
00695,塞涅卡,西方,B,施恩不图报，才是真施恩；你若记着施过恩，便已把它变成了债。——《论恩惠·1·1》〔译〕
00696,商鞅,中国,B,故圣人立法，明白易知，为置法官吏为之师，以道之知。——《商君书·定分》
00697,柏拉图,西方,A,死后灵魂将受审判，依其生前的正义或邪恶而定其去处。——〔译〕《高尔吉亚》523a—527a
00698,安萨里,伊斯兰波斯,B,对异见者当容，因你亦未必全知。——《宗教学科的复兴》〔译〕
00699,德谟克利特,西方,A,少有所欲者，近于神。——〔译〕《残篇》DK B80（斯托拜乌斯转引）
00700,吉田兼好,日本,B,风雨晦冥，最是助人幽思。——《徒然草》〔译〕
00701,黄宗羲,中国,B,兵农合一，则国可富强。——《明夷待访录》 〔意译〕
00702,柏拉图,西方,B,善（the Good）在地位与力量上都高于知识与真理，如太阳高于光。——〔译〕《理想国》505a—509b
00703,叔本华,西方,A,唯有否定意志，才能终结这无休止的挣扎。——《作为意志和表象的世界》〔译〕
00704,董仲舒,中国,B,人有三百六十节，偶天之数也；形体骨肉，偶地之厚也。——《春秋繁露·人副天数》
00705,安萨里,伊斯兰波斯,B,教育当培养德性，而非仅授技艺。——《宗教学科的复兴·卷一》〔译〕
00706,王弼,中国,A,江海所以能为百谷王者，以其不逆之，而能容其流也。——《老子注·六十六章》
00707,克尔凯郭尔,西方,B,政治，无法解决人的绝望问题。——《致死的疾病》（Anti-Climacus）〔译〕
00708,苏格拉底,西方,B,一问一答、逐层追问，是通向真理的唯一方法。——柏拉图《申辩篇》（诘问法之描述）〔意译〕
00709,公孙龙,中国,A,天地与其所产焉，物也。物以物其所物而不过焉，实也。实以实其所实而不旷焉，位也。——《公孙龙子·名实论》
00710,牟宗三,中国,B,中国哲学之特质，在生命之印证。——《中国哲学十九讲》 〔意译〕
00711,牟宗三,中国,A,心之自律，即道德之真源。——《心体与性体·第一部》 〔意译〕
00712,克尔凯郭尔,西方,A,我与自己之间，隔着整个世界的喧哗。——《日记》（Papirer）〔译〕
00713,熊十力,中国,B,民者，邦之本；本固则邦宁。——《原儒·卷三》 〔意译〕
00714,帕斯卡,西方,B,耶稣受苦，使人的悲惨不再孤独。——《思想录》L317〔意译〕
00715,商鞅,中国,A,故明主不滥富贵其臣。——《商君书·修权》
00716,波普尔,西方,A,知识的意义，不在于积攒答案，而在于学会提问。——《客观知识》〔意译〕
00717,赫拉克利特,西方,A,有死者是不死的，不死者是会死的：后者活在前者的死之中，前者死在后者的生之中。——〔译〕《残篇》DK B62（希波吕托斯《驳一切异端》转引）
00718,孟子,中国,A,仁义礼智，非由外铄我也，我固有之也。——《孟子·告子上》
00719,莱布尼茨,西方,B,时间不是绝对的实体，而是事物相继的秩序。——《与克拉克论战书信集》第三函〔意译〕
00720,程颐,中国,A,学者必先于读《论》《孟》。——《遗书》卷十五
00721,德谟克利特,西方,B,太阳与月亮是炽热的圆团，或如烧红的石。——〔译〕《残篇》DK B165（艾修斯转引）
00722,道元,日本,B,众生无边，誓愿度之，是菩萨之本誓。——《正法眼藏·発菩提心》
00723,荀子,中国,A,心者，形之君也，而神明之主也。——《荀子·解蔽》
00724,韩非,中国,A,虚静以待，令名自命也，令事自定也。——《韩非子·扬权》
00725,庄子,中国,A,昔者庄周梦为胡蝶，栩栩然胡蝶也……不知周之梦为胡蝶与？胡蝶之梦为周与？——《庄子·齐物论》
00726,陆九渊,中国,A,善学者如关津，不可胡乱放人过。——《语录》（卷三十五）
00727,程颢,中国,A,闲来无事不从容，睡觉东窗日已红。万物静观皆自得，四时佳兴与人同。——《秋日》
00728,塞涅卡,西方,B,神不偏待人；祂只把人放在不同的境遇里，以试其德。——《论天意·3》〔译〕
00729,朱熹,中国,B,帝是理为主。——《语类》卷一
00730,鲁米,伊斯兰波斯,B,不要对他人之悲闭上眼，因你也是人。——《玛斯纳维·卷三》〔译〕
00731,笛卡尔,西方,B,数学的方法可以推广到一切其他知识领域。——《谈谈方法》第二部分〔意译〕
00732,德谟克利特,西方,B,灵魂由圆而炽的原子（火）构成，正是它赋予生命。——〔译〕《残篇》DK B105（第欧根尼·拉尔修 IX 转引）
00733,塞涅卡,西方,B,宽恕冒犯你的人，如同原谅从前的自己；他依其判断而行，正如你也曾行错。——《论愤怒·3》〔译〕
00734,亚里士多德,西方,B,公道是纠正法律因普遍而生的偏差，使个案归于平等。——〔译〕《尼各马可伦理学》1134a—b
00735,苏格拉底,西方,B,学习就是回忆。——柏拉图《美诺篇》81d〔译〕※
00736,伊壁鸠鲁,西方,A,肉体的快乐，在匮乏之苦除去之后便不再增长。——〔译〕《主要学说》KD 18
00737,朱熹,中国,B,天理只是仁、义、礼、智之总名，仁、义、礼、智便是天理之件数。——《语类》卷十三
00738,加缪,西方,B,社会把异常者定为罪人，以保全它的秩序。——《局外人》〔意译〕
00739,福柯,西方,B,检查，是一种把可见性与权力结合的技术。——《规训与惩罚》〔译〕
00740,莱布尼茨,西方,B,知识来自两个大原则：矛盾律与充足理由律。——《单子论》第31节〔意译〕
00741,庄子,中国,B,彼亦一是非，此亦一是非。——《庄子·齐物论》
00742,阿奎那,西方,A,凡你所愿，当先问：它是否合乎你真正的目的？手段之善，在于指向目的。——《神学大全·I-II·q.1·a.1》〔译〕
00743,萨特,西方,B,人在处境中行动，方才真实。——《存在主义是一种人道主义》〔意译〕
00744,陆九渊,中国,A,心之体甚大，若能尽我之心，便与天同。——《语录》（卷三十五） #self-other
00745,尼采,西方,B,假定真理是一个女人——那么所有哲学家，只要他们是教条主义者，就都不懂女人。——《善恶的彼岸·序言》〔意译〕
00746,孔子,中国,B,君子和而不同，小人同而不和。——《论语·子路》
00747,郭象,中国,A,形全者神全。——《庄子注·达生》
00748,慧能,中国,B,心地无非自性戒，心地无痴自性慧，心地无乱自性定。——《坛经》（敦煌本）
00749,牟宗三,中国,B,科学之成，在知性主体之独立。——《现象与物自身》 〔意译〕
00750,安萨里,伊斯兰波斯,B,俗世之爱，如蛛网；主之爱，如磐石。——《宗教学科的复兴》〔译〕
00751,黄宗羲,中国,B,利不欲其遗于下，福不欲其擅于上。——《明夷待访录·财计》 〔意译〕
00752,密尔,西方,B,理性，是公共讨论中最终的裁判。——《论自由·第二章》〔译〕
00753,韩非,中国,A,行端直则无祸害，无祸害则尽天年。——《韩非子·解老》
00754,惠施,中国,B,其道舛驳，其言也不中。——《庄子·天下》（庄子评其说）
00755,巴门尼德,西方,B,你绝不能认识那不存在者，也不能将它说出；因为可被思者与存在者同一。——〔译〕《论自然》残篇 DK B7（辛普里丘转引）
00756,帕斯卡,西方,A,我们的一切不幸都来自一件事：不知道如何安静地待在自己的房间里。——《思想录》L164〔意译〕
00757,王弼,中国,B,物无妄然，必由其理。——《周易略例·明彖》
00758,密尔,西方,B,两性在法律与机会上的平等，是社会进步的标尺。——《论妇女的从属地位》〔译〕
00759,安萨里,伊斯兰波斯,B,法律（沙里亚）是身之药，苏非之知是心之药。——《宗教学科的复兴》〔译〕
00760,王夫之,中国,B,阴阳二气充满太虚，此外更无他物。——《张子正蒙注·太和篇》
00761,慧能,中国,B,若识众生，即是佛性；若不识众生，万劫觅佛难逢。——《坛经》（敦煌本）
00762,墨子,中国,A,为其所难者，必得其所欲焉。——《墨子·亲士》
00763,王充,中国,B,夫物之相胜，或以筋力，或以气势，或以巧便。——《论衡·物势》
00764,王充,中国,A,文由胸中而出，心以文为表。——《论衡·书解》
00765,维特根斯坦,西方,B,凡是不可说的，必须保持沉默。——《逻辑哲学论》7〔译〕
00766,王充,中国,A,圣贤不能性知，须任耳目以定情实。——《论衡·知实》
00767,熊十力,中国,B,宇宙实体，备万理，含万德，肇万化。——《新唯识论·卷上》
00768,嵇康,中国,A,越名教而任自然。——《释私论》
00769,休谟,西方,A,信念是一种与当前印象相联的生动感觉。——《人性论》卷一·部三·章十〔意译〕
00770,王夫之,中国,B,天职生养，而圣人成能。——《周易外传》 〔意译〕
00771,王阳明,中国,B,你未看此花时，此花与汝心同归于寂；你来看此花时，则此花颜色一时明白起来。——《传习录》 下 #self-other
00772,慧能,中国,A,菩提本无树，明镜亦无台，佛性常清净，何处有尘埃。——《坛经》（敦煌本「菩提偈」）
00773,第欧根尼,西方,B,祭祀与神像不能使人虔诚，唯生活能。——〔意译〕《名哲言行录》卷六（据其反仪式言行）
00774,克尔凯郭尔,西方,B,基督的受难，是对一切世俗荣耀的否定。——《恐惧与颤栗》（Johannes de Silentio）〔译〕
00775,加缪,西方,A,即便无望，我仍选择忠实于自己。——《西西弗神话》〔意译〕
00776,庄子,中国,A,定乎内外之分，辩乎荣辱之境，斯已矣。——《庄子·逍遥游》
00777,巴门尼德,西方,B,在众神之中，她首先造出爱若斯（Eros）以使万有相合。——〔译〕《论自然》残篇 DK B12（辛普里丘转引）
00778,康德,西方,A,责任，是出于对法则之尊重的行动必然性。——《道德形而上学奠基》〔译〕
00779,柏拉图,西方,B,事物因分有理型而得其名与性，理型本身不杂于事物。——〔译〕《斐多》100c—102a
00780,尼采,西方,B,信仰是：不愿知道真相。——《敌基督》第52节〔意译〕
00781,爱比克泰德,西方,B,当乌鸦啼叫或征兆出现，不要说「它预示凶吉」，而说「它只是一个征兆，其意义由我判断」。——《手册·18》〔译〕
00782,赫拉克利特,西方,B,若万物都化为烟，鼻孔自会分辨。——〔译〕《残篇》DK B7（塞克斯都·恩披里柯转引）
00783,孔子,中国,B,百姓足，君孰与不足？百姓不足，君孰与足？——《论语·颜渊》
00784,朱熹,中国,B,为学之实，固在践履。苟徒知而不行，诚与不学无异。——《语类》
00785,商鞅,中国,B,一兔走，百人逐之，非以兔为可分以为百，由名之未定也。——《商君书·定分》
00786,韩非,中国,A,贪愎喜利，则灭国杀身之本也。——《韩非子·十过》
00787,王夫之,中国,A,有豪杰而不圣贤者矣，未有圣贤而不豪杰者也。——《俟解》
00788,胡塞尔,西方,A,真正的哲学思考始于我对自身认知能力的彻底反思。——《笛卡尔式的沉思》〔意译〕
00789,胡塞尔,西方,A,内在的被给予性具有绝对的明见，外在的超越则始终需要证明。——《纯粹现象学通论》§44〔译〕
00790,苏格拉底,西方,A,我唯一知道的，就是我一无所知。——柏拉图《申辩篇》21d〔译〕
00791,康德,西方,A,在必须认错的事情上仍坚持真实，是人格的底线。——《道德形而上学》〔译〕
00792,萨特,西方,A,自欺者把自己当作被造物，以此卸责。——《存在与虚无》〔译〕
00793,程颐,中国,B,人苟以善自治，则无不可移者。——《遗书》卷二十五
00794,张载,中国,A,德性所知，不萌于见闻。——《正蒙·大心》
00795,老子,中国,A,知人者智，自知者明。——《道德经·第三十三章》
00796,商羯罗,印度,A,正如绳被误认为蛇，人以无明将梵误作世界；如实知绳，则蛇怖自灭。——《梵经注·卷二》〔译〕
00797,维特根斯坦,西方,A,自我的确定性，像呼吸一样先于一切提问。——《蓝皮书与褐皮书》〔意译〕
00798,阿伦特,西方,B,现代社会的「社会」领域，吞没了公私之间的界线。——《人的境况》〔译〕
00799,公孙龙,中国,B,天下无白，不可以视石；天下无坚，不可以谓石。坚、白、石不相外，藏三可乎？曰：有自藏也，非藏而藏也。——《公孙龙子·坚白论》
00800,密尔,西方,B,政府的正当性，来自被治者的同意。——《代议制政府》〔译〕
00801,苏格拉底,西方,A,现在我该走了：我去死，你们去活。谁的去处更好，只有神知道。——柏拉图《申辩篇》42a
00802,王阳明,中国,B,心外无物，心外无事，心外无理，心外无义，心外无善。——《传习录》上
00803,王阳明,中国,A,身之主宰便是心，心之所发便是意。——《传习录》上
00804,鲁米,伊斯兰波斯,A,超越头脑的是一片原野，自我在那里消融。——《玛斯纳维·卷三》〔译〕
00805,李贽,中国,A,余性好直，故多忤于人。——《焚书·自赞》
00806,熊十力,中国,B,群生相待而有，非孤立可存。——《原儒·卷三》 〔意译〕
00807,阿奎那,西方,B,万物皆由神从虚无中创造；受造非神之必然，乃其自由的美意。——《神学大全·I·q.45·a.1》〔译〕
00808,慧能,中国,B,若大乘人、最上乘人，闻说《金刚经》，心开悟解。——《坛经》（敦煌本）
00809,加缪,西方,A,我选择在世界面前保持直立。——《夏天》〔意译〕
00810,公孙龙,中国,A,正其所实者，正其名也。——《公孙龙子·名实论》
00811,董仲舒,中国,B,百物去其所与异，而从其所与同。——《春秋繁露·同类相动》
00812,李贽,中国,B,是非之心，人皆有之，不见于行，而见于言。——《焚书·答耿中丞》
00813,鲁米,伊斯兰波斯,B,差别是表象，合一是实相。——《玛斯纳维·卷三》〔译〕
00814,董仲舒,中国,A,性者，天质之朴也；善者，王教之化也。无其质，则王教不能化；无其王教，则质朴不能善。——《春秋繁露·实性》
00815,公孙龙,中国,B,白马非马，马之非马，此天下之至辩也。——《公孙龙子·迹府》
00816,释迦牟尼,印度,B,父母恩重，犹如大地，一肩持父、一肩持母，亦未能报。——《杂阿含经·卷四十三》（一子品）
00817,叔本华,西方,A,意志，是世界的自在之物。——《作为意志和表象的世界》〔译〕
00818,福柯,西方,A,我把自由理解为：不被那样统治的可能。——《什么是批判》〔意译〕
00819,龙树,印度,A,宁可起我见如须弥山，不可恶取空如芥子许。——《大智度论·卷三十一》（戒恶取空）
00820,赫拉克利特,西方,A,人得到自己所愿得的一切，并不更好。——〔译〕《残篇》DK B110（普鲁塔克《如何辨别谄媚者》转引）
00821,荀子,中国,A,君子耻不修，不耻见污；耻不信，不耻不见信。——《荀子·非十二子》
00822,嵇康,中国,B,故六经未必为太阳，不学未必为长夜。——《难自然好学论》
00823,苏格拉底,西方,B,我所能做的，只是让你们自己发现答案，而不是替你们说出答案。——柏拉图《泰阿泰德篇》（助产术自述）〔意译〕※
00824,老子,中国,B,其政闷闷，其民淳淳；其政察察，其民缺缺。——《道德经·第五十八章》
00825,莱布尼茨,西方,B,物质是现象，其底层是单子的聚合。——《单子论》第49节〔意译〕
00826,马克思,西方,B,每个人的自由发展，是一切人自由发展的条件。——《共产党宣言》〔译〕
00827,老子,中国,B,民不畏死，奈何以死惧之？——《道德经·第七十四章》
00828,墨子,中国,A,藏于心者无以竭爱，动于身者无以竭恭。——《墨子·修身》
00829,密尔,西方,A,自我发展的权利，高于习俗的权威。——《论自由·第三章》〔译〕
00830,孔子,中国,A,三军可夺帅也，匹夫不可夺志也。——《论语·子罕》
00831,黑格尔,西方,B,世界历史，是自由意识进展的历史。——《历史哲学讲演录》〔译〕
00832,嵇康,中国,B,夫哀心藏于内，遇和声而后发；和声无象，而哀心有主。——《声无哀乐论》
00833,熊十力,中国,B,体者，具万理而无妄，备万德而恒如。——《新唯识论·卷上》
00834,叔本华,西方,B,世界，是我的表象。——《作为意志和表象的世界·第一篇》〔译〕#self-other
00835,李贽,中国,A,余之落发，岂无故哉！——《焚书·感慨平生》
00836,释迦牟尼,印度,B,如来说法，如师子吼，不畏于他。——《杂阿含经·卷三十二》
00837,鲁米,伊斯兰波斯,A,培养你内在的园圃，莫管他人之田。——《玛斯纳维·卷二》〔译〕
00838,罗素,西方,B,神的全部观念，是从古代东方的专制主义中衍生的。——《为什么我不是基督徒》〔译〕
00839,公孙龙,中国,B,故曰：白马非马也。——《公孙龙子·白马论》
00840,程颢,中国,A,天地之用，皆我之用；孟子言「万物皆备于我」，须反身而诚，乃为大乐。——《识仁篇》 #self-other
00841,黑格尔,西方,A,真正的主体性，是参与到伦理实体之中。——《法哲学原理》〔译〕
00842,嵇康,中国,A,君子之行贤也，不察于有度而后行也；任心无穷，不识于善而著也。——《释私论》
00843,嵇康,中国,A,性复疏懒，筋驽肉缓。——《与山巨源绝交书》
00844,柏拉图,西方,A,我们当使那神圣的理性居于身体顶端，统御全体，一如天统辖地。——〔译〕《蒂迈欧》90a—d
00845,柏拉图,西方,A,理性居于人的头部，统御那必朽的部分。——〔译〕《蒂迈欧》69c—70a
00846,克尔凯郭尔,西方,A,悔改，是不断回到自我、重新开始。——《致死的疾病》（Anti-Climacus）〔译〕
00847,鲁米,伊斯兰波斯,B,爱不止于情人相拥，爱是消融「你」「我」之界。——《玛斯纳维·卷三》〔译〕
00848,慧能,中国,A,何期自性本自清净；何期自性本不生灭；何期自性本自具足；何期自性本无动摇；何期自性能生万法。——《坛经·行由品》（敦煌本）
00849,叔本华,西方,A,人生的智慧，首要在于摆正自己与自身的关系。——《附录与补遗·人生的智慧》〔译〕
00850,朱熹,中国,A,百学须先立志。——《语类》
00851,熊十力,中国,B,六经皆圣人之制作，所以揭宇宙之真，示人生之正。——《读经示要·卷一》
00852,王夫之,中国,B,一姓之兴亡，私也；而生民之生死，公也。——《读通鉴论·卷十七》
00853,墨子,中国,A,士虽有学，而行为本焉。——《墨子·修身》
00854,孙子,中国,B,兵者，诡道也。——《孙子兵法·计篇》
00855,亚里士多德,西方,B,灵魂是潜在具有生命的自然身体的第一实现（形式）。——〔译〕《论灵魂》412a—b
00856,孟子,中国,B,君之视臣如手足，则臣视君如腹心；君之视臣如土芥，则臣视君如寇仇。——《孟子·离娄下》
00857,董仲舒,中国,A,夫人君莫不欲安存而恶危亡，然而政乱国危者，所在皆是，岂可不慎哉！——《汉书·董仲舒传》（举贤良对策）
00858,赫拉克利特,西方,A,我探察了我自己。——〔译〕《残篇》DK B101（第欧根尼·拉尔修 IX.5 转引）
00859,孟子,中国,A,我善养吾浩然之气。——《孟子·公孙丑上》
00860,阿伦特,西方,A,我愿做那发出不和谐之声的人，也不做齐声合唱的一员。——《过去与未来之间》〔意译〕
00861,洛克,西方,B,容忍异见者，是基督徒与公民的双重义务。——《论宗教宽容》〔意译〕
00862,黄宗羲,中国,A,静坐非枯寂，要在观未发之中。——《明儒学案》 〔意译〕
00863,顾炎武,中国,B,凡文之不关于六经之指、当世之务者，一切不为。——《亭林文集·与人书三》
00864,柏拉图,西方,A,教育不是把视力放进瞎子的灵魂，而是使整个灵魂转向光明。——〔译〕《理想国》518c—d
00865,克里希那穆提,印度,A,自我（ego）是冲突与分裂的中心。——《重新认识你自己》〔译〕
00866,王夫之,中国,B,私欲之中，天理所寓。——《读通鉴论》 〔意译〕
00867,福柯,西方,A,我的工作，是让那些被视为「自然」之物显露出它的历史偶然。——《知识考古学》〔意译〕
00868,阿奎那,西方,B,人法若违自然法，便不成其为法；强权非法，唯义为法。——《神学大全·I-II·q.95·a.2》〔译〕
00869,吉田兼好,日本,B,山河不改，人事已非。——《徒然草》〔译〕
00870,爱比克泰德,西方,A,不要因自己尚无苏格拉底的德性而沮丧，但要像朝着那个目标前进的人那样生活。——《手册·33》〔译〕
00871,王阳明,中国,A,此心光明，亦复何言。——《传习录》下（临终语）
00872,克尔凯郭尔,西方,B,真理，在群众中蒸发。——《日记》（Papirer）〔译〕
00873,罗素,西方,A,爱与知识，只要可能，就把人引向天堂；唯有怜悯总把我带回尘世。——《自传·序言》〔译〕
00874,牟宗三,中国,B,真理之全体，在非分别说的圆融中显。——《圆善论》 〔意译〕
00875,张载,中国,B,太虚无形，气之本体；其聚其散，变化之客形尔。——《正蒙·太和》
00876,周敦颐,中国,B,乾道成男，坤道成女。——《太极图说》
00877,海德格尔,西方,A,真理（aletheia）原意是无蔽，而非命题符合。——《存在与时间》§44〔译〕
00878,亚里士多德,西方,A,我们因行公正之举而成为公正之人，因节制之举而成为节制之人。——〔译〕《尼各马可伦理学》1104a—b
00879,海亚姆,伊斯兰波斯,A,圣人书卷千卷，不及杯中酒一字真。——《鲁拜集》〔译〕
00880,老子,中国,B,天地不仁，以万物为刍狗；圣人不仁，以百姓为刍狗。——《道德经·第五章》
00881,郭象,中国,A,忘适之适，乃天下之至适。——《庄子注·达生》
00882,克里希那穆提,印度,A,你必须成为自己的光。——《人生中不可不想的事》〔译〕
00883,海德格尔,西方,A,把自身交托给最本己的能在，是此在的最高自由。——《存在与时间》§62〔译〕
00884,孔子,中国,A,内省不疚，夫何忧何惧？——《论语·颜渊》
00885,马可·奥勒留,西方,A,我常常感到惊讶：我们爱自己胜过爱他人，却更在意他人的看法胜过自己的看法。——《沉思录》卷十·33〔意译〕
00886,巴门尼德,西方,B,存在者圆满自足，不欠缺任何部分，如球体般无懈可击。——〔译〕《论自然》残篇 DK B8（辛普里丘转引）
00887,道元,日本,A,当下即是，不待他日。——《正法眼藏·現成公案》
00888,海亚姆,伊斯兰波斯,B,风雨不问人间愁，自来自去。——《鲁拜集》〔译〕
00889,王弼,中国,B,寂然至无，是其本矣。——《老子注·二十五章》
00890,赫拉克利特,西方,A,对所有人来说，认识自己与清醒思考，乃是一种德性与智慧。——〔译〕《残篇》DK B116（斯托拜乌斯《选集》转引）
00891,雅斯贝尔斯,西方,A,人只有在临界处境中，才真正面对自己的存在。——《哲学》第一卷〔意译〕
00892,奥古斯丁,西方,A,我虽微小，却蒙你以形象造我；这形象纵被罪污，仍未灭。——《论三位一体·14·3》〔译〕
00893,陆九渊,中国,B,学者大病，在师心自用。——《语录》
00894,孙子,中国,B,攻其无备，出其不意。——《孙子兵法·计篇》
00895,商羯罗,印度,B,如一瓶破而同归于土，多我实皆归梵。——《梵经注·卷二》〔译〕
00896,罗素,西方,B,世界上真正麻烦的，是愚人过于确信、智者充满怀疑。——《怀疑论集》⚠️〔通行转述，详见第五节〕
00897,亚里士多德,西方,B,快乐非生成而是实现活动；它完满地伴随每种活动而生。——〔译〕《尼各马可伦理学》1153a—b
00898,阿伦特,西方,B,行动的危险，在于它一经作出便不可撤销。——《人的境况》〔译〕
00899,伊壁鸠鲁,西方,A,灵魂的最大之善，是审慎（phronesis）。——〔译〕《梵蒂冈格言集》VS 79
00900,密尔,西方,A,唯有自主选择，才使行为真正属于我。——《论自由》〔译〕
00901,张载,中国,B,万物皆有理，若不知穷理，如梦过一生。——《张子语录》
00902,加缪,西方,A,登上顶峰的斗争本身，足以充实人的心灵。——《西西弗神话》〔译〕
00903,罗素,西方,A,面对死亡，我选择把它看作自然秩序的一部分，而非灾祸。——《自传》〔意译〕
00904,帕斯卡,西方,A,人不能安心做野兽，又无法真正成为天使。——《思想录》L162〔意译〕
00905,亚里士多德,西方,B,存在之为存在，是首要、最普遍的探究对象。——〔译〕《形而上学》1003a
00906,郭象,中国,B,天倪者，自然之均也。——《庄子注·齐物论》
00907,帕斯卡,西方,A,虚荣深植于人心；即便我们嘲笑它，它仍使我们虚荣。——《思想录》L412〔意译〕
00908,龙树,印度,A,心若清净，则见一切法清净；心若染着，则一切成缚。——《大智度论·卷三十二》〔意译〕
00909,波普尔,西方,B,理论不能被证实，只能被暂时驳倒。——《科学发现的逻辑》〔译〕
00910,柏拉图,西方,B,过度的自由使民主制堕落为僭主制。——〔译〕《理想国》562a—564a
00911,柏拉图,西方,A,所谓净化，正是指灵魂尽可能脱离身体、独自居留。——〔译〕《斐多》67c—68a
00912,德谟克利特,西方,A,希望鼓舞智者，却欺骗愚者。——〔译〕《残篇》DK B55（斯托拜乌斯转引）
00913,赫拉克利特,西方,B,太阳不会越出它的尺度；否则正义的复仇女神自会将其擒获。——〔译〕《残篇》DK B94（普鲁塔克《论自然哲学》转引）
00914,马克思,西方,A,人的类本质，是自由自觉的活动。——《1844年经济学哲学手稿》〔译〕
00915,孔子,中国,A,见贤思齐焉，见不贤而内自省也。——《论语·里仁》
00916,苏格拉底,西方,A,我若自以为已有所知，就无法继续追问；正因承认无知，我才能不断求索。——柏拉图《申辩篇》〔意译〕
00917,龙树,印度,A,修习空观，能断一切见网，见网断已，心得自在。——《十二门论·观因缘门》〔意译〕
00918,王弼,中国,B,朴，真也。真散则百行出，殊类生，若器也。——《老子注·二十八章》
00919,克尔凯郭尔,西方,A,当你只向外寻求时，你就失去了自己。——《非此即彼》（Victor Eremita 编纂）〔译〕
00920,海亚姆,伊斯兰波斯,A,书生论道，不如村翁一醉见真。——《鲁拜集》〔译〕
00921,商羯罗,印度,B,自在天以摩耶为力创造世界，彼自身则不染创造。——《梵经注·卷二》〔译〕
00922,海亚姆,伊斯兰波斯,B,星图既定，人算徒劳。——《鲁拜集》〔译〕
00923,胡塞尔,西方,A,我在感知时，并非拥有对象的全部，而是拥有它「侧面性的」显现。——《纯粹现象学通论》§43〔译〕
00924,牟宗三,中国,B,本体之流行于万物，即是天道之遍在。——《心体与性体·第一部》 〔意译〕
00925,罗素,西方,B,恐惧是这一切的根基——对神秘的恐惧、对失败的恐惧、对死亡的恐惧。——《为什么我不是基督徒》〔译〕
00926,罗素,西方,B,权力欲，或许是历史中最强大的动机力量。——《权力论》〔译〕
00927,马克思,西方,A,新唯物主义的立足点，是人类社会或社会化了的人类。——《关于费尔巴哈的提纲》第十条〔译〕
00928,帕斯卡,西方,B,人用消遣遮蔽死亡，正如用喧嚣遮蔽沉默。——《思想录》L136〔意译〕
00929,王弼,中国,A,知为天下之先，必后也，是以圣人后其身而身先也。——《老子注·二十八章》
00930,阿伦特,西方,B,判断，是在不与他人一致的情况下，仍与他人共同生活的能力。——《判断随笔》〔意译〕
00931,阿奎那,西方,A,人最终的归宿是幸福；一切作为，皆以幸福为终极目的。——《神学大全·I-II·q.1·a.1》〔译〕
00932,张载,中国,B,世人之心，止于闻见之狭。——《正蒙·大心》
00933,商羯罗,印度,B,如一人卧而见异境，醒则知唯己心；世间亦尔，实唯梵现。——《蛙氏奥义书注》〔译〕
00934,嵇康,中国,A,夫气静神虚者，心不存于矜尚；体亮心达者，情不系于所欲。——《答难养生论》
00935,柏拉图,西方,A,由爱之阶梯攀升，终至观照那绝对的、单纯的美本身。——〔译〕《会饮》210e—212a
00936,孙子,中国,B,兵非贵益多也，惟无武进，足以并力、料敌、取人而已。——《孙子兵法·行军篇》
00937,孙子,中国,A,故善战人之势，如转圆石于千仞之山者，势也。——《孙子兵法·势篇》
00938,僧肇,中国,B,真谛无相，故般若无知。——《般若无知论》
00939,克里希那穆提,印度,A,觉察念头而不加以评判，是智慧的开端。——《智慧的觉醒》〔译〕
00940,洛克,西方,B,真理不靠权威确立，而靠证据的检验。——《人类理解论》卷四·章十七·节4〔意译〕
00941,叔本华,西方,A,我的本质，是那盲目的、永不满足的求生意志。——《作为意志和表象的世界》〔译〕
00942,王充,中国,A,充书违诡于俗。——《论衡·自纪》
00943,休谟,西方,B,道德判断传达的是赞同或谴责的情感，而非事实命题。——《人性论》卷三·部一·章一〔意译〕
00944,海德格尔,西方,A,我的生命是被抛的筹划，在两者之间展开。——《存在与时间》〔意译〕
00945,庄子,中国,A,小知不及大知，小年不及大年。——《庄子·逍遥游》
00946,休谟,西方,B,历史中的迷信比宗教更有害于人类幸福。——《宗教的自然史》〔意译〕
00947,福柯,西方,A,我写作，是为了摆脱自己，而非为了确立自己。——《言与文》〔意译〕
00948,程颢,中国,A,两忘则澄然无事矣。无事则定，定则明。——《定性书》
00949,塞涅卡,西方,B,神让好人受磨炼，如同火炼金；逆境不是惩罚，是考验。——《论天意·1》〔译〕
00950,顾炎武,中国,B,保天下者，匹夫之贱与有责焉耳矣。——《日知录·正始》
00951,龙树,印度,A,若于空生怖畏，是人未解法，如幼稚闻空而惊。——《大智度论·卷三十一》〔意译〕
00952,巴门尼德,西方,A,你当以心去把握那远离感官的、不可动摇的东西，莫被眼睛的视看所牵引。——〔译〕《论自然》残篇 DK B7（辛普里丘转引）
00953,王弼,中国,A,复命则得性命之常。——《老子注·十六章》
00954,黄宗羲,中国,B,不以一己之利为利，而使天下受其利；不以一己之害为害，而使天下释其害。——《明夷待访录·原君》
00955,张载,中国,B,知足不辱，知止不殆，此知道者之所务也。——《正蒙·至当》
00956,墨子,中国,A,本不固者末必几。——《墨子·修身》
00957,阿伦特,西方,A,我把每一个判断都当作一次冒险，因为我没有规则可倚。——《责任与判断》〔意译〕
00958,孔子,中国,A,不义而富且贵，于我如浮云。——《论语·述而》
00959,亚里士多德,西方,A,勇敢并非无所惧，而是惧所当惧、对不该惧者不惧。——〔译〕《尼各马可伦理学》1115a
00960,孙子,中国,B,故形人而我无形，则我专而敌分。——《孙子兵法·虚实篇》
00961,慧能,中国,B,让则尊卑和睦，忍则众恶无喧。——《坛经·无相颂》（宗宝本） ⚠️
00962,陆九渊,中国,A,六经注我，我注六经。——《语录》
00963,慧能,中国,A,于诸境上，心不染，曰无念。——《坛经》（敦煌本）
00964,程颢,中国,A,识得此理，以诚敬存之而已，不须防检，不须穷索。——《识仁篇》（与 1 同源，取「诚敬存之」句独立）
00965,加缪,西方,A,人通过承担自身荒诞，获得尊严。——《西西弗神话》〔译〕
00966,安萨里,伊斯兰波斯,B,友谊贵在相劝于善，非相助于欲。——《宗教学科的复兴》〔译〕
00967,笛卡尔,西方,A,在行动上要尽可能坚决、果断，一旦选定就毫不动摇。——《谈谈方法》第三部分（临时道德准则第二条）〔意译〕
00968,老子,中国,B,大道废，有仁义；智慧出，有大伪。——《道德经·第十八章》
00969,孙子,中国,B,善动敌者，形之，敌必从之；予之，敌必取之。——《孙子兵法·势篇》
00970,巴门尼德,西方,A,凡人的思想，并没有真实的确信。——〔译〕《论自然》残篇 DK B1（辛普里丘转引，属「意见之路」转述）
00971,密尔,西方,B,代议制政府，是最可欲的政府形式。——《代议制政府·第一章》〔译〕
00972,庄子,中国,A,自事其心者，哀乐不易施乎前。——《庄子·人间世》
00973,阿伦特,西方,A,我关心的，始终是具体的人，而非抽象的人类。——《人的境况》〔意译〕
00974,董仲舒,中国,B,古之造文者，三画而连其中，谓之王。三画者，天地与人也，而连其中者，通其道也。取天地与人之中以为贯而参通之，非王者孰能当是？——《春秋繁露·王道通三》
00975,德谟克利特,西方,B,事物不断放出细微影像（eidola），影像进入感官而生视觉。——〔译〕《残篇》DK B135（第欧根尼·拉尔修 IX 转引）
00976,鲁米,伊斯兰波斯,A,我死如矿物，活如植物，长成动物，终成人，这趟旅程是自我的层层蜕变。——《玛斯纳维·卷三》〔译〕
00977,塞涅卡,西方,A,当你动怒，先停顿；愤怒来如闪电，去也如无，唯留下的伤痕长存。——《论愤怒·1·1》〔译〕
00978,老子,中国,A,柔弱者，生之徒。——《道德经·第七十六章》
00979,李贽,中国,B,咸以孔子之是非为是非，故未尝有是非耳。——《藏书·世纪列传总目前论》
00980,孔子,中国,B,逝者如斯夫，不舍昼夜。——《论语·子罕》
00981,萨特,西方,B,世界无意义，但人赋予它意义，这是人的荣耀。——《存在与虚无》〔意译〕
00982,罗素,西方,B,自由，首先是免于恐惧与匮乏的自由。——《自由与组织》〔意译〕
00983,胡塞尔,西方,A,判断是我主动构成的、负有责任的意意义成就。——《笛卡尔式的沉思》〔意译〕
00984,休谟,西方,A,我们的知识若严格审查，大半只是习惯。——《人性论》卷一·部四·章一〔意译〕
00985,周敦颐,中国,B,古者圣王，制礼法，修教化，三纲正，九畴叙，百姓大和，万物咸若。——《通书·乐上》
00986,雅斯贝尔斯,西方,A,临界处境不可被消除，只能被承受与超越。——《哲学》第一卷〔意译〕
00987,加缪,西方,B,极权以未来的名义，屠杀现在的人。——《反抗者》〔意译〕
00988,黄宗羲,中国,A,为学之要，在于切己体认。——《明儒学案》 〔意译〕
00989,道元,日本,A,眼横鼻直，本来现成。——《正法眼藏·佛語心》
00990,王充,中国,B,天生万物，欲令相为用，不得不相贼害也。——《论衡·物势》
00991,孙子,中国,A,兵闻拙速，未睹巧之久也。——《孙子兵法·作战篇》
00992,苏格拉底,西方,A,要关心灵魂的最大改善，而不是身体与钱财。——柏拉图《申辩篇》29d—30b〔译〕
00993,孟子,中国,B,养生丧死无憾，王道之始也。——《孟子·梁惠王上》
00994,马克思,西方,A,宗教，是还没有获得自身或已再度丧失自身的人的自我意识和自我感觉。——《1844年经济学哲学手稿》〔译〕
00995,奥古斯丁,西方,B,自然之法是写在人心中的，纵在不信者也能略知一二。——《论自由意志·2·?》〔译〕
00996,尼采,西方,B,无历史的与超历史的，是治历史病的两剂药。——《不合时宜的沉思》〔意译〕
00997,孟子,中国,B,以力服人者，非心服也；以德服人者，中心悦而诚服也。——《孟子·公孙丑上》
00998,鲁米,伊斯兰波斯,B,让所爱之美成为我们所行之事。——《玛斯纳维·卷二》〔译〕
00999,胡塞尔,西方,B,主体间性构成了一个共同的、主体间的世界。——《笛卡尔式的沉思》第五沉思〔译〕
01000,王充,中国,A,得官不欣，失位不恨。——《论衡·自纪》
01001,周敦颐,中国,B,阳变阴合，而生水火木金土。五气顺布，四时行焉。——《太极图说》
01002,克尔凯郭尔,西方,B,理性可以解释世界，却安慰不了一个绝望者。——《致死的疾病》（Anti-Climacus）〔译〕
01003,庄子,中国,B,以道观之，物无贵贱；以物观之，自贵而相贱。——《庄子·秋水》
01004,公孙龙,中国,B,二无一。——《公孙龙子·通变论》
01005,洛克,西方,B,统治者的权力来自被统治者的同意。——《政府论两篇·下篇》章八·节95〔意译〕
01006,张载,中国,A,富贵福泽，将厚吾之生也；贫贱忧戚，庸玉汝于成也。——《西铭》
01007,陆九渊,中国,B,千虚不博一实，吾平生学问无他，只是一实。——《语录》（卷三十五）
01008,老子,中国,A,为学日益，为道日损。损之又损，以至于无为。——《道德经·第四十八章》
01009,黄宗羲,中国,B,人各得自私，人各得自利，固人之情也。——《明夷待访录·原君》 〔意译〕
01010,荀子,中国,A,青，取之于蓝，而青于蓝。——《荀子·劝学》
01011,墨子,中国,B,民有三患：饥者不得食，寒者不得衣，劳者不得息。——《墨子·非乐上》
01012,惠施,中国,B,至大无外，谓之大一；至小无内，谓之小一。——《庄子·天下》（历物十事之一）
01013,亚里士多德,西方,A,最好的生活，是合于那最优德性（沉思）的生活。——〔译〕《尼各马可伦理学》1176a—b
01014,程颐,中国,A,邪僻之虑，无自而入。——《遗书》卷十五
01015,程颢,中国,A,观天理，亦须放开意思，开阔得心胸，便可见。——《遗书》卷二上
01016,莱布尼茨,西方,B,上帝以最少的理由产生最多的效果（充足理由的节约）。——《单子论》第58节〔意译〕
01017,李贽,中国,B,天下之法，未有不弊者也。——《焚书·论政》
01018,商羯罗,印度,A,离欲、离慢、离分别，乃能证悟不二之我。——《梵经注·卷三》〔译〕
01019,陆九渊,中国,A,凡事只看其理如何，不要看其人是谁。——《语录》（卷三十五）
01020,黑格尔,西方,B,市民社会中，每个人都以自己为目的。——《法哲学原理·§182》〔译〕
01021,商羯罗,印度,A,知阿特曼者超出生死；不知者轮回不息。——《梵经注·卷二》〔译〕
01022,嵇康,中国,B,宅无吉凶，随所遭而安。——《难宅无吉凶摄生论》
01023,德谟克利特,西方,B,万物皆依必然与原子之撞击而成，并非出于偶然。——〔译〕《残篇》DK B256（据载，与留基伯同说；第欧根尼·拉尔修 IX 转引）
01024,阿伦特,西方,A,一个人的尊严，在于他能说「这是我自己的判断」。——《责任与判断》〔意译〕
01025,柏拉图,西方,A,灵魂如御者驾驭双马：一匹驯良，一匹顽劣。——〔译〕《斐德罗》246a—b
01026,程颐,中国,A,君子之学，在于正其心，养其性。——《遗书》卷十五
01027,加缪,西方,A,人不该自杀，因为荒诞正要求人活下去。——《西西弗神话》〔译〕
01028,爱比克泰德,西方,A,当你认定某物属于你时，先提醒自己它是什么：你抱住的不过是一件易碎的陶杯，它碎了也不奇怪。——《手册·3》〔意译〕
01029,冯友兰,中国,B,中庸是儒家所认为最高底德。——《中国哲学简史·第四章》
01030,克尔凯郭尔,西方,B,人用「理解」逃避「决断」。——《哲学片段》（Johannes Climacus）〔译〕
01031,程颢,中国,A,生之谓性。性即气，气即性，生之谓也。——《遗书》卷一 ⚠️二程未分（卷一为二先生语）
01032,洛克,西方,B,国家的目的是保护财产与自由。——《政府论两篇·下篇》章九·节124〔意译〕
01033,笛卡尔,西方,A,凡不是清楚分明的，我一律不当作真的接受。——《谈谈方法》第二部分（方法规则一）
01034,韩非,中国,A,恃人不如自恃也。——《韩非子·外储说右下》
01035,顾炎武,中国,A,耻之于人大矣，不耻则无所不为。——《日知录·廉耻》
01036,叔本华,西方,B,历史，不过是同一剧本的无穷重演。——《作为意志和表象的世界》〔译〕
01037,僧肇,中国,B,然则动静未始异，而惑者不同。——《物不迁论》
01038,维特根斯坦,西方,B,凡可言说者，皆可被清晰言说。——《逻辑哲学论》4.116〔译〕
01039,加缪,西方,B,世界本身并不理性，它只是存在着。——《西西弗神话》〔意译〕
01040,熊十力,中国,A,吾侪生命，与宇宙大生命，本非二。——《十力语要·卷二》 #self-other
01041,赫拉克利特,西方,B,疾病使健康显得甘美与美好，饥饿使饱足甘美，劳顿使安息甘美。——〔译〕《残篇》DK B111（安德罗提翁/斯托拜乌斯转引）
01042,黑格尔,西方,A,真正的自我，是浸透了伦理实体的自我。——《法哲学原理》〔译〕
01043,朱熹,中国,A,敬字工夫，乃圣门第一义。——《语类》
01044,克里希那穆提,印度,A,必须有一份内在的空寂，真理才能来临。——《智慧的觉醒》〔译〕
01045,王充,中国,B,经传之文，贤圣之语，古今言殊，四方谈异也。——《论衡·自纪》
01046,苏格拉底,西方,A,死或许是一件好事。——柏拉图《申辩篇》40c
01047,顾炎武,中国,B,不廉，则无所不取；不耻，则无所不为。——《日知录·廉耻》
01048,波普尔,西方,A,理智的诚实，要求我先假设自己是错的。——《猜想与反驳》〔意译〕
01049,王充,中国,A,譬犹练丝，染之蓝则青，染之丹则赤。——《论衡·率性》
01050,鲁米,伊斯兰波斯,B,时间如河，载走浮舟，留者唯爱。——。——《玛斯纳维·卷五》 #self-other〔译〕
01051,王弼,中国,A,尚名好高，其身必疏；贪货无厌，其身必少。——《老子注·四十四章》
01052,牟宗三,中国,B,良知之天理，是万事之准则。——《心体与性体·第二部》 〔意译〕
01053,雅斯贝尔斯,西方,B,现代社会的危机，是交往的失败与孤独的普遍化。——《时代的精神状况》〔意译〕
01054,斯宾诺莎,西方,A,我越理解万物的必然，就越少为外物所扰。——《伦理学》第五部分·命题六附释〔意译〕
01055,周敦颐,中国,A,诚则无事矣。——《通书·诚下》
01056,王夫之,中国,A,致知之途有二，曰学、曰思。——《读通鉴论·卷六》
01057,程颐,中国,B,俭，德之共也；侈，恶之大也。——《易传·否卦》
01058,鲁米,伊斯兰波斯,B,夜空万千星，皆是一光之分辉。——《玛斯纳维·卷四》〔译〕
01059,王阳明,中国,A,为学须有个头脑。——《传习录》上
01060,朱熹,中国,A,学须是熟，熟则心精，心精则自然见理。——《语类》
01061,休谟,西方,A,痛苦与快乐的印象是全部动机的源头。——《人性论》卷二·章一〔意译〕
01062,康德,西方,A,自由，是道德律的存在理由；道德律，是自由的认识理由。——《实践理性批判》〔译〕
01063,福柯,西方,B,凡有权力之处，必有抵抗。——《性史·第一卷》〔译〕
01064,王充,中国,A,才高行洁，不可保以必尊贵；能薄操浊，不可保以必卑贱。——《论衡·逢遇》
01065,洛克,西方,A,经验有两条途径：感觉与外部对象，反省与心灵内部运作。——《人类理解论》卷二·章一·节2〔意译〕
01066,庄子,中国,A,且夫水之积也不厚，则其负大舟也无力。——《庄子·逍遥游》
01067,朱熹,中国,A,书不记，熟读可记；义不精，细思可精；惟有志不立，直是无着力处。——《语类》
01068,加缪,西方,B,沉默的大多数，是荒诞得以维持的共谋。——《局外人》〔意译〕
01069,维特根斯坦,西方,A,我所谓「我看见红色」，是习得的语言反应，不是私密的命名。——《哲学研究》§244〔译〕
01070,孟子,中国,B,劳心者治人，劳力者治于人。——《孟子·滕文公上》
01071,王弼,中国,B,故言者所以明象，得象而忘言；象者所以存意，得意而忘象。——《周易略例·明象》
01072,叔本华,西方,A,个性的价值，高于一切外在的际遇。——《附录与补遗·人生的智慧》〔译〕
01073,惠施,中国,B,天与地卑，山与泽平。——《庄子·天下》（历物十事之三）
01074,巴门尼德,西方,B,一切所谓的生灭，皆因形相的离合而显，并非真的有无。——〔译〕《论自然》残篇 DK B8（辛普里丘转引）
01075,休谟,西方,B,物质实体与精神实体一样，都是不可知的假设。——《人性论》卷一·部四·章五〔意译〕
01076,福柯,西方,A,我写作，是为了让自己能被反驳。——《言与文》〔意译〕
01077,吉田兼好,日本,A,修养在平日，临事方显。——《徒然草》〔译〕
01078,朱熹,中国,A,居敬持志。——《朱子读书法》
01079,释迦牟尼,印度,B,沙门婆罗门如实知苦、知集、知灭、知道者，我施设彼为沙门。——《杂阿含经·卷十七》
01080,加缪,西方,A,应当想象西西弗是幸福的。——《西西弗神话》〔译〕
01081,张载,中国,A,穷神知化，与天为一。——《正蒙·神化》
01082,阿奎那,西方,A,恩典不摧毁本性，而成全本性；自然之能，因恩典而达其本不能及。——《神学大全·I-II·q.110·a.1》〔译〕
01083,叔本华,西方,B,正义，是承认他人与我同具求生意志。——《论道德的基础》〔译〕
01084,牟宗三,中国,B,综和的尽理之精神，与分解的尽理之精神，是中西文化之辨。——《政道与治道》 〔意译〕
01085,克尔凯郭尔,西方,B,群众不需要真理，只需要喧哗。——《日记》（Papirer）〔译〕
01086,孔子,中国,A,志士仁人，无求生以害仁，有杀身以成仁。——《论语·卫灵公》
01087,顾炎武,中国,B,法立而奸生，令下而诈起，在乎人不在于法。——《日知录》 〔意译〕
01088,王夫之,中国,A,修其身者，必先正其心。——《尚书引义·太甲二》 〔意译〕
01089,福柯,西方,B,知识不是为认识而认识的，它总是与权力相互缠绕。——《权力的眼睛》〔译〕
01090,第欧根尼,西方,B,多数所谓的朋友，只是时运的随从。——〔意译〕《名哲言行录》卷六（据其言论）
01091,惠施,中国,B,我非子，固不知子矣；子固非鱼也，子之不知鱼之乐，全矣！——《庄子·秋水》（惠施语）
01092,周敦颐,中国,A,无思，本也；思通，用也。几动于彼，诚动于此。无思而无不通，为圣人。——《通书·思》
01093,慧能,中国,B,外于一切善恶境界，心念不起名为坐；内见自性不动名为禅。——《坛经》（敦煌本）
01094,张载,中国,B,故天地之塞，吾其体；天地之帅，吾其性。——《西铭》 #self-other
01095,吉田兼好,日本,A,趣味不在物，在观物之心。——《徒然草》〔译〕
01096,商鞅,中国,B,王者刑九赏一。——《商君书·去强》
01097,密尔,西方,A,一个人，若从未形成自己的意见，便不曾真正拥有理性。——《论自由·第二章》〔译〕
01098,阿伦特,西方,B,把人降格为「物种的一员」，是现代官僚之恶的开端。——《人的境况》〔意译〕
01099,苏格拉底,西方,A,一个人如果以为自己知道其实不知道的事，就是最严重的无知。——柏拉图《申辩篇》29b〔意译〕
01100,张载,中国,B,游气纷扰，合而成质者，生人物之万殊；其阴阳两端，循环不已者，立天地之大义。——《正蒙·太和》
01101,老子,中国,B,治大国若烹小鲜。——《道德经·第六十章》
01102,董仲舒,中国,B,仁义制度之数，尽取之天。——《春秋繁露·基义》
01103,董仲舒,中国,B,孔子曰：不患寡而患不均。——《春秋繁露·度制》
01104,龙树,印度,B,若法众缘生，即是寂灭性，当知是法，本自不生。——《十二门论·观因缘门》〔意译〕
01105,休谟,西方,A,我若内省，所能发现的只是这一个或那一个具体的知觉，找不到一个恒常的「我」。——《人性论》卷一·部四·章六〔意译〕
01106,周敦颐,中国,B,五行，一阴阳也；阴阳，一太极也；太极，本无极也。——《太极图说》
01107,王弼,中国,B,夫卦者，时也；爻者，适时之变者也。——《周易略例·明卦适变通爻》
01108,僧肇,中国,B,夫言由名起，名以相生。——《涅槃无名论》
01109,维特根斯坦,西方,A,哲学生病，源于语言在假期中闲荡。——《哲学研究》§38〔译〕
01110,福柯,西方,A,我不为任何阵营写作，我只为那些拒绝被代表的人写作。——《权力的眼睛》〔意译〕
01111,康德,西方,B,范畴，是知性用以整理经验的纯粹概念。——《纯粹理性批判·先验分析论》〔译〕
01112,董仲舒,中国,A,性有似目，目卧幽而瞑，待觉而后见；性待教而后善。——《春秋繁露·深察名号》
01113,克尔凯郭尔,西方,B,现代性的反思，消解了行动。——《现时代》（本名）〔译〕
01114,孙子,中国,A,故兵贵胜，不贵久。——《孙子兵法·作战篇》
01115,顾炎武,中国,B,经学明而义理明，义理明而躬行立。——《亭林文集》 〔意译〕
01116,密尔,西方,B,好政府的标准，是增进公众的好，并发展人民的才能。——《代议制政府》〔译〕
01117,叔本华,西方,B,金钱，是抽象化的幸福。——《附录与补遗·人生的智慧》〔译〕
01118,马可·奥勒留,西方,A,如果有人轻视你，随他去；重要的是你自己不要做可被轻视的事。——《沉思录》卷十·13〔意译〕
01119,赫拉克利特,西方,B,人们若以为自己知道其实不知道的事，便会自欺。——〔译〕《残篇》DK B17（塞克斯都·恩披里柯《 Pyrrhoniae 论纲》转引）
01120,巴门尼德,西方,B,你将知晓那以太的本性，与其中一切征兆，并那无瑕的太阳之火。——〔译〕《论自然》残篇 DK B10（辛普里丘转引）
01121,李贽,中国,B,人之是非，初无定质；人之是非人也，亦无定论。——《焚书·答耿中丞》
01122,亚里士多德,西方,B,"奴隶是""会说话的工具""，是活着的财产。——〔译〕《政治学》1253b—1260a"
01123,陆九渊,中国,A,收拾精神，自作主宰。——《语录》（卷三十五）
01124,庄子,中国,B,道在屎溺。——《庄子·知北游》
01125,冯友兰,中国,B,形上学所讲者，是对于一切事实底形式底解释。——《新理学·绪论》
01126,王弼,中国,B,夫事有归，理有会。故得其归，事虽殷大，可以一名举；得其会，理虽博，可以至约穷也。——《论语集解》引王弼《论语释疑》（一以贯之注）
01127,尼采,西方,A,我宁愿做萨提尔，也不愿做圣人。——《瞧，这个人》〔意译〕
01128,雅斯贝尔斯,西方,B,历史没有预定目的，却朝向可能统一的实存交往。——《历史的起源与目标》〔意译〕
01129,巴门尼德,西方,B,天穹环抱大地，以太在外，火在最外层运转。——〔译〕《论自然》残篇 DK B13（辛普里丘转引）
01130,爱比克泰德,西方,B,神让每个人都被置于某种外在条件中，以考验他能否在其中守持自己的判断。——《手册·17》〔意译〕
01131,僧肇,中国,B,夫至虚无生者，盖是般若玄鉴之妙趣，有物之宗极。——《不真空论》
01132,康德,西方,B,审美判断，无概念却要求普遍有效。——《判断力批判·§9》〔译〕
01133,郭象,中国,A,故乘天地之正者，即是顺万物之性也。——《庄子注·逍遥游》
01134,克尔凯郭尔,西方,A,信仰的跳跃，不能由理性来担保。——《哲学片段》（Johannes Climacus）〔译〕
01135,公孙龙,中国,A,"公孙龙疾名实之散乱，因资材之所长，为""守白""之论。——《公孙龙子·迹府》"
01136,维特根斯坦,西方,A,我的意志在世界中只能是价值的承载者，而非事实的制造者。——《逻辑哲学论》6.43〔译〕
01137,孔子,中国,B,举直错诸枉，能使枉者直。——《论语·颜渊》
01138,加缪,西方,B,正义若不以生命为尺度，便沦为暴政。——《反抗者》〔意译〕
01139,阿伦特,西方,B,我们衡量一个社会，要看它如何对待那些「多余的人」。——《极权主义的起源》〔意译〕
01140,张载,中国,B,见闻之知，乃物交而知，非德性所知。——《正蒙·大心》
01141,郭象,中国,A,真者，自然也。——《庄子注·大宗师》
01142,萨特,西方,B,人应当为他人自由而战，因那是自己自由的条件。——《存在主义是一种人道主义》〔译〕
01143,周敦颐,中国,A,无欲则静虚动直。静虚则明，明则通；动直则公，公则溥。——《通书·圣学》
01144,亚里士多德,西方,B,正义是完满的德性，关乎他者，如星辰之于夜空。——〔译〕《尼各马可伦理学》1129a—1130a
01145,洛克,西方,A,人的理解若不受训练，天赋再高也无用。——《人类理解论》卷一·章二·节12〔意译〕
01146,萨特,西方,A,意识到自由，是痛苦的，但它是人的尊严。——《存在与虚无》〔意译〕
01147,赫拉克利特,西方,B,战争是万物之父，也是万物之王；它使一些人成为神，一些人成为人，使一些人为奴，一些人为自由。——〔译〕《残篇》DK B53（克莱门《杂记》转引）
01148,伊壁鸠鲁,西方,B,习惯当有所节制，方不致为虚妄所役。——〔译〕《梵蒂冈格言集》VS 81
01149,巴门尼德,西方,A,同一者，既为可思者，亦为存在者。——〔译〕《论自然》残篇 DK B3（辛普里丘转引）
01150,维特根斯坦,西方,B,世界由不可怀疑的命题所支撑，而非由证明。——《论确实性》〔意译〕
01151,帕斯卡,西方,B,一切时代的哲人都彼此矛盾，正说明单凭理性不够。——《思想录》L445〔意译〕
01152,僧肇,中国,B,庄生之所以藏山，仲尼之所以临川，斯皆感往者之难留，岂曰排今而可往？——《物不迁论》
01153,德谟克利特,西方,A,损害他人者，先已损害了自己。——〔译〕《残篇》DK B69（斯托拜乌斯转引）
01154,嵇康,中国,B,夫为稼于汤之世，偏有一溉之功者，虽终归于燋烂，必一溉者后枯。——《养生论》
01155,苏格拉底,西方,A,真正重要的，不是活着，而是活得正当。——柏拉图《克力同篇》48b〔译〕
01156,郭象,中国,A,知天人之所为者，皆自然也。——《庄子注·大宗师》
01157,王弼,中国,B,天下之物，皆以有为生。有之所始，以无为本。将欲全有，必反于无也。——《老子注·四十章》
01158,李贽,中国,A,童心既障，于是发而为言语，则言语不由衷。——《焚书·童心说》
01159,孔子,中国,A,富与贵，是人之所欲也；不以其道得之，不处也。贫与贱，是人之所恶也；不以其道得之，不去也。——《论语·里仁》
01160,冯友兰,中国,A,知天，是天地境界中底人所必有底觉解。——《新原人·第四章》
01161,郭象,中国,A,夫安于命者，无往而非逍遥矣。——《庄子注·大宗师》
01162,阿伦特,西方,B,贫困，是迫使人们退出公共领域的暴政。——《论革命》〔意译〕
01163,王弼,中国,A,圣人达自然之性，畅万物之情，故因而不为，顺而不施。——《老子注·二十九章》
01164,德谟克利特,西方,A,勇敢者并非不感恐惧，而是能战胜恐惧。——〔译〕《残篇》DK B40（斯托拜乌斯转引）
01165,马克思,西方,B,分工，是私有制与异化的根源。——《德意志意识形态》〔译〕
01166,德谟克利特,西方,B,内乱是城邦最大的灾祸，制造者当受罚。——〔译〕《残篇》DK B255（斯托拜乌斯转引）
01167,阿奎那,西方,B,受造之物，其本质与存在有别；是其所是，与「存在」并非一事。——《论存在与本质》〔译〕
01168,柏拉图,西方,B,线段喻：可见世界与可知世界各分两段，真理程度迥异。——〔译〕《理想国》509d—511e
01169,康德,西方,A,定言命令不带任何条件；它命令，只因它是义务。——《道德形而上学奠基》〔译〕
01170,黑格尔,西方,B,现代国家，是自由的现实化。——《法哲学原理》〔译〕
01171,尼采,西方,A,我现在不愿走任何人的路，无论是走在我前面的，还是走在我上面的。——《查拉图斯特拉如是说·论三种变形》〔意译〕
01172,陆九渊,中国,B,道在天下，加之不可，损之不可，取之不可，舍之不可。——《语录》
01173,庄子,中国,B,朝菌不知晦朔，蟪蛄不知春秋。——《庄子·逍遥游》
01174,朱熹,中国,A,为学工夫，不在日用之外。——《语类》
01175,吉田兼好,日本,A,花不必盛，月不必圆；缺月、薄花，自有其趣。——《徒然草·第9段》〔译〕
01176,孟子,中国,A,天将降大任于是人也，必先苦其心志，劳其筋骨，饿其体肤，空乏其身，行拂乱其所为。——《孟子·告子下》
01177,董仲舒,中国,A,故治乱废兴在于己，非天降命不可得反。——《汉书·董仲舒传》（举贤良对策）
01178,嵇康,中国,A,养生有五难：名利不灭，此一难也；喜怒不除，此二难也；声色不去，此三难也；滋味不绝，此四难也；神虑消散，此五难也。——《答难养生论》
01179,王阳明,中国,B,人人自有定盘针，万化根源总在心。——《咏良知四首示诸生》
01180,亚里士多德,西方,A,大度者自视配得大荣，举止从容、不记小怨。——〔译〕《尼各马可伦理学》1123a—1125a
01181,吉田兼好,日本,A,处顺境如处逆，是定力。——《徒然草》〔译〕
01182,朱熹,中国,A,读书无疑者，须教有疑；有疑者，却要无疑，到这里方是长进。——《语类》卷十一
01183,程颢,中国,A,富贵不淫贫贱乐，男儿到此是豪雄。——《秋日》
01184,海德格尔,西方,A,我的存在总是「我的」，无人能替我承担。——《存在与时间》〔意译〕
01185,笛卡尔,西方,A,在一切知识中，首先应当认识的是我们自己的心灵。——《哲学原理》序言〔意译〕
01186,雅斯贝尔斯,西方,B,真正的理性，是在超越中把握自身限度的理性。——《哲学》〔意译〕
01187,柏拉图,西方,B,世界的创造者是善的，故所造世界是诸可能中最好的。——〔译〕《蒂迈欧》29e—30a
01188,笛卡尔,西方,B,一切观念中，最清楚的是上帝的观念和我自己的观念。——《第一哲学沉思集》第三沉思〔意译〕
01189,顾炎武,中国,B,礼义廉耻，国之四维；四维不张，国乃灭亡。（引《管子》而申之）——《日知录·廉耻》
01190,商羯罗,印度,B,知识（vidyā）能破无明，如日破暗；非以业行能得梵。——《梵经注·卷三》〔译〕
01191,海亚姆,伊斯兰波斯,A,棋局已布，落子无悔，人乃局中子。——《鲁拜集》〔译〕
01192,顾炎武,中国,B,故国之本在民，民之本在食。——《日知录》 〔意译〕
01193,道元,日本,A,学者须知：行持即是佛行，非别有所证。——《正法眼藏·行持》
01194,孔子,中国,B,己欲立而立人，己欲达而达人。——《论语·雍也》
01195,老子,中国,B,道可道，非常道；名可名，非常名。——《道德经·第一章》
01196,孙子,中国,A,兵者，国之大事，死生之地，存亡之道，不可不察也。——《孙子兵法·计篇》
01197,韩非,中国,B,事因于世，而备适于事。——《韩非子·五蠹》
01198,阿伦特,西方,B,暴力能摧毁权力，却无法创造权力。——《论革命》〔译〕
01199,德谟克利特,西方,A,被称善还不够，成为善才是。——〔译〕《残篇》DK B118（斯托拜乌斯转引）
01200,牟宗三,中国,A,真我之呈现，在逆觉体证。——《心体与性体·第一部》 〔意译〕
01201,海德格尔,西方,B,存在之真理，需要人被置入其敞开之境。——《关于人道主义的书信》〔译〕
01202,奥古斯丁,西方,B,永恒不是时间的无尽延展，而是全然同在；神之「今」，无过去未来。——《上帝之城·11·?》〔译〕
01203,程颢,中国,B,天下善恶皆天理。——《遗书》卷二上
01204,僧肇,中国,B,故《中论》云：诸法不有不无者，第一真谛也。——《不真空论》
01205,张载,中国,A,体其受而归全者，参乎；勇于从而顺令者，伯奇也。——《西铭》
01206,嵇康,中国,B,若乃骄盈肆志，阻兵擅权，矜威纵虐，祸蒙丘山。——《太师箴》
01207,董仲舒,中国,A,性虽出善，而性未可谓善也。——《春秋繁露·深察名号》
01208,张载,中国,A,心解则悟，不必泥文。——《张子语录》
01209,王阳明,中国,A,圣人之学，不是这等捆缚苦楚的，不是妆做道学的模样。——《传习录》下
01210,斯宾诺莎,西方,B,民主制最能保障和平与自由，尽管难以长久维持。——《政治论》第十一章〔意译〕
01211,加缪,西方,A,我以我的冷漠对抗世界的冷漠。——《局外人》〔意译〕
01212,龙树,印度,A,观身如幻，观受如梦，观心如响，是名正观。——《大智度论·卷二十》〔意译〕
01213,孙子,中国,A,主不可以怒而兴师，将不可以愠而致战。——《孙子兵法·火攻篇》
01214,奥古斯丁,西方,B,受造界在无声中述说造主；你若静听，万物皆言。——《忏悔录·11·4》〔译〕
01215,龙树,印度,B,语言名字，皆是假立；诸法实相，离于言说。——《大智度论·卷三十二》〔意译〕
01216,奥古斯丁,西方,A,当我对你无话可说，那沉默本身已是赞美。——《忏悔录·1·4》〔译〕
01217,孔子,中国,B,性相近也，习相远也。——《论语·阳货》
01218,阿伦特,西方,B,拥有权利的权利，是流亡者与无国籍者最后、最根本的权利。——《极权主义的起源》〔译〕
01219,庄子,中国,B,井蛙不可以语于海者，拘于虚也；夏虫不可以语于冰者，笃于时也；曲士不可以语于道者，束于教也。——《庄子·秋水》
01220,黄宗羲,中国,A,慎独者，学问之第一义。——《明儒学案》 〔意译〕
01221,福柯,西方,B,理性的胜利，伴随着对非理性的禁闭。——《疯癫与文明》〔译〕
01222,王弼,中国,A,大巧，因自然以成器，不造为异端。——《老子注·四十五章》
01223,僧肇,中国,B,夫无则湛然不动，可谓之无；有则品物雷同，可谓之有。——《不真空论》
01224,安萨里,伊斯兰波斯,B,科学（如医、算）有益，然不可僭越于启示之上。——《迷途指津》〔译〕
01225,帕斯卡,西方,B,世界的历史充满偶然，伟大帝国的兴衰系于一桩小事。——《思想录》L425〔意译〕
01226,马可·奥勒留,西方,B,想想你所活过的岁月，与整个时间相比，不过一瞬。——《沉思录》卷四·50〔意译〕
01227,马克思,西方,A,人在对象化活动中确证自己。——《1844年经济学哲学手稿》〔译〕
01228,熊十力,中国,B,公者，仁之量也。——《原儒·卷二》 〔意译〕
01229,鲁米,伊斯兰波斯,A,伤口，是光进入你之处。——《玛斯纳维·卷二》〔译〕
01230,冯友兰,中国,B,所谓古今之别，实即社会类型之别。——《新事论》 〔意译〕
01231,第欧根尼,西方,A,若没有安提斯泰尼，我便只是一条狗。——〔译〕《名哲言行录》卷六·33
01232,马克思,西方,A,人的解放，是把自身从非人的关系中解放出来。——《1844年经济学哲学手稿》〔译〕
01233,德谟克利特,西方,B,世界不可计数，有的似我们的，有的不似。——〔译〕《残篇》DK B167（据艾修斯/第欧根尼·拉尔修 IX 转引）
01234,伊壁鸠鲁,西方,A,认清生命限度的人，能除去对未来的忧惧与对长短的渴求。——〔译〕《主要学说》KD 21
01235,克里希那穆提,印度,A,冥想不是逃离现实，而是对现实的全然觉知。——《重新认识你自己》〔译〕
01236,亚里士多德,西方,B,修辞是对应于辩证法的说服之能，关乎或然与可信。——〔译〕《修辞学》1356a
01237,吉田兼好,日本,B,世俗所贵，未必真贵。——《徒然草》〔译〕
01238,伊壁鸠鲁,西方,B,若否定虚空与原子，便无从解释运动与感觉。——〔译〕《梵蒂冈格言集》VS 65
01239,僧肇,中国,A,圣人不见有无，而睹其本。——《不真空论》
01240,吉田兼好,日本,A,文章之妙，在言外之余情。——《徒然草》〔译〕
01241,李贽,中国,B,六经、《语》《孟》，乃道学之口实，假人之渊薮也。——《焚书·童心说》
01242,笛卡尔,西方,A,我的实质、我的存在，并不依赖我的身体。——《第一哲学沉思集》第六沉思〔意译〕
01243,王弼,中国,B,玄者，冥也，默然无有也。——《老子注·一章》
01244,叔本华,西方,B,天才，是为全人类而受苦的器官。——《附录与补遗·论天才》〔译〕
01245,伊壁鸠鲁,西方,A,我们必须把自己从日常琐务的牢笼中解放出来。——〔译〕《梵蒂冈格言集》VS 58
01246,塞涅卡,西方,B,命运给每个人的处境不同，为的是考验各人能否在其中守持理性。——《论天意·2》〔译〕
01247,尼采,西方,A,我们所爱的，始终是我们的欲望，而不是我们所求之物。——《善恶的彼岸》箴言175〔意译〕
01248,黑格尔,西方,A,主体的自由，在于把必然性内化为自己的本质。——《法哲学原理·§15》〔译〕
01249,安萨里,伊斯兰波斯,A,我遍访各派，经怀疑之炼，终归于苏非之内在体验。——《迷途指津》〔译〕
01250,叔本华,西方,A,骄傲基于自我，虚荣基于他人。——《附录与补遗·人生的智慧》〔译〕
01251,阿伦特,西方,A,我始终是个外来者，这让我得以保留审视的距离。——《过去与未来之间》〔意译〕
01252,笛卡尔,西方,A,我的意志就其本性而言是自由的，不受任何外在强制。——《第一哲学沉思集》第四沉思〔意译〕
01253,德谟克利特,西方,A,节制能增益快乐，并使之持久。——〔译〕《残篇》DK B62（斯托拜乌斯转引）
01254,斯宾诺莎,西方,B,把神等同于自然，才能摆脱目的论的谬误。——《伦理学》第一部分·附录〔意译〕
01255,休谟,西方,B,效用是道德赞赏的主要来源。——《道德原则研究》〔意译〕
01256,顾炎武,中国,B,治乱之关，必在人心风俗。——《日知录·世风》
01257,程颢,中国,A,以诚敬存之，久而天理明。——《识仁篇》
01258,王充,中国,A,气寿，人之禀气，有厚薄，故命有长短。——《论衡·气寿》
01259,董仲舒,中国,B,君为臣纲，父为子纲，夫为妻纲。——《春秋繁露·基义》
01260,郭象,中国,B,群品独化于玄冥之境。——《庄子注·齐物论》
01261,康德,西方,B,世界公民的权利，应由普遍而受保障的永久和平来捍卫。——《永久和平论》（1795）〔译〕
01262,商鞅,中国,A,圣人苟可以强国，不法其故；苟可以利民，不循其礼。——《商君书·更法》
01263,帕斯卡,西方,A,自我（moi）是可恨的。——《思想录》L494〔意译〕
01264,张载,中国,B,为天地立心，为生民立命，为往圣继绝学，为万世开太平。——《张子语录》
01265,荀子,中国,A,凡人之欲为善者，为性恶也。——《荀子·性恶》
01266,黑格尔,西方,B,战争有其伦理上的必要性，它防止了内部生活的僵化。——《法哲学原理·§324》〔译〕
01267,塞涅卡,西方,A,愤怒是短暂的疯狂；它伤人之前先伤己。——《论愤怒·1·1》〔译〕
01268,波普尔,西方,B,社会工程应如修补匠，而非如建筑师一次性设计整座城市。——《开放社会及其敌人》〔意译〕
01269,道元,日本,B,大地众生，同一真性，无有高下。——《正法眼藏·仏法》
01270,第欧根尼,西方,A,我唯一的财富，是自足。——〔意译〕《名哲言行录》卷六（据其言行）
01271,公孙龙,中国,B,坚、白、石，三，可乎？曰：不可。曰：二，可乎？曰：可。——《公孙龙子·坚白论》
01272,波普尔,西方,B,我们知识的增长，是从错误到错误的无限进程。——《猜想与反驳》〔意译〕
01273,德谟克利特,西方,B,多数人虽富而少有善者，善者恒寡。——〔译〕《残篇》DK B99（斯托拜乌斯转引）
01274,黄宗羲,中国,B,史之可贵，在存一代之是非。——《南雷文定》 〔意译〕
01275,熊十力,中国,B,真理不可方物，而散见乎万事。——《十力语要·卷二》 〔意译〕
01276,维特根斯坦,西方,B,命名是语言游戏的一环，而非给事物贴永恒标签。——《哲学研究》§26〔译〕
01277,龙树,印度,A,我我所皆空，故于诸法无取无着。——《中论·观邪见品》〔意译〕
01278,胡塞尔,西方,B,世界不是自在的物自体，而是对我显现的意义统一体。——《纯粹现象学通论》§27〔译〕
01279,冯友兰,中国,B,中国哲学有一个主要底倾向，就是不离乎人伦日用。——《中国哲学简史·绪论》
01280,罗素,西方,A,一个人若只爱自己，他便很难获得真正的幸福。——《幸福之路》〔译〕
01281,冯友兰,中国,B,大全是一切底有，是宇宙之总名。——《新理学·第四章》
01282,克里希那穆提,印度,A,你无法经由努力摆脱恐惧，你只能观照它。——《重新认识你自己》〔译〕
01283,萨特,西方,A,人没有固定的本性，他须在一片荒芜中自我造就。——《存在主义是一种人道主义》〔意译〕
01284,洛克,西方,B,自然法是理性所发现的、维系和平与保全的法则。——《政府论两篇·下篇》章二·节6〔意译〕
01285,克尔凯郭尔,西方,B,群众，是真理与责任心之消灭。——《日记》（Papirer）〔译〕
01286,柏拉图,西方,B,知识即知觉——这是普罗泰戈拉的断言，却被证明自相矛盾。——〔译〕《泰阿泰德》151e—160c
01287,亚里士多德,西方,A,德性以中道为准绳，由理性规定，如明智者所定。——〔译〕《尼各马可伦理学》1107a
01288,董仲舒,中国,B,道者，所繇适于治之路也，仁义礼乐皆其具也。——《汉书·董仲舒传》（举贤良对策）
01289,海德格尔,西方,A,畏（Angst）揭示出此在的被抛与自由。——《存在与时间》§40〔译〕
01290,赫拉克利特,西方,B,猪在泥淖中洗浴，家禽在水里。——〔译〕《残篇》DK B13（克莱门转引）
01291,僧肇,中国,B,梵志出家，白首而归，邻人见之曰：「昔人尚存乎？」梵志曰：「吾犹昔人，非昔人也。」——《物不迁论》
01292,帕斯卡,西方,B,习惯是我们的第二天性，它摧毁第一天性。——《思想录》L434〔意译〕
01293,顾炎武,中国,A,吾辈所恃，在耿介之性。——《亭林文集》 〔意译〕
01294,王充,中国,A,贤不贤，才也；遇不遇，时也。——《论衡·逢遇》
01295,周敦颐,中国,B,天道行而万物顺，圣德修而万民化。——《通书·顺化》
01296,安萨里,伊斯兰波斯,B,社会之病，根于人心之病；欲治世，先治心。——《宗教学科的复兴》〔译〕
01297,嵇康,中国,A,纵逸来久，情意傲散，简与礼相背，懒与慢相成。——《与山巨源绝交书》
01298,释迦牟尼,印度,A,疑惑未断者，当依因缘善观，勿轻信、勿轻传。——《增一阿含经·卷二十六》（伽摩罗经，不盲从）
01299,张载,中国,A,知礼成性，变化气质。——《张子语录》
01300,阿奎那,西方,B,自然法之首条，是「当行善、避恶」；此自明于正理。——《神学大全·I-II·q.94·a.2》〔译〕
01301,克里希那穆提,印度,A,你不了解自己，就无法了解世界。——《人生中不可不想的事》〔译〕
01302,马可·奥勒留,西方,A,你随时可以退出人生——只要这个退出是理性的、经过考虑的、不自夸的。——《沉思录》卷五·29〔意译〕
01303,福柯,西方,B,全景敞视（panopticism）使权力的运作变得经济而隐蔽。——《规训与惩罚》〔译〕
01304,阿伦特,西方,B,故事讲述，揭示出行为与事件的意义。——《人的境况》〔意译〕
01305,孟子,中国,A,爱人不亲，反其仁；治人不治，反其智；礼人不答，反其敬。——《孟子·离娄上》
01306,商鞅,中国,A,王者之兵，胜而不骄，败而不怨。胜而不骄者，术明也；败而不怨者，知所失也。——《商君书·战法》
01307,海亚姆,伊斯兰波斯,B,园中玫瑰不知己美，人却为之争。——《鲁拜集》〔译〕
01308,荀子,中国,B,天地合而万物生，阴阳接而变化起。——《荀子·礼论》
01309,康德,西方,B,物自体不可知；我们所知的，只是现象。——《纯粹理性批判》〔译〕
01310,董仲舒,中国,A,天生民性有善质，而未能善，于是为之立王以善之，此天意也。——《春秋繁露·深察名号》
01311,阿奎那,西方,A,真正的谦卑，是认自己的一切善皆来自上；自夸，是夺神之荣耀。——《神学大全·II-II·q.161·a.1》〔译〕
01312,王夫之,中国,A,夫性者，生理也，日生则日成也。——《尚书引义·太甲二》
01313,雅斯贝尔斯,西方,B,历史的意义，在于人类通过交往朝向统一的理性。——《历史的起源与目标》〔意译〕
01314,商鞅,中国,B,壹赏，壹刑，壹教。——《商君书·赏刑》
01315,李贽,中国,B,人人各正一己之太极，各具有一己之乾元。——《焚书·答邓石阳》 #self-other
01316,周敦颐,中国,B,五行之生也，各一其性。——《太极图说》
01317,斯宾诺莎,西方,B,迷信源于恐惧与无知，把自然事件归因于神的愤怒。——《神学政治论》第一章〔意译〕
01318,王夫之,中国,B,太和，和之至也。——《张子正蒙注·太和篇》
01319,莱布尼茨,西方,A,使自己的知觉尽可能清楚，是理性灵魂的本分。——《单子论》第26节〔意译〕
01320,孙子,中国,B,君之所以患于军者三：不知军之不可以进而谓之进，不知军之不可以退而谓之退，是谓縻军。——《孙子兵法·谋攻篇》
01321,萨特,西方,A,自身之虚无，是一切否定的根源。——《存在与虚无》〔译〕
01322,墨子,中国,A,是故江河之水，非一源之水也；千镒之裘，非一狐之白也。——《墨子·亲士》
01323,萨特,西方,B,战争揭示：个体自由在集体暴力中被抹除。——《存在主义是一种人道主义》〔意译〕
01324,克里希那穆提,印度,A,心理的时间——「我将会」——是哀伤与冲突的根源。——《重新认识你自己》〔译〕
01325,陆九渊,中国,B,宇宙内事，是己分内事；己分内事，是宇宙内事。——《杂说》（卷二十二） #self-other
01326,嵇康,中国,A,每非汤武而薄周孔。——《与山巨源绝交书》
01327,安萨里,伊斯兰波斯,B,历史的兴衰，示人世之无常与审判之确。——《宗教学科的复兴》〔译〕
01328,道元,日本,B,国土与众生，不一不异。——《正法眼藏·仏法》
01329,康德,西方,B,一切变化，都遵循因果律。——《纯粹理性批判·先验分析论》〔译〕
01330,吉田兼好,日本,B,草木一岁一枯荣，人亦如是。——《徒然草》〔译〕
01331,第欧根尼,西方,B,所谓荣誉，不过是愚人彼此的喝彩。——〔意译〕《名哲言行录》卷六（据其嘲讽）
01332,孙子,中国,B,兵之情主速，乘人之不及，由不虞之道，攻其所不戒也。——《孙子兵法·九地篇》
01333,安萨里,伊斯兰波斯,B,多数人随习俗而信，鲜有以求证而信。——《迷途指津》〔译〕
01334,马克思,西方,B,相对过剩人口，是资本主义生产方式的必然产物。——《资本论》第一卷·第二十三章〔译〕
01335,周敦颐,中国,A,君子居之，何陋之有？——《通书·陋》
01336,笛卡尔,西方,B,感官对象在被感官知觉的范围内，其真理性是可疑的。——《第一哲学沉思集》第一沉思〔意译〕
01337,斯宾诺莎,西方,B,观念的次序与联系，同事物的次序与联系是一样的。——《伦理学》第二部分·命题七
01338,爱比克泰德,西方,B,当你见到一个人身居高位，不要艳羡；那位置自有其代价与风险。——《手册·15》〔译〕
01339,黄宗羲,中国,B,论学必原其始，论治必考其终。——《南雷文定》 〔意译〕
01340,萨特,西方,B,社会契约若压制自由，便违背人的本性。——《存在主义是一种人道主义》〔意译〕
01341,吉田兼好,日本,A,知无常，故惜此刻。——《徒然草》〔译〕
01342,爱比克泰德,西方,B,我们所称的「命运」，不过是把那不由我们掌控之事归于一处之名；智者不与命运争，只做好自己分内之事。——《论说集·1·1》〔意译〕
01343,王夫之,中国,A,知也者，固以行为功者也。——《尚书引义·说命中》
01344,王弼,中国,A,不知知之不足任，则病也。——《老子注·七十一章》
01345,克里希那穆提,印度,B,思想所造的乌托邦，仍是思想的牢笼。——《重新认识你自己》〔译〕
01346,孟子,中国,A,人不可以无耻，无耻之耻，无耻矣。——《孟子·尽心上》
01347,叔本华,西方,B,婚姻，就其本质，是种族对个体的胜利。——《作为意志和表象的世界》〔译〕
01348,德谟克利特,西方,B,凡物皆由原子聚散，生死不过是聚散之变换。——〔译〕《残篇》DK B（据原子论通义，第欧根尼·拉尔修 IX 转引）
01349,海亚姆,伊斯兰波斯,B,七十二教派争讼，真理在杯底无言。——《鲁拜集》〔译〕
01350,第欧根尼,西方,B,真正的共同体，是智者之间的友爱，而非城墙与疆界。——〔意译〕《名哲言行录》卷六·61（引申）
01351,张载,中国,A,仁之难成久矣，人人失其所好；故仁者之难得也，然后知仁之为难成。——《正蒙·中正》
01352,王充,中国,A,命则不可勉，时则不可力。——《论衡·命禄》
01353,密尔,西方,A,人类应当成为自己的造就者。——《论自由》〔译〕
01354,郭象,中国,B,夫相因之功，莫若独化之至。——《庄子注·大宗师》
01355,慧能,中国,A,若识本心，即本解脱。——《坛经》（敦煌本）
01356,柏拉图,西方,A,对义人而言，无论生前死后，神都不会忽视他。——〔译〕《斐多》62b、107c
01357,波普尔,西方,B,我们不知道，我们只能在猜测。——《客观知识》〔译〕
01358,公孙龙,中国,A,以其所正，正其所不正；以其所不正，疑其所正。——《公孙龙子·名实论》
01359,加缪,西方,A,清醒地活着，是人对自身最大的诚实。——《西西弗神话》〔意译〕
01360,朱熹,中国,B,论天地之性，则专指理言；论气质之性，则以理与气杂而言之。——《语类》卷四
01361,冯友兰,中国,A,在道德境界中底人，其行为是行义底。——《新原人·第三章》
01362,商鞅,中国,B,民勇，则赏之以其所欲；民怯，则杀之以其所恶。——《商君书·去强》
01363,龙树,印度,A,修行者当先观自身，三十六物不净，何有实我可得？——《大智度论·卷二十一》〔意译〕
01364,黄宗羲,中国,B,传贤之法，固可于郡县之中行之。——《明夷待访录·置相》 〔意译〕
01365,克里希那穆提,印度,A,当你完全接受「事实」，冲突就停止了。——《重新认识你自己》〔译〕
01366,巴门尼德,西方,B,存在者不生不灭；因为它若生，必生于无，而无并不存在。——〔译〕《论自然》残篇 DK B8（辛普里丘转引）
01367,尼采,西方,A,我身上有一个不可摧毁的东西，那就是我的意志。——《查拉图斯特拉如是说》〔意译〕
01368,尼采,西方,A,谁若不能命令自己，就应当服从别人。——《善恶的彼岸》箴言199〔意译〕
01369,斯宾诺莎,西方,A,对神的理智之爱，是人的最高幸福。——《伦理学》第五部分·命题二十附释〔意译〕
01370,克尔凯郭尔,西方,B,当今时代，是反思、平均化的时代。——《现时代》（本名）〔译〕
01371,第欧根尼,西方,A,手杖与行囊，便是我全部的家当；人所需本就不多。——〔译〕《名哲言行录》卷六·30
01372,黄宗羲,中国,B,科举之弊，在乎徒事章句。——《明夷待访录·取士》 〔意译〕
01373,顾炎武,中国,B,有亡国，有亡天下。——《日知录·正始》
01374,柏拉图,西方,B,除非哲人成为王，或王成为哲人，否则城邦永无宁日。——〔译〕《理想国》473c—474a
01375,李贽,中国,A,凡为学，须是真实为己，方能有益。——《焚书》（近《答友人书》意） ⚠️
01376,陆九渊,中国,A,才与胆皆因识见而后充者也。——《语录》（卷三十五）
01377,马可·奥勒留,西方,B,理性动物是为彼此而存在的。——《沉思录》卷二·1
01378,程颢,中国,B,欲当大任，须是笃实。——《遗书》卷十一
01379,萨特,西方,B,人若否定他人自由，便否定自身自由。——《存在主义是一种人道主义》〔译〕
01380,斯宾诺莎,西方,B,除神之外，不能设想也不能存在任何实体。——《伦理学》第一部分·命题十四附释
01381,龙树,印度,B,诸法实相者，心行言语断，无生亦无灭，寂灭如涅槃。——《中论·观法品》（实相偈）
01382,爱比克泰德,西方,B,命运把身体、财物、名誉给了你又收回，如同戏台借给你道具；不要把它们当作自己的。——《手册·23》〔意译〕
01383,塞涅卡,西方,B,社会的恶，源于人人只顾自己的利益；公共利益高于私人得利。——《论恩惠·4》〔译〕
01384,胡塞尔,西方,B,客观主义科学造成了欧洲人性的危机。——《欧洲科学的危机与超越论的现象学》§1〔译〕
01385,程颢,中国,B,为国之道，在乎休养生息而已。——《遗书》卷十一
01386,张载,中国,B,神，天德；化，天道。——《正蒙·神化》
01387,韩非,中国,B,无参验而必之者，愚也；弗能必而据之者，诬也。——《韩非子·显学》
01388,吉田兼好,日本,B,春曙、夏夜、秋夕、冬晨，四时皆可观。——《徒然草》〔译〕
01389,海亚姆,伊斯兰波斯,B,球杆不问球之愿否，命运亦然。——《鲁拜集》〔译〕
01390,鲁米,伊斯兰波斯,A,真正的修行，是日夜与自己的黑暗对坐。——《玛斯纳维·卷四》〔译〕
01391,释迦牟尼,印度,A,若心被贪欲缠缚，则不能如实知见。——《杂阿含经·卷一》
01392,冯友兰,中国,A,日用处自有天理流行，不必求之于玄远。——《新原人·第三章》
01393,程颐,中国,B,易，变易也，随时变易以从道也。——《易传·序》
01394,荀子,中国,B,应之以治则吉，应之以乱则凶。——《荀子·天论》
01395,福柯,西方,A,我害怕的不是错误，而是不再能改变自己的想法。——《权力的眼睛》〔意译〕
01396,密尔,西方,B,压迫妇女，是人类半数潜能的浪费。——《论妇女的从属地位》〔译〕
01397,萨特,西方,A,我为自己的存在负责，没有借口。——《存在主义是一种人道主义》〔译〕
01398,赫拉克利特,西方,B,人们被可见事物的认识所欺骗，正如荷马那样博识的人也被骗。——〔译〕《残篇》DK B56（塞克斯都·恩披里柯转引）
01399,商羯罗,印度,A,若于梦中知梦，则梦不成缚；若于世间知摩耶，则世间不成缚。——《梵经注·卷二》〔译〕
01400,克尔凯郭尔,西方,A,信仰者，是在无限与有限之间保持张力的人。——《恐惧与颤栗》（Johannes de Silentio）〔译〕
01401,郭象,中国,A,凡所谓天，皆明不为而自然。——《庄子注·人间世》
01402,董仲舒,中国,A,义之养生人，大于利而厚于财也。——《春秋繁露·身之养重于义》
01403,熊十力,中国,B,仁为元德，是生生底本体。——《原儒·卷一》 〔意译〕
01404,孔子,中国,B,敬鬼神而远之，可谓知矣。——《论语·雍也》
01405,商羯罗,印度,B,如镜中像依镜而有，世界依梵而有；镜不染像，梵不染世。——《梵经注·卷二》〔译〕
01406,加缪,西方,A,人若不爱自己，便无从爱世间。——《反抗者》〔意译〕
01407,克里希那穆提,印度,B,权威是真理的敌人。——《克里希那穆提讲演录》〔译〕
01408,董仲舒,中国,B,凡物必有合。合，必有上，必有下；有前，必有后；有左，必有右。——《春秋繁露·基义》
01409,老子,中国,B,祸兮福之所倚，福兮祸之所伏。——《道德经·第五十八章》
01410,李贽,中国,B,穿衣吃饭，即是人伦物理；除却穿衣吃饭，无伦物矣。——《焚书·答邓石阳》
01411,密尔,西方,A,自由地犯错，好过被正确地奴役。——《论自由》〔译〕
01412,马可·奥勒留,西方,A,对不可能发生的事不要心存希望；也不要为了别人的期待而活。——《沉思录》卷七·7〔意译〕
01413,老子,中国,B,合抱之木，生于毫末；九层之台，起于累土；千里之行，始于足下。——《道德经·第六十四章》
01414,张载,中国,A,不弛劳而底豫，舜其功也；无所逃而待烹，申生其恭也。——《西铭》
01415,奥古斯丁,西方,B,万有皆由你而出、借你而立、归于你；这是受造界的整全秩序。——《上帝之城·11·?》〔译〕
01416,僧肇,中国,A,夫圣心者，微妙无相，不可为有；用之弥勤，不可为无。——《般若无知论》
01417,商鞅,中国,B,政作民之所恶，民弱；政作民之所乐，民强。——《商君书·弱民》
01418,洛克,西方,B,立法权是最高的权力，但它仍须受自然法约束。——《政府论两篇·下篇》章十一·节135〔意译〕
01419,赫拉克利特,西方,B,驴子宁愿要草料，也不要黄金。——〔译〕《残篇》DK B9（普鲁塔克《宴饮问题》转引）
01420,笛卡尔,西方,B,一块蜡的形状、硬度、气味都在变化，但它仍是同一块蜡——使我们认识它的不是想象，而是理智。——《第一哲学沉思集》第二沉思（蜡块论证）〔意译〕
01421,释迦牟尼,印度,B,弟子事师，当以敬顺；师导弟子，当以慈爱。——《长阿含经·善生经》
01422,黄宗羲,中国,A,一念之微，即为善恶所由分。——《明儒学案》 〔意译〕
01423,罗素,西方,B,事物并不像它们表面看起来的那样；这是哲学思考的第一个收获。——《哲学问题》〔译〕
01424,维特根斯坦,西方,A,我所学到的「我存在」，不是一个推论。——《蓝皮书与褐皮书》〔意译〕
01425,慧能,中国,A,凡夫即佛，烦恼即菩提。——《坛经》（敦煌本）
01426,笛卡尔,西方,B,知识的顺序应从最简单、最容易的对象开始，逐步上升到复杂。——《谈谈方法》第二部分（方法规则三）
01427,商鞅,中国,B,刑生力，力生强，强生威，威生德，德生于刑。——《商君书·说民》
01428,塞涅卡,西方,A,每日抽身片刻，与最高的自己相对而坐。——《致鲁基里乌斯书信集·第23封》〔译〕
01429,尼采,西方,B,真理的敌人不是谎言，而是信念。——《敌基督》第54节〔意译〕
01430,雅斯贝尔斯,西方,A,人不能用科学把握自己，因为自己永远是提问者。——《哲学》〔意译〕
01431,老子,中国,B,天长地久。天地所以能长且久者，以其不自生，故能长生。——《道德经·第七章》
01432,雅斯贝尔斯,西方,A,在极限处，理性的筹划让位于存在的跃迁。——《哲学》〔意译〕
01433,老子,中国,B,大音希声，大象无形。——《道德经·第四十一章》
01434,阿奎那,西方,B,语言与概念，皆以类比指向神；我们论神，是「像」而非「是」。——《神学大全·I·q.13·a.5》〔译〕
01435,爱比克泰德,西方,A,一个人若把幸福寄托于外物，他便把幸福交给了别人。——《手册·9》〔意译〕
01436,莱布尼茨,西方,A,每一个单子都被赋予一种内在的力，推动它变化。——《单子论》第11节〔意译〕
01437,笛卡尔,西方,A,我决意把我所接受的一切意见重新审查一遍，把根基挖空再重建。——《第一哲学沉思集》第一沉思 / 《谈谈方法》第三部分〔意译〕
01438,胡塞尔,西方,B,每一个对象都按其被给予方式而显现，显现方式构成其「视域」。——《纯粹现象学通论》§43〔译〕
01439,周敦颐,中国,B,天讨有罪，五刑五用哉！——《通书·刑》
01440,公孙龙,中国,B,右苟变，安可谓右？苟不变，安可谓变？——《公孙龙子·通变论》
01441,郭象,中国,A,各以得性为至，自尽为极也。——《庄子注·逍遥游》
01442,德谟克利特,西方,A,我们当以德行而非出身来尊敬人。——〔译〕《残篇》DK B66（斯托拜乌斯转引）
01443,维特根斯坦,西方,B,哲学让一切如其所是，不解释，只描述。——《哲学研究》§124〔译〕
01444,海德格尔,西方,A,此在的「我性」不在于实体，而在于生存的展开。——《存在与时间》〔意译〕
01445,冯友兰,中国,B,哲学史底任务，在叙述历代底哲学思想，并指出其发展。——《中国哲学史·绪论》
01446,黑格尔,西方,A,个人的特殊意志，须上升为普遍意志，才具伦理效力。——《法哲学原理》〔译〕
01447,密尔,西方,A,个性的自由发展，是人类福祉的首要要素之一。——《论自由·第三章》〔译〕
01448,商鞅,中国,B,国富而贫治，曰重国；国贫而富治，曰轻国。——《商君书·去强》
01449,福柯,西方,A,我的书，是我用来改变自己思想方式的工具。——《言与文》〔意译〕
01450,牟宗三,中国,A,心之悦理义，犹耳目之悦声色。——《心体与性体·第二部》 〔意译〕
01451,福柯,西方,A,我拒绝那种「我知道我是谁」的安逸。——《性经验史》〔意译〕
01452,王阳明,中国,B,心一也，以其全体恻怛而言谓之仁。——《传习录》中
01453,加缪,西方,A,荒诞的人，是不寻求意义却仍拥抱生活的人。——《西西弗神话》〔意译〕
01454,塞涅卡,西方,A,把人生看作旅舍而非故乡；你只是暂住，终须退房。——《论生命之短暂·1》〔译〕
01455,庄子,中国,B,以利合者，迫穷祸患害相弃也；以天属者，迫穷祸患害相收也。——《庄子·山木》
01456,帕斯卡,西方,B,宗教若只是道德，它便与哲学无异；基督教的独特在于恩典。——《思想录》L308〔意译〕
01457,李贽,中国,B,天下万物，皆出于太极。——《焚书》
01458,莱布尼茨,西方,A,灵魂即便不凭借身体也能活动，因为身体的表象已内在于它。——《单子论》第72节〔意译〕
01459,程颐,中国,B,以富贵骄人，虽可言；以学问骄人，不可也。——《遗书》卷十九
01460,孙子,中国,B,故明君贤将，所以动而胜人，成功出于众者，先知也。——《孙子兵法·用间篇》
01461,郭象,中国,A,夫仁义自是人之情性，但当任之耳。——《庄子注·骈拇》
01462,叔本华,西方,B,世界，是我的意志。——《作为意志和表象的世界·第一篇》〔译〕#self-other
01463,海德格尔,西方,B,世界不是物体的总和，而是意义敞开之境。——《存在与时间》§18〔译〕
01464,释迦牟尼,印度,A,当观身不净、受是苦、心无常、法无我。——《杂阿含经·卷十一》（四念处）
01465,阿伦特,西方,B,集中营，是极权主义试图把人「多余化」的终极实验室。——《极权主义的起源》〔译〕
01466,释迦牟尼,印度,A,自依止，法依止，不余依止。——《杂阿含经·卷二四》（阿难问经，attadīpa）
01467,黑格尔,西方,A,理性的真正胜利，是认识到理念在现实中的展开。——《逻辑学》〔译〕
01468,帕斯卡,西方,A,人的伟大不在于身体，而在于思想；思想的领域无限大于宇宙。——《思想录》L113〔意译〕
01469,叔本华,西方,B,真正的友谊罕见，因为多数人只求被需要。——《附录与补遗·人生的智慧》〔译〕
01470,商鞅,中国,B,天地设而民生之。当此之时也，民知其母而不知其父。——《商君书·开塞》
01471,安萨里,伊斯兰波斯,B,真主之众名，是认识祂的门径，非其本体。——《光的壁龛》〔译〕
01472,王阳明,中国,B,见鸟兽之哀鸣觳觫，而必有不忍之心焉，是其仁之与鸟兽而为一体也。——《大学问》
01473,黑格尔,西方,A,苦恼意识，是分裂的主体对自身不安的意识。——《精神现象学·主奴之后》〔译〕
01474,尼采,西方,A,我教导你们：不要低头，不要驼背，而要做一个能承载重负却依然挺立的人。——《查拉图斯特拉如是说》〔意译〕
01475,巴门尼德,西方,A,莫让积习逼你走上这条道路，任由无经验的眼、轰鸣的耳与舌头去裁断。——〔译〕《论自然》残篇 DK B7（辛普里丘转引）
01476,维特根斯坦,西方,A,当我谈论「我」，我不是在指称一个隐藏的对象。——《哲学研究》〔意译〕
01477,庄子,中国,B,圣人者，原天地之美而达万物之理。——《庄子·知北游》
01478,第欧根尼,西方,A,我衣衫褴褛，是为使自己习惯于必需之物。——〔译〕《名哲言行录》卷六·60
01479,爱比克泰德,西方,A,谁是我之主人？凡能支配我所看重之物者，便是我的主人；所以先看你将心放在何处。——《手册·2》〔意译〕
01480,程颢,中国,B,道之外无物，物之外无道。——《遗书》卷四
01481,吉田兼好,日本,A,中年心境，哀而不伤，最堪玩味。——《徒然草》〔译〕
01482,马克思,西方,B,剥削，隐藏在等价交换的表象之下。——《资本论》第一卷〔译〕
01483,安萨里,伊斯兰波斯,A,你若爱现世，便如饮咸水，愈饮愈渴。——《宗教学科的复兴》〔译〕
01484,韩非,中国,B,是以圣人不期修古，不法常可，论世之事，因为之备。——《韩非子·五蠹》
01485,赫拉克利特,西方,B,相互对立者彼此契合，如弓与竖琴的张力所成的和谐。——〔译〕《残篇》DK B51（希波克拉底《论营养》与普鲁塔克转引）
01486,帕斯卡,西方,B,无限空间的永恒沉默，使我恐惧。——《思想录》L131〔意译〕
01487,爱比克泰德,西方,B,人们对同一事物有不同判断，所以同一事物既非好也非坏，好坏只在不由他们掌控的判断里。——《手册·1》〔意译〕
01488,顾炎武,中国,A,学者之患，在于好名。——《日知录》 〔意译〕
01489,王阳明,中国,B,亲民者，达其天地万物一体之用也。——《大学问》
01490,黑格尔,西方,B,量变到一定程度，引起质变。——《逻辑学·存在论》〔译〕
01491,莱布尼茨,西方,A,我们虽不能完满理解，却能通过理性接近真理。——《人类理智新论》序言〔意译〕
01492,波普尔,西方,A,我之为我，在于我愿意被反驳。——《无穷的探索》〔意译〕
01493,王充,中国,A,凡学问之法，不为无才，难于距师，核道实义，证定是非也。——《论衡·问孔》
01494,孟子,中国,A,事，孰为大？事亲为大；守，孰为大？守身为大。——《孟子·离娄上》
01495,陆九渊,中国,B,古之圣人，亦只是相通，其言皆同。——《语录》
01496,墨子,中国,A,志不强者智不达，言不信者行不果。——《墨子·修身》
01497,加缪,西方,B,历史不自动进步，它在血与觉醒间摆动。——《反抗者》〔意译〕
01498,克里希那穆提,印度,A,自由不在终点，而在起点；你必须当下就自由。——《重新认识你自己》〔译〕
01499,赫拉克利特,西方,B,那唯一的智慧，虽不愿也不愿不被称为宙斯之名，它凭谋划驾驭万有。——〔译〕《残篇》DK B32（克莱门转引）
01500,密尔,西方,B,法律，应当保护最弱者对抗最强者。——《论妇女的从属地位》〔译〕
01501,周敦颐,中国,B,形既生矣，神发知矣，五性感动而善恶分，万事出矣。——《太极图说》
01502,波普尔,西方,B,自由市场与开放社会一样，靠纠错而非靠完美运转。——《开放社会及其敌人》〔意译〕
01503,程颢,中国,B,先王之世，以道治天下；后世只是以法把持天下。——《遗书》卷十一
01504,吉田兼好,日本,A,嗜欲深者，天机浅。——《徒然草》〔译〕
01505,王阳明,中国,B,良知是造化的精灵。这些精灵，生天生地，成鬼成帝，皆从此出。——《传习录》下
01506,爱比克泰德,西方,A,不要让众多待办之事扰乱你：其中哪些是今日必做的？——《手册·34》〔译〕
01507,王夫之,中国,B,理者，物之固然，事之所以然也。——《读通鉴论·卷末·叙论》
01508,公孙龙,中国,B,他辩！青以白，非黄乎？曰：然。——《公孙龙子·通变论》
01509,王夫之,中国,B,理在气中，气无非理。——《读通鉴论》 〔意译〕
01510,尼采,西方,B,凡国家终止之处，才有开始成为人的人。——《查拉图斯特拉如是说·论新的偶像》〔意译〕
01511,王充,中国,A,故命贵，从贱地自达；命贱，从富位自危。——《论衡·命禄》
01512,帕斯卡,西方,B,上帝之城与世俗之城并存，前者以爱为标准，后者以自爱为标准。——《思想录》L455〔意译〕
01513,罗素,西方,A,理性的诚实，要求我先假设自己是错的。——《我的哲学的发展》〔意译〕
01514,波普尔,西方,B,科学的发展，不是积累真理，而是通过猜想与反驳不断纠错。——《猜想与反驳》〔译〕
01515,帕斯卡,西方,A,人是一根芦苇，但他是会思想的芦苇；宇宙用不着武装起来消灭他。——《思想录》L113〔意译〕
01516,安萨里,伊斯兰波斯,A,心若无光，则外物愈多，内愈暗。——《宗教学科的复兴》〔译〕
01517,道元,日本,A,坐禅之时，不期悟、不惧迷，只管打坐。——《正法眼藏·坐禅箴》
01518,海德格尔,西方,B,此在在世，意味着它总已与物和人照面。——《存在与时间》§12〔译〕
01519,福柯,西方,A,我不愿被归类；每一次归类都是一次轻微的死亡。——《权力的眼睛》〔意译〕
01520,维特根斯坦,西方,A,人最难看清的，是自己语言游戏的语法。——《哲学研究》〔意译〕
01521,荀子,中国,B,君子居必择乡，游必就士。——《荀子·劝学》
01522,吉田兼好,日本,B,治家在俭，治国在公。——《徒然草》〔译〕
01523,德谟克利特,西方,B,公民团体的福祉是头等大事；它安，则一切安。——〔译〕《残篇》DK B252（斯托拜乌斯转引）
01524,斯宾诺莎,西方,B,整个自然是一个整体，万物互为因果、相互规定。——《伦理学》第一部分·命题二十八〔意译〕
01525,维特根斯坦,西方,A,不要想，而要看。——《哲学研究》§66〔译〕
01526,王弼,中国,A,治人事天莫若啬……有国之母，可以长久。——《老子注·五十九章》
01527,孟子,中国,A,仁，人心也；义，人路也。——《孟子·告子上》
01528,罗素,西方,A,过量的自我关注，是一切不幸的根源。——《幸福之路》〔译〕
01529,顾炎武,中国,A,处乱世而能守其身者，唯节义而已。——《亭林文集》 〔意译〕
01530,克里希那穆提,印度,A,追求安全感的欲望，制造了无尽的焦虑。——《重新认识你自己》〔译〕
01531,牟宗三,中国,A,仁是「於穆不已」之天命实体。——《心体与性体·第一部》 〔意译〕
01532,顾炎武,中国,B,士大夫之无耻，是谓国耻。——《日知录·廉耻》
01533,阿伦特,西方,B,公共领域，是我们在其中以言语与行动显现彼此的地方。——《人的境况》〔译〕
01534,李贽,中国,B,天下尽市道之交也。——《焚书·论交难》
01535,王充,中国,B,董仲舒览孙、孟之书，作《情性》之说，谓性有善质，而未能为善。——《论衡·本性》
01536,柏拉图,西方,B,写下的文字如同绘画：它不能自辩，也不知对谁该言、对谁当默。——〔译〕《斐德罗》275d—277a
01537,程颢,中国,A,百理俱在，平铺放着。几时道尧尽君道，添得些君道多；舜尽子道，添得些孝道多？——《遗书》卷二上
01538,庄子,中国,A,大知闲闲，小知间间。——《庄子·齐物论》
01539,莱布尼茨,西方,A,单子论使人尊崇那作为万物根源的统一。——《单子论》第62节〔意译〕
01540,海亚姆,伊斯兰波斯,B,摩西、耶稣、穆罕默德，皆归尘土。——《鲁拜集》〔译〕
01541,王充,中国,A,命，吉凶之主也。——《论衡·命禄》
01542,海亚姆,伊斯兰波斯,B,真主以泥土造人，又以人造瓶以盛酒。——《鲁拜集》〔译〕
01543,黑格尔,西方,B,财产，是自由的最初定在。——《法哲学原理·§41》〔译〕
01544,道元,日本,B,众生与佛，犹如水与波，湿性不异。——《正法眼藏·仏法》
01545,李贽,中国,A,成佛证圣，惟在明心。——《焚书·答邓石阳》
01546,德谟克利特,西方,A,羞于求教者，也将羞于学习。——〔译〕《残篇》DK B73（斯托拜乌斯转引）
01547,雅斯贝尔斯,西方,A,焦虑揭示了我不由自主被抛入的世界。——《哲学》〔意译〕
01548,奥古斯丁,西方,B,两座城由两种爱建成：地上的城由爱己以至于轻神建成，天上的城由爱神以至于轻己建成。——《上帝之城·14·28》〔译〕
01549,巴门尼德,西方,A,我从何处开始，于我都无差别；因为我终将回到原处。——〔译〕《论自然》残篇 DK B5（辛普里丘转引）
01550,海亚姆,伊斯兰波斯,B,若陶匠能答，必诉其以泥土造人之痛。——《鲁拜集》〔译〕
01551,商羯罗,印度,B,名色（nāma-rūpa）是生死根本，离名色则无世间。——《梵经注·卷二》〔译〕
01552,黄宗羲,中国,B,天下之法，当为天下而立，非为一姓而立。——《明夷待访录·原法》 〔意译〕
01553,福柯,西方,B,制度通过分类，制造出「正常」与「异常」的边界。——《疯癫与文明》〔意译〕
01554,道元,日本,B,一粒之米，含容大千世界。——《典座教訓》
01555,福柯,西方,B,权力的毛细血管，渗透进日常最细微的姿态。——《规训与惩罚》〔意译〕
01556,奥古斯丁,西方,A,真实的谦卑，是认自己一无所有，万有都来自你。——《忏悔录·1·4》〔译〕
01557,胡塞尔,西方,A,悬置不是否定世界，而是对世界的存在做存而不论。——《纯粹现象学通论》§31〔译〕
01558,黑格尔,西方,B,犯罪是对法的否定，刑罚是对犯罪的否定之否定。——《法哲学原理·§§95–102》〔译〕
01559,龙树,印度,B,如人入海，唯取如意宝，不取沙砾；行者求法，亦应择其要。——《大智度论·卷二十七》〔意译〕
01560,罗素,西方,A,认识自己的无知，是智慧的开端。——《人类的知识》〔意译〕
01561,黄宗羲,中国,B,夷夏之防，严而不可弛。——《南雷文定》 〔意译〕
01562,马克思,西方,B,人们自己创造自己的历史，但是他们并不是随心所欲地创造。——《路易·波拿巴的雾月十八日》〔译〕
01563,康德,西方,A,敢于认识！要有勇气运用你自己的知性！——《答复这个问题：什么是启蒙》（1784）〔译〕
01564,龙树,印度,B,一切有为法，念念生灭，无有实法可得。——《大智度论·卷五》
01565,帕斯卡,西方,B,民众被虚构之物所统治；他们爱幻象胜过爱真实。——《思想录》〔意译〕⚠️
01566,程颢,中国,A,穷理尽性以至于命，三事一时并了，元无次序。——《遗书》卷二上
01567,周敦颐,中国,B,惟人也，得其秀而最灵。——《太极图说》
01568,惠施,中国,B,以反人为实，而欲以胜人为名，是以与众不适也。——《庄子·天下》（庄子评其说）
01569,罗素,西方,A,真正令人充实的幸福，来自对身外之物的关怀。——《幸福之路》〔译〕
01570,嵇康,中国,A,又读《老》《庄》，重增其放。——《与山巨源绝交书》
01571,冯友兰,中国,B,中国哲学中，圣人不必作惊天动地底事业，而只于日用处尽伦尽职。——《中国哲学简史》 〔意译〕
01572,密尔,西方,B,把人仅仅当作手段，违背功利主义的正义观。——《功利主义》〔译〕
01573,吉田兼好,日本,B,浮华之会，不如清谈一夕。——《徒然草》〔译〕
01574,洛克,西方,A,自由不在于能够做想做的，而在于能够依自己的意志行动。——《人类理解论》卷二·章廿一·节8〔意译〕
01575,柏拉图,西方,B,真理只能在往复的辩证问答中显现，而非凭独白获得。——〔译〕《理想国》454a—455a
01576,程颐,中国,A,自格物而充之，然后可以至圣人。——《遗书》卷十七
01577,马克思,西方,B,货币，是商品交换中自发产生的普遍等价物。——《资本论》第一卷·第一章〔译〕
01578,赫拉克利特,西方,B,最美丽的世界，也不过是尘埃的偶然聚散。——〔译〕《残篇》DK B124（据传，文本存疑）
01579,苏格拉底,西方,A,我这一生，除了试图说服你们关心灵魂，别的什么都没做。——柏拉图《申辩篇》31a—b〔译〕
01580,荀子,中国,B,君者，舟也；庶人者，水也。水则载舟，水则覆舟。——《荀子·王制》
01581,加缪,西方,B,他人的痛苦，是我不可推卸的见证。——《鼠疫》〔意译〕
01582,苏格拉底,西方,A,一个人若只顾追求财富与名声，而不追求智慧与真理，是可耻的。——柏拉图《申辩篇》29e〔译〕
01583,韩非,中国,B,利之所在，则忘其所恶，皆为孟贲。——《韩非子·内储说上》
01584,罗素,西方,A,我年轻时相信哲学能给人确定的知识，后来我放弃了这个希望。——《我的哲学的发展》〔译〕
01585,张载,中国,A,戏言出于思也，戏动作于谋也。——《东铭》
01586,帕斯卡,西方,B,真正的宗教必须使人认识自己的败坏与高尚。——《思想录》L308〔意译〕
01587,马克思,西方,A,意识，一开始就是社会的产物。——《德意志意识形态》〔译〕
01588,王阳明,中国,A,人须在事上磨，方立得住。——《传习录》下
01589,奥古斯丁,西方,A,爱是灵魂的重量；它把我带向所爱的，正如重量带物向下。——《忏悔录·13·9》〔译〕
01590,王充,中国,B,作经者，贤者传记。——《论衡·书解》
01591,王弼,中国,B,得意而忘象，得象而忘言。——《周易略例·明象》
01592,赫拉克利特,西方,A,干（燥）的灵魂最为智慧。——〔译〕《残篇》DK B118（波利比乌斯/克莱门转引，文本有异文）
01593,福柯,西方,B,疯癫，不是一种自然事实，而是一种被文明建构出来加以排斥的「他者」。——《疯癫与文明》〔译〕
01594,鲁米,伊斯兰波斯,A,我既非基督徒、犹太、拜火，亦非穆斯林，我超出信仰之樊。——《沙姆斯文集·第16首》〔译〕
01595,笛卡尔,西方,A,我的错误之所以发生，是因为我的意志范围比理智范围更宽，我把意志用于自己没有清楚领会的东西。——《第一哲学沉思集》第四沉思〔意译〕
01596,克尔凯郭尔,西方,A,真正的自我认识，始于承认自己的无助。——《焦虑的概念》（Vigilius Haufniensis）〔译〕
01597,奥古斯丁,西方,A,你召我归回，使我从「向外」转「向内」；在内室中，我听见你的声音。——《忏悔录·9·10》〔译〕
01598,程颢,中国,A,心要在腔子里。——《遗书》卷七
01599,密尔,西方,B,真理，常存在于相左意见的碰撞之中。——《论自由·第二章》〔译〕
01600,尼采,西方,B,你们所谓的「爱邻人」，是最孤独者对自己的逃避。——《查拉图斯特拉如是说·论爱邻人》〔意译〕
01601,叔本华,西方,B,时间，是意志自我消耗的形式。——《作为意志和表象的世界》〔译〕
01602,朱熹,中国,A,宽着期限，紧着课程。——《朱子读书法》
01603,赫拉克利特,西方,B,自然喜欢隐藏自己。——〔译〕《残篇》DK B123（普鲁塔克《论神谕》转引）
01604,顾炎武,中国,B,观风俗之厚薄，而知世运之盛衰。——《日知录·世风》 〔意译〕
01605,雅斯贝尔斯,西方,B,诸大哲学家各自以不同方式指向同一大全。——《大哲学家》〔意译〕
01606,笛卡尔,西方,B,宇宙中没有真正的虚空；凡有广延之处皆有物质。——《哲学原理》第二部分·§16〔意译〕
01607,商羯罗,印度,B,"梵真实，世界虚妄；个我即梵，非异于梵（Brahma satyam jagan mithyā, jīvo brahmaiva nāparah）。——商羯罗《梵经注》〔梵文总摄偈〕"
01608,王阳明,中国,A,悔悟是去病之药，然以改之为贵。——《传习录》上
01609,郭象,中国,B,运者，自动也。——《庄子注·天道》
01610,熊十力,中国,A,直透本体，非量智所及，必性智自证。——《新唯识论·卷中》 〔意译〕
01611,休谟,西方,A,我们所谓的「自由意志」只是按既定动机行动的感觉。——《人性论》卷二·章三 / 《人类理解研究》第八章〔意译〕
01612,萨特,西方,A,我无法把自身认作对象，因为我是使之显现的虚无。——《存在与虚无》〔译〕
01613,孙子,中国,A,覆军杀将，必以五危，不可不察也。——《孙子兵法·九变篇》
01614,洛克,西方,A,我们所有的简单观念都来自感觉或反省。——《人类理解论》卷二·章二·节1〔意译〕
01615,波普尔,西方,B,判定一个理论是否具有科学地位的标准，是它的可证伪性。——《科学发现的逻辑》〔译〕
01616,王夫之,中国,B,天下惟器而已矣。道者器之道，器者不可谓之道之器也。——《周易外传·卷五》
01617,牟宗三,中国,B,现象与物自身之区分，是超越的区分。——《现象与物自身》 〔意译〕
01618,周敦颐,中国,B,立天之道，曰阴与阳；立地之道，曰柔与刚；立人之道，曰仁与义。——《太极图说》
01619,休谟,西方,B,必然性不过是我们对恒常联结的主观预期。——《人性论》卷一·部三·章十四 / 《人类理解研究》第八章〔意译〕
01620,阿伦特,西方,B,真理一旦被权力垄断，便不再是真理，而是宣传。——《过去与未来之间》〔意译〕
01621,嵇康,中国,A,老子、庄周，吾之师也。——《与山巨源绝交书》
01622,僧肇,中国,B,然则乾坤倒覆，无谓不静；洪流滔天，无谓其动。——《物不迁论》
01623,海德格尔,西方,A,我必须「先行的」决断，才能领受自己的有限性。——《存在与时间》§62〔译〕
01624,帕斯卡,西方,B,比利牛斯山这边是真理，山那边是谬误。——风俗随地域而变，并无绝对标准。——《思想录》L294〔意译〕
01625,周敦颐,中国,A,诚，无为；几，善恶。——《通书·诚几德》
01626,福柯,西方,A,一个人若以真理自居，他便已停止思考。——《权力的眼睛》〔意译〕
01627,王弼,中国,B,万物以自然为性，故可因而不可为也，可通而不可执也。——《老子注·二十九章》
01628,韩非,中国,B,人主之患在于信人，信人则制于人。——《韩非子·备内》
01629,雅斯贝尔斯,西方,A,成为自己，是人在历史中唯一的不可替代的任务。——《历史的起源与目标》〔意译〕
01630,孔子,中国,B,人之生也直，罔之生也幸而免。——《论语·雍也》
01631,王弼,中国,B,美恶犹喜怒也，善不善犹是非也。喜怒同根，是非同门，故不可得偏举也。——《老子注·二章》
01632,帕斯卡,西方,A,人心比理智更深，它要求的不是证明，而是亲近。——《思想录》L397〔意译〕
01633,荀子,中国,B,欲虽不可尽，可以近尽也。——《荀子·正名》
01634,罗素,西方,B,凡把人当作手段的政权，终将腐朽。——《西方哲学史》〔意译〕
01635,奥古斯丁,西方,A,心若不安息于你，连在万乐之中也是流亡。——《忏悔录·1·1》〔译〕
01636,王夫之,中国,B,反者，疑乎其不相均也，而实则相济。——《张子正蒙注·太和篇》 〔意译〕
01637,海德格尔,西方,B,死亡与良知将个体从「人们」中解放，复归于本真共同体。——《存在与时间》〔意译〕
01638,周敦颐,中国,A,君子以道充为贵，身安为富，故常泰无不足；铢视轩冕，尘视金玉，其重无加焉尔。——《通书·富贵》
01639,波普尔,西方,B,历史主义把规律强加于历史，是对人类自由的剥夺。——《历史决定论的贫困》〔译〕
01640,牟宗三,中国,B,文化之生命，在道统之延续与学统之开新。——《政道与治道》 〔意译〕
01641,波普尔,西方,A,我们并不拥有真理，我们只是探求真理。——《猜想与反驳》〔译〕
01642,程颐,中国,A,改过迁善，学之大要。——《遗书》卷十五
01643,马克思,西方,B,经济基础，决定上层建筑。——《德意志意识形态》〔译〕
01644,克里希那穆提,印度,B,没有爱，技术只是更精巧的毁灭。——《一生的学习》〔译〕
01645,巴门尼德,西方,A,少女啊（指诗中行路的我），你且领受我的言辞，随我前往光明之女。——〔译〕《论自然》残篇 DK B1（辛普里丘《物理学注》转引）
01646,萨特,西方,A,人永远在超越既定，朝向尚未成为的自己。——《存在与虚无》〔意译〕
01647,王弼,中国,A,不自见，则其明全；不自是，则其是彰。——《老子注·二十二章》
01648,阿奎那,西方,B,法律是理性为公益而设的 ordinance，由关怀群共者所立。——《神学大全·I-II·q.90·a.1》〔译〕
01649,商羯罗,印度,A,以智火焚尽无明，则见自我本来清净。——《梵经注·卷四》〔译〕
01650,僧肇,中国,B,故知万物非真，假号久矣。——《不真空论》
01651,爱比克泰德,西方,B,你乘马车或航海时，不会怪车夫或舵手，而安心于自己的位置；对人生这趟旅程也当如此。——《手册·37》〔译〕
01652,僧肇,中国,A,返本还源，尽性之谈。——《涅槃无名论》
01653,孙子,中国,A,将听吾计，用之必胜，留之；将不听吾计，用之必败，去之。——《孙子兵法·计篇》
01654,罗素,西方,A,我寻求爱，首先因为它带来狂喜，这种狂喜竟如此强烈，令我常愿为它牺牲余生。——《自传·序言》〔译〕
01655,巴门尼德,西方,B,不可将思想托付于昏花的眼睛与轰鸣的耳朵，而当以理性裁断。——〔译〕《论自然》残篇 DK B7（辛普里丘转引）
01656,黄宗羲,中国,B,今也以君为主，天下为客。——《明夷待访录·原君》
01657,奥古斯丁,西方,B,天使与人都被造为自由；其堕落，在意志自行背离那不变之善。——《论自由意志·3·1》〔译〕
01658,阿奎那,西方,B,神即是其自身的存在；祂不是「有存在者」，而是「存在本身」。——《论存在与本质》〔译〕
01659,王阳明,中国,A,学是学去人欲，存天理。——《传习录》上
01660,海亚姆,伊斯兰波斯,A,万物皆逝，唯此一刻之欢留痕。——《鲁拜集》〔译〕
01661,嵇康,中国,A,善养生者，清虚静泰，少私寡欲，旷然无忧患，寂然无思虑。——《养生论》
01662,阿伦特,西方,A,我不属于任何团体，因为我只愿对事件本身负责。——《过去与未来之间》〔意译〕
01663,胡塞尔,西方,A,被动综合先于一切主动判断，它在我的感知中无声地运作。——《纯粹现象学通论》§118〔译〕
01664,波普尔,西方,A,我毕生所求，不是证明自己正确，而是弄清我在何处错了。——《无穷的探索》〔意译〕
01665,加缪,西方,B,群体的狂热，淹没了个体的良知。——《反抗者》〔意译〕
01666,顾炎武,中国,A,生无一锥土，常有四海心。——《亭林诗集·秋雨》
01667,慧能,中国,A,但行十善，何须更愿往生？——《坛经》（敦煌本）
01668,德谟克利特,西方,B,在公正而有序的民主中度日，是甘美的。——〔译〕《残篇》DK B250（斯托拜乌斯转引）
01669,第欧根尼,西方,A,我当如合唱教练把音调拔高那样，用尖刻的言词把人唤醒。——〔译〕《名哲言行录》卷六·43
01670,王阳明,中国,B,与愚夫愚妇同的，是谓同德；与愚夫愚妇异的，是谓异端。——《传习录》下
01671,冯友兰,中国,A,我底生命，是宇宙底大生命之一部。——《新原人·第四章》
01672,柏拉图,西方,A,哲人所爱者，是那永恒不变、始终如一的真实。——〔译〕《理想国》484b—485a
01673,程颐,中国,A,诚心有孚，则虽昏愚可勉而至焉。——《颜子所好何学论》
01674,密尔,西方,A,一个人应当追求自己的完善，而非他人的赞许。——《论自由·第三章》〔译〕
01675,马克思,西方,B,生产资料的集中和劳动的社会化，达到了同它们的资本主义外壳不能相容的地步。——《资本论》第一卷·第二十四章〔译〕
01676,休谟,西方,B,我们从未真正「看见」因果力，只看到先后与伴随。——《人性论》卷一·部三·章六〔意译〕
01677,韩非,中国,A,外举不避仇，内举不避子。——《韩非子·外储说左上》
01678,慧能,中国,B,心地但无不善，西方去此不遥。——《坛经》（敦煌本）
01679,李贽,中国,B,贪暴者扰之而仁恕者散之。——《藏书》
01680,尼采,西方,A,我对人类伟大的定义是：热爱命运（amor fati）。——参《快乐的科学》276、《瞧，这个人》〔意译〕
01681,阿伦特,西方,A,我从不寻求被理解，我只寻求被认真地反对。——《责任与判断》〔意译〕
01682,萨特,西方,A,人注定自由。——《存在与虚无》〔译〕
01683,张载,中国,A,莫非命也，顺受其正；顺性命之理，则得性命之正。——《正蒙·诚明》
01684,黑格尔,西方,B,宗教，是绝对精神在表象形式中的自我认识。——《哲学史讲演录》〔译〕
01685,黄宗羲,中国,A,反身而诚，则天下之理得。——《南雷文定》 〔意译〕
01686,克尔凯郭尔,西方,B,现代性，把决断推迟到永远。——《现时代》（本名）〔译〕
01687,第欧根尼,西方,A,我宁愿做发了狂的苏格拉底，也不做永远清醒却平庸的常人。——〔译〕《名哲言行录》卷六·50
01688,僧肇,中国,A,夫般若虚玄，无知而无不知。——《般若无知论》
01689,阿伦特,西方,B,行动，是唯一直接发生在人与人之间、无需物或质作中介的活动。——《人的境况》〔译〕
01690,斯宾诺莎,西方,A,灵魂不灭不是赏罚意义上的，而是理智对神的直观参与。——《伦理学》第五部分·命题四十附释〔意译〕
01691,郭象,中国,B,以道观之，物无贵贱，各自足也。——《庄子注·秋水》
01692,董仲舒,中国,A,故王者上谨于承天意，以顺命也；下务明教化民，以成性也；正法度之宜，别上下之序，以防欲也。——《汉书·董仲舒传》（举贤良对策）
01693,孟子,中国,B,揠苗助长。——《孟子·公孙丑上》
01694,韩非,中国,B,世异则事异，事异则备变。——《韩非子·五蠹》
01695,斯宾诺莎,西方,B,最好的政体不是某一固定形式，而是最能保障公民安全的政体。——《政治论》第八章〔意译〕
01696,海亚姆,伊斯兰波斯,A,繁星之下，王与丐同蒙一夜。——《鲁拜集》〔译〕
01697,僧肇,中国,B,夫有若真有，有自常有，岂待缘而后有哉？——《不真空论》
01698,顾炎武,中国,B,百工之巧，皆本于实用而后可贵。——《天下郡国利病书》 〔意译〕
01699,马克思,西方,B,剩余价值，是资本家无偿占有工人剩余劳动的结果。——《资本论》第一卷·第二十一章〔译〕
01700,亚里士多德,西方,A,朋友是另一个自我。——〔译〕《尼各马可伦理学》1159b—1160a
01701,康德,西方,A,良知的呼声是不可回避的，它像守护神般伴随人。——《道德形而上学》〔译〕
01702,赫拉克利特,西方,B,神看一切为美、为善、为义；人却以一些为不义、另一些为义。——〔译〕《残篇》DK B102（第欧根尼·拉尔修 IX.9 转引）
01703,叔本华,西方,A,死亡不是对生命的剥夺，因为生命本就是持续的消亡。——《作为意志和表象的世界》〔译〕
01704,道元,日本,A,放下身心，则万法自现。——《正法眼藏·現成公案》
01705,叔本华,西方,A,孤独，是精神卓越者的命运。——《附录与补遗·论独处》〔译〕
01706,郭象,中国,B,夫吹万不同，而使其自己。——《庄子注·齐物论》
01707,惠施,中国,B,惠施日以其知与之辩，特与天下之辩者为怪。——《庄子·天下》
01708,维特根斯坦,西方,B,语言游戏是语言与生活形式的交织。——《哲学研究》§7〔译〕
01709,康德,西方,B,永久和平，需要共和制与自由国家之间的联盟。——《永久和平论》（1795）〔译〕
01710,老子,中国,B,天下难事，必作于易；天下大事，必作于细。——《道德经·第六十三章》
01711,阿伦特,西方,A,我害怕的是思想的懒惰，甚于思想的错误。——《精神生活·思维》〔意译〕
01712,萨特,西方,A,我以我的选择创造自己的本质。——《存在主义是一种人道主义》〔译〕
01713,苏格拉底,西方,B,城邦要治理得好，必须由真正知道什么是善的人来治理。——柏拉图《理想国》〔译〕※
01714,爱比克泰德,西方,A,与人争辩时，你争的不是事实，而是你胜过别人的快感。——《手册·12》〔意译〕
01715,老子,中国,A,恬淡为上。——《道德经·第三十一章》
01716,荀子,中国,A,非我而当者，吾师也；是我而当者，吾友也；谄谀我者，吾贼也。——《荀子·修身》
01717,孔子,中国,B,君子成人之美，不成人之恶。小人反是。——《论语·颜渊》
01718,孟子,中国,B,善政不如善教之得民也。——《孟子·尽心上》
01719,苏格拉底,西方,A,最优秀的人，是那些最致力于自我认识的人。——色诺芬《回忆苏格拉底》〔译〕
01720,牟宗三,中国,B,哲学之方向，在通晓概念之分析。——《中国哲学十九讲》 〔意译〕
01721,庄子,中国,A,哀莫大于心死，而人死亦次之。——《庄子·田子方》
01722,牟宗三,中国,A,即活动即存有。——《心体与性体·第一部》
01723,龙树,印度,B,以有空义故，一切法得成；若无空义者，一切则不成。——《中论·观四谛品》
01724,叔本华,西方,A,唯有在独处时，人才是他自己。——《附录与补遗·论独处》〔译〕
01725,奥古斯丁,西方,B,恶并非一种实体，而是善的缺失；凡存在者，皆由你而来，故本为善。——《论自由意志·2·3》〔译〕
01726,休谟,西方,A,我所能直接知觉的，只有当下的印象与记忆。——《人性论》卷一·部一·章一〔意译〕
01727,福柯,西方,B,规训制造「驯顺的身体」。——《规训与惩罚》〔译〕
01728,休谟,西方,A,当观念清楚时，我才能确知它们的关联。——《人性论》卷一·部三·章一〔意译〕
01729,孔子,中国,A,吾十有五而志于学，三十而立，四十而不惑，五十而知天命，六十而耳顺，七十而从心所欲，不逾矩。——《论语·为政》
01730,罗素,西方,A,三种简单却无比强烈的激情支配了我的一生：对爱的渴望、对知识的追求，以及对人类苦难难以遏制的同情。——《自传·序言》〔译〕
01731,斯宾诺莎,西方,A,人若能以永恒的观点观看事物，便不再畏惧死亡。——《伦理学》第五部分·命题二十三〔意译〕
01732,密尔,西方,A,幸福，与其说是目的，不如说是值得过的生活之副产品。——《自传》〔译〕
01733,商鞅,中国,B,法者，所以爱民也；礼者，所以便事也。——《商君书·更法》
01734,赫拉克利特,西方,A,与自己的心欲作战是艰难的；凡它所想望的，都要以灵魂为代价去换取。——〔译〕《残篇》DK B85（斯托拜乌斯转引）
01735,周敦颐,中国,B,天下，势而已矣。势，轻重也。——《通书·势》
01736,克里希那穆提,印度,B,寂静不是被培养出来的，它在混乱止息时自然来临。——《智慧的觉醒》〔译〕
01737,塞涅卡,西方,B,政治与公共生活不可全然回避；人天生是为他人而生的。——《论心灵的宁静·3》〔译〕
01738,奥古斯丁,西方,B,历史是万民在神意中的汇流；强国的兴亡，都是祂手中的笔。——《上帝之城·1·1》〔译〕
01739,慧能,中国,B,迷人念佛生彼，悟人自净其心。——《坛经》（敦煌本）
01740,公孙龙,中国,B,且夫指固自为非指，奚待于物而乃与为指？——《公孙龙子·指物论》
01741,安萨里,伊斯兰波斯,A,怀疑是通向确信的第一步。——《迷途指津》〔译〕
01742,陆九渊,中国,A,义理之在人心，实天之所与，而不可泯灭焉者也。——《语录》
01743,顾炎武,中国,B,风俗者，天下之大事。——《日知录·汉元帝》
01744,鲁米,伊斯兰波斯,B,正义不在律文，而在怜悯之心。——《玛斯纳维·卷五》〔译〕
01745,叔本华,西方,B,万物皆在争斗，因每一意志都想独占表象。——《作为意志和表象的世界》〔译〕
01746,波普尔,西方,A,一个人若把自己当作真理的化身，他便关闭了学习之门。——《开放社会及其敌人》〔意译〕
01747,程颢,中国,B,天地万物之理，无独必有对。——《遗书》卷十一
01748,王夫之,中国,A,君子之守，莫要于慎独。——《思问录·内篇》 〔意译〕
01749,孟子,中国,A,学问之道无他，求其放心而已矣。——《孟子·告子上》
01750,王弼,中国,B,故见素抱朴以绝圣智，寡私寡欲以弃巧利，皆崇本息末之谓也。——《老子指略》
01751,慧能,中国,A,弟子是岭南新州百姓，远来礼师，惟求作佛，不求余物。——《坛经》（敦煌本）
01752,孟子,中国,A,说大人，则藐之，勿视其巍巍然。——《孟子·尽心下》
01753,伊壁鸠鲁,西方,B,有人追求显名，有人只求安静；二者所求迥异。——〔译〕《主要学说》KD 7
01754,李贽,中国,B,且夫世之真能文者，比其初皆非有意于为文也。——《焚书·童心说》
01755,黄宗羲,中国,A,真知者，行到然后知至。——《明儒学案》 〔意译〕
01756,帕斯卡,西方,A,人若不知道自己可怜，他才是真正可怜的。——《思想录》L114〔意译〕
01757,鲁米,伊斯兰波斯,A,忘却安全，活在你所恐惧之处。——《玛斯纳维·卷四》〔译〕
01758,爱比克泰德,西方,A,不要企求事情如你所愿地发生，而要企求事情如其本来那样发生；这样你的人生便会顺畅。——《手册·8》〔译〕
01759,慧能,中国,B,何名波罗蜜？此是西国语，唐言到彼岸……离境无生灭，如水永长流。——《坛经》（敦煌本）
01760,亚里士多德,西方,A,真正的自爱者以追求高贵为己任，甘让朋友或邦国得益。——〔译〕《尼各马可伦理学》1168b—1169a
01761,僧肇,中国,A,无心于万物，而万物未尝无。——《不真空论》
01762,赫拉克利特,西方,A,博学并不教人以理解。——〔译〕《残篇》DK B40（第欧根尼·拉尔修 I.22 转引）
01763,康德,西方,B,自然的最高立法，必须见之于我们自己、见之于我们的知性。——《纯粹理性批判》〔译〕
01764,休谟,西方,A,所谓「自我」，不过是一束接续不断的知觉。——《人性论》卷一·部四·章六〔意译〕
01765,马克思,西方,B,至今一切社会的历史，都是阶级斗争的历史。——《共产党宣言》〔译〕
01766,奥古斯丁,西方,B,万物皆时而后显；超越时间者，是那使时间得以存在的永恒。——《上帝之城·11·?》〔译〕
01767,赫拉克利特,西方,B,我们务必知：战争是普遍的，冲突即正义，万物皆由冲突而生、又归于它。——〔译〕《残篇》DK B80（塞克斯都·恩披里柯转引）
01768,商鞅,中国,B,故天下之吏民，无不知法者。——《商君书·定分》
01769,海亚姆,伊斯兰波斯,A,尘归尘，所来者即所去者。——《鲁拜集》〔译〕
01770,帕斯卡,西方,B,自然万物都在诉说一位创造者，却又不曾穷尽地显现祂。——《思想录》L418〔意译〕
01771,福柯,西方,B,启蒙，不是一套信条，而是一组事件与态度。——《什么是启蒙》〔译〕
01772,朱熹,中国,A,心者，人之神明，所以具众理而应万事者也。——《孟子集注》
01773,李贽,中国,B,真文自在，岂假于人？——《焚书·童心说》
01774,老子,中国,A,天下莫柔弱于水，而攻坚强者莫之能胜，以其无以易之。——《道德经·第七十八章》
01775,奥古斯丁,西方,B,灵魂是上帝的形像，纵被罪损，仍存其痕；由人可略见神。——《论三位一体·14·3》〔译〕#self-other
01776,密尔,西方,B,功利原则，是最大多数人的最大幸福。——《功利主义·第二章》〔译〕
01777,王夫之,中国,A,气者，理之依也。——《读通鉴论·卷末·叙论》
01778,波普尔,西方,A,我把批判当作一种责任，也当作一种喜悦。——《无穷的探索》〔意译〕
01779,雅斯贝尔斯,西方,B,公元前八百年至前两百年间，出现了人类精神的「轴心时代」。——《历史的起源与目标》〔译〕
01780,德谟克利特,西方,A,使人畏惧者，自己也不可能免于畏惧。——〔译〕《残篇》DK B46（斯托拜乌斯转引）
01781,黑格尔,西方,A,良心若仅停留于主观，便易堕入「优美灵魂」的空洞。——《精神现象学·良心章》〔译〕
01782,奥古斯丁,西方,A,主啊，给我贞洁与节制，但不是现在。——《忏悔录·8·7》〔译〕
01783,塞涅卡,西方,A,我们多因想象而受苦，远胜于真实；多数恐惧从未发生。——《致鲁基里乌斯书信集·第104封》〔译〕
01784,德谟克利特,西方,A,与情欲作战诚难，但能制服它，正是节制者的标记。——〔译〕《残篇》DK B47（斯托拜乌斯转引）
01785,程颢,中国,B,万物之生意最可观。——《遗书》卷十一
01786,塞涅卡,西方,A,宁可在行事上合乎理性，不要在众人口中得好评；前者在你，后者由人。——《论幸福生活·1》〔译〕
01787,笛卡尔,西方,A,一个人只要运用同样的理性，就可以在一切事情上做出正确判断。——《谈谈方法》第一部分〔意译〕
01788,帕斯卡,西方,B,上帝既隐藏又显现：隐藏于理智，显现于心。——《思想录》L424〔意译〕
01789,王充,中国,A,事莫明于有效，论莫定于有证。——《论衡·知实》
01790,黄宗羲,中国,A,学以变化气质为功。——《明儒学案》 〔意译〕
01791,张载,中国,A,为学大益，在自求变化气质。——《张子语录》
01792,马克思,西方,B,代替那存在着阶级对立的旧社会，将是自由人的联合体。——《共产党宣言》〔译〕
01793,龙树,印度,B,涅槃与世间，无有少分别；世间与涅槃，亦无少分别。——《中论·观涅槃品》
01794,雅斯贝尔斯,西方,B,世界作为大全之一面，是我们对象化的存在者整体。——《哲学》〔译〕
01795,马克思,西方,B,资产阶级，按照自己的面貌为自己创造出一个世界。——《共产党宣言》〔译〕
01796,龙树,印度,B,若我有少宗，则我有彼过；我无立宗故，唯我无过。——《回诤论·卷一》（无宗之破）
01797,陆九渊,中国,B,宇宙之间，一理而已。上古圣人，先觉此理，故制礼作乐，以定人道。——《语录》（卷二十二）
01798,张载,中国,A,存心养性为匪懈。——《西铭》
01799,胡塞尔,西方,B,他人的显现，不是通过推论，而是通过「共现」（Appräsentation）被给予。——《笛卡尔式的沉思》第五沉思〔译〕
01800,公孙龙,中国,B,坚未与石为坚，而物兼未与为坚，而坚必坚。——《公孙龙子·坚白论》
01801,康德,西方,A,自我立法的人，才是真正自由的人。——《道德形而上学奠基》〔译〕
01802,陆九渊,中国,B,朝廷者，天下之根本；人主者，朝廷之根本。——《语录》（卷二十二）
01803,李贽,中国,A,童心者，真心也。夫童心者，绝假纯真，最初一念之本心也。——《焚书·童心说》
01804,释迦牟尼,印度,B,王法、佛法，各有所主；在家行王法，出家行佛法。——《杂阿含经·卷三十八》
01805,罗素,西方,A,我宁愿要不确定的真理，也不要确定的谬误。——《我的哲学的发展》〔意译〕
01806,克尔凯郭尔,西方,A,成为基督徒，意味着日复一日地成为它。——《结论性的非科学附言》（Johannes Climacus）〔译〕
01807,孔子,中国,B,不学礼，无以立。——《论语·季氏》
01808,海德格尔,西方,B,诗人让语言作为语言现身。——《林中路·语言》〔译〕
01809,爱比克泰德,西方,B,一个人的价值，不取决于他拥有什么，而取决于他如何运用那不由他选择的处境。——《手册·15》〔意译〕
01810,墨子,中国,B,仓无备粟，不可以待凶饥。——《墨子·七患》
01811,第欧根尼,西方,B,见领航员、医生、哲人，我觉人最智慧；见解梦者、谄媚者、趋附权贵者，我觉人最愚。——〔译〕《名哲言行录》卷六·56
01812,董仲舒,中国,B,天地之符，阴阳之副，常设于身，身犹天也。——《春秋繁露·人副天数》
01813,马可·奥勒留,西方,B,不到三百年，所有人的名字都将被遗忘。——《沉思录》卷九·30〔意译〕
01814,康德,西方,B,战争是自然的灾难，和平必须以制度来保障。——《永久和平论》（1795）〔译〕
01815,释迦牟尼,印度,A,色无常，无常即苦，苦即非我；如是观者，名真实正观。——《杂阿含经·卷一》
01816,李贽,中国,A,吾人须是自作主宰，不可依傍别人门户。——《焚书》 ⚠️〔意译〕
01817,王夫之,中国,B,立国之道，在用人、立法二者而已。——《读通鉴论》 〔意译〕
01818,李贽,中国,A,吾心之是非，自有权衡，不待取给于孔子而后定也。——《焚书·答耿中丞》
01819,叔本华,西方,A,精神贫乏者，只能向外索取娱乐。——《附录与补遗·人生的智慧》〔译〕
01820,阿伦特,西方,B,艾希曼的麻烦在于：像他那样的人太多了，他们既非变态也非残忍，只是可怕地、可怕地正常。——《艾希曼在耶路撒冷》〔译〕
01821,程颐,中国,B,穷则变，变则通，通则久。——《易传·系辞注》
01822,密尔,西方,B,性别的不平等，根植于错误的社会成见。——《论妇女的从属地位》〔译〕
01823,休谟,西方,A,希望与恐惧都来自对不确定事件的生动想象。——《人性论》卷二·章三〔意译〕
01824,王充,中国,A,人之性，善可变为恶，恶可变为善。——《论衡·率性》
01825,韩非,中国,B,邦之利器，不可以示人。——《韩非子·喻老》
01826,熊十力,中国,A,翕以合辟，辟以运翕。——《新唯识论·卷上》
01827,萨特,西方,A,自由的重量，使人无处躲藏。——《存在与虚无》〔意译〕
01828,老子,中国,A,载营魄抱一，能无离乎？——《道德经·第十章》
01829,苏格拉底,西方,A,做不义之事，比承受不义更坏。——柏拉图《高尔吉亚篇》469b〔译〕※
01830,密尔,西方,B,自由制度，需要与之匹配的居民素质。——《代议制政府》〔译〕
01831,朱熹,中国,B,性只是理，气则能凝结造作。——《语类》卷四
01832,安萨里,伊斯兰波斯,A,你当先治己心，而后能治世事。——《宗教学科的复兴》〔译〕
01833,程颐,中国,A,人皆可以至圣人，而君子之学必至于圣人而后已。不至于圣人而后已者可无忧乎？——《遗书》卷二十五
01834,莱布尼茨,西方,A,单子没有窗户，不能有任何东西进去或出来。——《单子论》第7节
01835,黄宗羲,中国,A,义理无穷，必从日用间实下工夫。——《明儒学案》 〔意译〕
01836,加缪,西方,A,自身的完整，胜过一切系统化的答案。——《笔记》〔意译〕
01837,韩非,中国,A,体道，则其智深；其智深，则其会远。——《韩非子·解老》
01838,德谟克利特,西方,A,没有理智的声名与财富，是不稳固的。——〔译〕《残篇》DK B53（斯托拜乌斯转引）
01839,慧能,中国,A,自性若悟，众生是佛；自性若迷，佛是众生。——《坛经》（敦煌本）
01840,叔本华,西方,A,健康，是人生的第一财富。——《附录与补遗·人生的智慧》〔译〕
01841,牟宗三,中国,A,识仁，是入圣之门。——《圆善论》 〔意译〕
01842,叔本华,西方,B,悲剧，让我们在别人的苦难中看见自己的命运。——《作为意志和表象的世界》〔译〕
01843,克尔凯郭尔,西方,B,说「我们」比说「我」更安全，也更空洞。——《日记》（Papirer）〔译〕
01844,熊十力,中国,A,识得本心，方知万物皆备于我。——《十力语要·卷二》 〔意译〕
01845,阿奎那,西方,B,凡可不存在者，皆赖他者而存在；必有自存之必然者。——《神学大全·I·q.2·a.3》〔译〕
01846,康德,西方,A,道德所教给人的，不是如何幸福，而是如何配得上幸福。——《实践理性批判》〔译〕
01847,亚里士多德,西方,A,诚实者在言行上不夸大也不掩饰，如实自陈。——〔译〕《尼各马可伦理学》1127a—b
01848,黄宗羲,中国,A,持志如心痛，一心在痛上，则无暇及他。——《明儒学案》 〔意译〕
01849,陆九渊,中国,A,格物者，格此者也。——《语录》
01850,福柯,西方,B,权力来自下面。——《性史·第一卷（认知的意志）》〔译〕
01851,海亚姆,伊斯兰波斯,A,春来莫负，花下且饮，莫待花落。——《鲁拜集》〔译〕
01852,牟宗三,中国,B,智的直觉，是知体明觉之自用。——《智的直觉与中国哲学》 〔意译〕
01853,僧肇,中国,B,《放光》云：第一真谛，无成无得。——《不真空论》
01854,王夫之,中国,A,习与性成者，习成而性与成也。——《尚书引义·太甲二》
01855,安萨里,伊斯兰波斯,B,人由身、心、灵三层构成，灵为上。——《宗教学科的复兴》〔译〕
01856,顾炎武,中国,B,寓封建之意于郡县之中。——《日知录·郡县论》
01857,慧能,中国,B,佛法是不二之法。——《坛经》（敦煌本）
01858,福柯,西方,B,临床医学的诞生，是新「凝视」对身体的重新占有。——《临床医学的诞生》〔译〕
01859,顾炎武,中国,A,丈夫之志，能屈能伸。——《亭林文集》 〔意译〕
01860,韩非,中国,A,巧诈不如拙诚。——《韩非子·说林上》
01861,康德,西方,B,二律背反表明：理性一旦越出经验，便陷入自相矛盾。——《纯粹理性批判·先验辩证论》〔译〕
01862,孔子,中国,A,我非生而知之者，好古，敏以求之者也。——《论语·述而》
01863,荀子,中国,B,力不若牛，走不若马，而牛马为用，何也？曰：人能群，彼不能群也。——《荀子·王制》
01864,斯宾诺莎,西方,A,每个事物都尽力保持自己的存在，人亦如此。——《伦理学》第三部分·命题六〔意译〕
01865,程颢,中国,B,一物之理，即万物之理。——《遗书》卷二上
01866,德谟克利特,西方,B,星辰为石，因炽热而发光。——〔译〕《残篇》DK B（艾修斯转引）
01867,释迦牟尼,印度,A,心解脱者，若欲自证，则能自证：我生已尽，梵行已立。——《杂阿含经·卷三》
01868,尼采,西方,A,当你凝视深渊，深渊也在凝视着你。——《善恶的彼岸》箴言146
01869,程颢,中国,B,天者，理也。——《遗书》卷十一
01870,郭象,中国,A,鉴物而无情。——《庄子注·应帝王》
01871,柏拉图,西方,A,正义者即便身着乞丐之衣、看似不幸，其内在依旧富有而幸福。——〔译〕《理想国》613a—b
01872,李贽,中国,A,余尝谓：为学须先认得一个「真」字。——《焚书》 〔意译概括〕 ⚠️
01873,帕斯卡,西方,B,凡事都有两个极端：排斥理性，与只承认理性。——《思想录》L573〔意译〕
01874,张载,中国,B,教之而不受，则虽强告之无益。——《张子语录》
01875,胡塞尔,西方,B,几何学的理念化，是欧洲科学精神的关键步骤。——《欧洲科学的危机与超越论的现象学》§9〔译〕
01876,德谟克利特,西方,A,真正的善人，是行善者，而非仅被称为善者。——〔译〕《残篇》DK B52（斯托拜乌斯转引）
01877,庄子,中国,B,小人则以身殉利，士则以身殉名，大夫则以身殉家，圣人则以身殉天下。——《庄子·骈拇》
01878,嵇康,中国,A,修性以保神，安心以全身。——《养生论》
01879,克尔凯郭尔,西方,A,信仰，是无限弃绝之后的内在激情。——《恐惧与颤栗》（Johannes de Silentio）〔译〕
01880,斯宾诺莎,西方,A,真正的善是认识一切事物统一于神。——《知性改进论》〔意译〕
01881,巴门尼德,西方,B,那含水之球绕地而行，自其中生出我们所谓的星辰。——〔译〕《论自然》残篇 DK B16（辛普里丘转引）
01882,程颢,中国,A,须反身而诚，乃为大乐。——《识仁篇》
01883,荀子,中国,B,养备而动时，则天不能病。——《荀子·天论》
01884,荀子,中国,A,好法而行，士也；笃志而体，君子也。——《荀子·修身》
01885,柏拉图,西方,A,人当让理性主宰激情与欲望，如大人主宰小孩。——〔译〕《理想国》571c—572a
01886,公孙龙,中国,A,名实当，则谓；不当，则乱。——《公孙龙子·名实论》
01887,释迦牟尼,印度,B,世间无常，国土危脆，四大苦空，五阴无我。——《杂阿含经·卷三十四》
01888,加缪,西方,B,历史记忆是抵抗遗忘的武器。——《反抗者》〔意译〕
01889,王弼,中国,A,赤子无求无欲，不犯众物。——《老子注·五十五章》
01890,老子,中国,A,致虚极，守静笃。——《道德经·第十六章》
01891,亚里士多德,西方,B,"形式是实体，是使一物成其为该物的""其所是""。——〔译〕《形而上学》1041b—1042a"
01892,王阳明,中国,A,只存得此心常见在，便是学。——《传习录》上
01893,吉田兼好,日本,A,心之哀，在于知物之无常。——《徒然草》〔译〕
01894,周敦颐,中国,B,圣人定之以中正仁义而主静，立人极焉。——《太极图说》
01895,熊十力,中国,A,体用不二。——《新唯识论·卷上》
01896,慧能,中国,A,住心观静，是病非禅。——《坛经》（敦煌本）
01897,伊壁鸠鲁,西方,A,肉体把快乐的限度看作无限，理性却能辨识其真正的界限。——〔译〕《主要学说》KD 20
01898,柏拉图,西方,B,灵魂先于身体，且统御身体；它比身体更古老、更神圣。——〔译〕《蒂迈欧》34c—69c
01899,释迦牟尼,印度,B,凡有所受，皆从爱生；爱灭则受灭。——《杂阿含经·卷十三》
01900,休谟,西方,B,一切关于事实的信念，终归于习惯对相似情形的预期。——《人性论》卷一·部三·章十〔意译〕
01901,董仲舒,中国,B,大富则骄，大贫则忧；忧则为盗，骄则为暴。——《春秋繁露·度制》
01902,王阳明,中国,B,良知之在人心，无间于圣愚，天下古今之所同也。——《传习录》中
01903,冯友兰,中国,B,学哲学，使人得一种新底境界，而不必增加其对于实际底知识。——《新原人·第一章》
01904,塞涅卡,西方,A,把每一天都分一点给自己，退入内心独处。——《致鲁基里乌斯书信集·第23封》〔译〕
01905,阿伦特,西方,B,把复杂的人塞进单一的类别，是极权思维的惯技。——《极权主义的起源》〔意译〕
01906,惠施,中国,A,既谓之人，恶得无情？——《庄子·德充符》（惠施语）
01907,孙子,中国,A,善战者之胜也，无智名，无勇功。——《孙子兵法·形篇》
01908,海亚姆,伊斯兰波斯,A,真主若问罪，我但饮且歌以对。——《鲁拜集》〔译〕
01909,阿奎那,西方,A,自由的选择，在于权衡之后仍可由己定夺；无选择，便无功过。——《神学大全·I-II·q.13·a.1》〔译〕
01910,孟子,中国,A,君子所以异于人者，以其存心也。君子以仁存心，以礼存心。——《孟子·离娄下》
01911,塞涅卡,西方,B,自然之序把万物连为一体；你伤害他人，便是伤害整体，也便是伤害自己。——《论恩惠·7》〔译〕
01912,墨子,中国,B,言必信，行必果，使言行之合，犹合符节也。——《墨子·兼爱下》
01913,安萨里,伊斯兰波斯,B,启示与理性不相悖，理性所及者，启示亦许之。——《迷途指津》〔译〕
01914,奥古斯丁,西方,A,我的灵魂如流水，若不归向你，便四处漫溢；你以河岸收束它。——《忏悔录·1·6》〔译〕
01915,朱熹,中国,A,为学须是先立大本。立得大本，然后可以渐趋于学。——《语类》
01916,赫拉克利特,西方,B,哈得斯与狄奥尼索斯是同一个。——〔译〕《残篇》DK B15（普鲁塔克《伊希斯与奥西里斯》转引）
01917,朱熹,中国,B,事事物物，皆有个极，是道理之极至。——《语类》卷八
01918,董仲舒,中国,B,国家之失乃始萌芽，而天出灾害以谴告之；谴告之而不知变，乃见怪异以惊骇之。——《汉书·董仲舒传》（举贤良对策）
01919,萨特,西方,A,人首先存在、遭遇自己，而后才定义自己。——《存在主义是一种人道主义》〔译〕
01920,张载,中国,B,尊高年，所以长其长；慈孤弱，所以幼其幼。——《西铭》
01921,洛克,西方,A,认识自我，首先在于认识自己观念的由来。——《人类理解论》卷二·章一·节1〔意译〕
01922,柏拉图,西方,B,我们如洞穴囚徒，只见身后的火光投在壁上的影；哲学是转身见光。——〔译〕《理想国》514a—517a
01923,罗素,西方,A,幸福的生活，在很大程度上是宁静的生活。——《幸福之路》〔译〕
01924,道元,日本,B,一即一切，一切即一，不可分离。——《正法眼藏·一即一切》
01925,罗素,西方,B,逻辑原子论主张：世界的基本成分是感官直接给定的「原子事实」。——《逻辑原子论讲演》〔译〕
01926,罗素,西方,B,亚里士多德断言女人比男人少几颗牙，却从未去数过。——《西方哲学史》〔译〕
01927,商羯罗,印度,A,汝本自由，唯由无明自缚；如实知已，缚自解脱。——《梵经注·卷二》〔译〕
01928,孙子,中国,A,善用兵者，屈人之兵而非战也，拔人之城而非攻也，毁人之国而非久也。——《孙子兵法·谋攻篇》
01929,荀子,中国,A,积土成山，风雨兴焉；积水成渊，蛟龙生焉。——《荀子·劝学》
01930,斯宾诺莎,西方,A,我的力量在于理解；理解愈多，所享有的自由愈多。——《伦理学》第五部分·命题三十八〔意译〕
01931,波普尔,西方,B,绝对宽容若不加限制，终将导致宽容的消失。——《开放社会及其敌人·论宽容的悖论》〔译〕
01932,牟宗三,中国,B,历史之意义，在彰显民族之文化精神。——《政道与治道》 〔意译〕
01933,海亚姆,伊斯兰波斯,A,莫问来世，此刻之杯方为真。——《鲁拜集》〔译〕
01934,黑格尔,西方,A,真理是全体。——《精神现象学·序言》〔译〕
01935,奥古斯丁,西方,A,你比我最深处的自我更内在于我。——《忏悔录·3·6》〔译〕#self-other
01936,密尔,西方,B,选举权，是公民监督政府的手段。——《代议制政府》〔译〕
01937,苏格拉底,西方,A,未经省察的人生是不值得过的。——柏拉图《申辩篇》38a
01938,张载,中国,B,天地之气，虽聚散、攻取百途，然其为理也顺而不妄。——《正蒙·太和》
01939,嵇康,中国,B,夫声之与心，殊途异轨，不相经纬，焉得染太和于欢戚，缀虚名于哀乐哉？——《声无哀乐论》
01940,叔本华,西方,A,对自己不满，是一切伟大者共有的起点。——《作为意志和表象的世界》〔译〕
01941,阿奎那,西方,A,认识自己，始于承认自己的无知；哲人之始，是疑而后问。——《论存在与本质》〔译〕
01942,奥古斯丁,西方,B,你从虚无中创造了天地；受造之物本身并非神。——《忏悔录·12·1》〔译〕
01943,笛卡尔,西方,B,物质实体的本质是广延。——《哲学原理》第二部分·§4 / 《第一哲学沉思集》第五沉思〔意译〕
01944,程颐,中国,B,至微者理也，至著者象也；体用一源，显微无间。——《易传·序》
01945,商鞅,中国,B,故为国者，边利尽归于兵，市利尽归于农。——《商君书·外内》
01946,雅斯贝尔斯,西方,B,轴心时代的三大文明——中国、印度、希腊——几乎同时觉醒。——《历史的起源与目标》〔译〕
01947,老子,中国,B,道生一，一生二，二生三，三生万物。——《道德经·第四十二章》
01948,马克思,西方,B,资本主义的生产，是相对剩余价值的生产。——《资本论》第一卷·第四篇〔译〕
01949,加缪,西方,A,我的生命没有先验的目的，却在行动中自我确证。——《西西弗神话》〔意译〕
01950,罗素,西方,A,一个人的价值，在于他能在多大程度上摆脱私我的牢笼。——《幸福之路》〔意译〕
01951,慧能,中国,A,我心自有佛，自佛是真佛；自若无佛心，何处求真佛？——《坛经》（敦煌本）
01952,密尔,西方,B,妇女从属于男子，是历史上最大的不公之一。——《论妇女的从属地位·第一章》〔译〕
01953,安萨里,伊斯兰波斯,A,你要认识自己，因为认识自己乃认识主之梯。——《迷途指津》〔译〕
01954,罗素,西方,B,科学只诉诸观察与推理，神学却诉诸理性之外的权威。——《西方哲学史·序言》〔译〕
01955,安萨里,伊斯兰波斯,A,感恩（shukr）非在口舌，而在心生喜悦而知恩源。——《宗教学科的复兴》〔译〕
01956,陆九渊,中国,B,义利之辨，乃儒者第一义。——《语录》
01957,公孙龙,中国,B,马者，所以命形也；白者，所以命色也。命色者非命形也，故曰白马非马。——《公孙龙子·白马论》
01958,顾炎武,中国,B,君天下者，当以养民为务。——《日知录》 〔意译〕
01959,斯宾诺莎,西方,A,凡是遵从理性指导而生活的人，才是一个自由的人。——《伦理学》第四部分·命题三十五
01960,嵇康,中国,A,夫称君子者，心无措乎是非，而行不违乎道者也。——《释私论》
01961,孙子,中国,B,夫兵形象水，水之形避高而趋下，兵之形避实而击虚。——《孙子兵法·虚实篇》
01962,加缪,西方,B,在瘟疫之城，每个人都互为人质。——《鼠疫》〔意译〕
01963,吉田兼好,日本,B,世间万事，皆如朝露，去而不返。——《徒然草》〔译〕
01964,马可·奥勒留,西方,A,你要像一座岬角：海浪不断拍击，它却岿然不动。——《沉思录》卷四·49
01965,阿奎那,西方,B,神是纯形式、无丝毫组合；在祂，本质与存在同一。——《论存在与本质》〔译〕
01966,克里希那穆提,印度,B,人类一代代重复同样的错误，因为内心从未真正改变。——《克里希那穆提讲演录》〔译〕
01967,商羯罗,印度,B,梵是唯一，无第二（Ekam evādvitīyam）。——《梵经注·卷一》（引唱赞奥义书）
01968,雅斯贝尔斯,西方,B,真理若在交往中被强制，便不再是真理。——《论真理》〔译〕
01969,莱布尼茨,西方,A,复合物由单子构成，单子之外无他物。——《单子论》第2节〔意译〕
01970,马克思,西方,B,资本来到世间，从头到脚，每个毛孔都滴着血和肮脏的东西。——《资本论》第一卷·第二十四章〔译〕
01971,笛卡尔,西方,B,上帝的完满性包含着他必然存在。——《第一哲学沉思集》第五沉思（本体论论证）〔意译〕
01972,罗素,西方,A,心灵的开放，比心灵的信仰更为可贵。——《怀疑论集》〔意译〕
01973,塞涅卡,西方,A,德性本身就是奖赏；为求回报而行善，已非真善。——《论幸福生活·1》〔译〕
01974,帕斯卡,西方,B,智慧不在于知道得多，而在于知道自己所不知。——《思想录》〔意译〕⚠️
01975,斯宾诺莎,西方,B,恨能被爱克服，却不能被还恨所克服。——《伦理学》第四部分·命题四十五附释〔意译〕
01976,雅斯贝尔斯,西方,A,人无法认识大全，却能在超越中指向它。——《哲学》〔意译〕
01977,克尔凯郭尔,西方,B,审判一个时代，要看它是否容许个体存在。——《现时代》（本名）〔译〕
01978,王充,中国,A,充为人清重，游必择友，不好苟交。——《论衡·自纪》
01979,牟宗三,中国,A,学者当先立其大者，即立乎其本心。——《中国哲学十九讲》 〔意译〕
01980,牟宗三,中国,A,吾人当以天地万物为一体。——《中国哲学十九讲》 〔意译〕
01981,王充,中国,B,天地合气，万物自生。——《论衡·自然》
01982,黄宗羲,中国,B,工商皆本，世儒以工商为末，妄也。——《明夷待访录·财计》 〔意译〕
01983,加缪,西方,B,自然界不关心人的悲剧。——《西西弗神话》〔意译〕
01984,牟宗三,中国,B,万物各正性命，而统于一原。——《心体与性体·第一部》 〔意译〕
01985,爱比克泰德,西方,A,你今日的身体、财物、地位都将离你而去；能离你而去的，本就不属于你。——《手册·23》〔意译〕
01986,王弼,中国,A,心怀智而腹怀食，虚有智而实无知也。——《老子注·三章》
01987,孟子,中国,A,存乎人者，莫良于眸子。——《孟子·离娄上》
01988,尼采,西方,B,没有音乐的生活，是一种错误。——《偶像的黄昏·箴言与箭》33 后附〔意译〕
01989,孟子,中国,A,大人者，言不必信，行不必果，惟义所在。——《孟子·离娄下》
01990,僧肇,中国,B,欲言其有，有非真生；欲言其无，事象既形。——《不真空论》
01991,马可·奥勒留,西方,B,不要因为一件事对你有害就断定它是恶；也常常问问，它对整体是否有害。——《沉思录》卷六·45〔意译〕
01992,墨子,中国,A,贫则见廉，富则见义，生则见爱，死则见哀。——《墨子·修身》
01993,洛克,西方,B,我们对上帝的存在有可证明的知识。——《人类理解论》卷四·章十·节1〔意译〕
01994,萨特,西方,A,人不是什么，他将是他所是的。——《存在与虚无》〔意译〕
01995,尼采,西方,B,道德的谱系：「善」最初是贵族对自己的称许，「恶」是他们对低贱者的命名。——《论道德的谱系·第一论文》〔意译〕
01996,奥古斯丁,西方,B,地上的和平纵是暂存，也是神所赐的恩，当以秩序守之。——《上帝之城·19·13》〔译〕
01997,休谟,西方,B,因果关系不是理性发现的，而是习惯从恒常联结中产生的。——《人性论》卷一·部三·章六〔意译〕
01998,墨子,中国,A,务言而缓行，虽辩必不听。——《墨子·修身》
01999,朱熹,中国,A,问：「饮食之间，孰为天理，孰为人欲？」曰：「饮食者，天理也；要求美味，人欲也。」——《语类》卷十三
02000,伊壁鸠鲁,西方,B,无友之人，是可怜的。——〔译〕《梵蒂冈格言集》VS 80
02001,王充,中国,B,天人同道，好恶不殊。——《论衡·自然》
02002,胡塞尔,西方,B,现象学揭示：世界的存在是在先验主体性中成就的。——《纯粹现象学通论》§97〔译〕
02003,墨子,中国,A,原浊者流不清，行不信者名必耗。——《墨子·修身》
02004,第欧根尼,西方,B,城邦的法律若违背自然，便不足为训。——〔意译〕《名哲言行录》卷六（据其言论）
02005,加缪,西方,B,鼠疫不是偶然，它揭示人类处境的常态。——《鼠疫》〔意译〕
02006,阿伦特,西方,B,自由人之间的政治，是唯一配得上「人」这个词的活动。——《人的境况》〔意译〕
02007,商羯罗,印度,A,证梵者于三界无所畏，于生死无所忧。——《梵经注·卷四》〔译〕
02008,海德格尔,西方,B,对存在的遗忘，使世界沦为可计算的对象。——《技术的追问》〔意译〕
02009,雅斯贝尔斯,西方,B,理性的统一不消灭差异，而在交往中保存差异。——《哲学》〔意译〕
02010,释迦牟尼,印度,A,比丘，谛听！善思念之，当为汝说。——《杂阿含经·卷二》（结集记述语）
02011,庄子,中国,B,天地有大美而不言，四时有明法而不议，万物有成理而不说。——《庄子·知北游》
02012,萨特,西方,B,他者的目光既成全也威胁我的主体资格。——《存在与虚无》〔译〕
02013,伊壁鸠鲁,西方,B,没有快乐本身是恶；只是有些快乐会带来更大的痛苦，须舍弃。——〔译〕《主要学说》KD 8
02014,商羯罗,印度,B,若言梵有属性，是为下智；若言梵离一切属性，是名上智。——《梵经注·卷一》〔译〕
02015,鲁米,伊斯兰波斯,A,当你从灵魂而行，便感到河中流动着喜悦。——《玛斯纳维·卷三》〔译〕
02016,王充,中国,A,处卑与尊齐操，位贱与贵比德。——《论衡·自纪》
02017,熊十力,中国,A,吾心之仁，即是吾人真主。——《新唯识论·卷中》 〔意译〕
02018,萨特,西方,A,我无法不选择，不选择也是一种选择。——《存在与虚无》〔意译〕
02019,阿奎那,西方,A,德性与幸福相连；无德之「乐」，只是欲望的暂满，非真幸福。——《神学大全·I-II·q.4·a.1》〔译〕
02020,波普尔,西方,A,怀疑，不是知识的敌人，而是它的前提。——《猜想与反驳》〔意译〕
02021,吉田兼好,日本,A,无欲则刚，多欲则弱。——《徒然草》〔译〕
02022,程颐,中国,A,天地储精，得五行之秀者为人。其本也真而静，其未发也五性具焉，曰仁义礼智信。——《颜子所好何学论》
02023,慧能,中国,B,欲得见真道，行正即是道。——《坛经·无相颂》（宗宝本） ⚠️
02024,道元,日本,A,学道者，当忘却身心，一味修行。——《正法眼藏·身心学道》
02025,塞涅卡,西方,B,我们所称的「命运」，不过是那把因果串联成一线的自然之序；智者不与它争。——《论天意·5》〔译〕
02026,第欧根尼,西方,A,我宁可要真实的赤贫，也不要虚假的荣华。——〔意译〕《名哲言行录》卷六（据其言论）
02027,僧肇,中国,B,《放光》云：法无去来，无动转者。——《物不迁论》
02028,周敦颐,中国,A,德：爱曰仁，宜曰义，理曰礼，通曰智，守曰信。——《通书·诚几德》
02029,福柯,西方,A,我对自己说：重要的不是你是什么，而是你不再是什么。——《词与物》〔意译〕
02030,亚里士多德,西方,B,城邦以善德与共同福祉为目的，不止为生存。——〔译〕《政治学》1280a—b
02031,嵇康,中国,B,且闻哭而悲，则知声以悲为主；然和声无象，而哀心有主。——《声无哀乐论》
02032,爱比克泰德,西方,B,凡合乎自然之事，都不应被视为恶；疾病、贫困、死亡本身都非恶，除非你以恶的判断加之。——《手册·5》〔意译〕
02033,吉田兼好,日本,B,交友贵久，不在多。——《徒然草》〔译〕
02034,第欧根尼,西方,B,演说家以辞令动人，哲人却以行为动人。——〔意译〕《名哲言行录》卷六（据其言论）
02035,程颐,中国,B,天下之动，贞夫一者也。——《易传·系辞注》
02036,张载,中国,B,民，吾同胞；物，吾与也。——《西铭》 #self-other
02037,孟子,中国,B,父子有亲，君臣有义，夫妇有别，长幼有序，朋友有信。——《孟子·滕文公上》
02038,康德,西方,A,人若不能服从自己的理性立法，就永远只是未成年人。——《答复这个问题：什么是启蒙》（1784）〔译〕
02039,胡塞尔,西方,B,价值判断不是自然科学能给出的，它关乎理性主体的目的。——《纯粹现象学通论》〔意译〕
02040,安萨里,伊斯兰波斯,A,沉思（fikr）是心之眼，无知是心之盲。——《宗教学科的复兴》〔译〕
02041,萨特,西方,B,社会把人规训为「角色」，掩盖其本真自由。——《存在与虚无》〔意译〕
02042,叔本华,西方,B,读书，是让他人替你思想。——《附录与补遗·论写作与风格》〔译〕
02043,熊十力,中国,A,居敬穷理，交相为用。——《十力语要·卷一》 〔意译〕
02044,赫拉克利特,西方,A,欲求智慧者，必须对许多事物加以究问。——〔译〕《残篇》DK B35（克莱门《杂记》转引）
02045,黄宗羲,中国,B,法弊则改，政敝则更，贵在因时。——《明夷待访录》 〔意译〕
02046,阿奎那,西方,A,灵魂与身体同为人；肉身非恶，乃神所造，当善用之而非弃之。——《神学大全·I·q.76·a.1》〔译〕
02047,李贽,中国,A,余之于书，犹鱼之于水也。——《焚书》 ⚠️〔意译〕
02048,巴门尼德,西方,B,天地星辰的秩序，皆由必然性统摄，而非偶然。——〔译〕《论自然》残篇 DK B12（辛普里丘转引）
02049,郭象,中国,B,形貌皆自然耳。——《庄子注·德充符》
02050,巴门尼德,西方,B,它不可分割，因为整个存在彼此相连、全然相同。——〔译〕《论自然》残篇 DK B8（辛普里丘转引）
02051,周敦颐,中国,A,道义者，身有之，则贵且尊。——《通书·师友下》
02052,笛卡尔,西方,A,我的判断若僭越了理智所清楚呈现的范围，便不可避免地陷于错误。——《第一哲学沉思集》第四沉思〔意译〕
02053,帕斯卡,西方,A,真正的虔敬在于，既认识自己的渺小，又认识自己的高尚。——《思想录》〔意译〕
02054,萨特,西方,A,死亡不赋予生命意义，意义须由生者给出。——《存在主义是一种人道主义》〔意译〕
02055,龙树,印度,A,不着于空，不取于有，是名中道行。——《中论·观四谛品》〔意译〕
02056,荀子,中国,A,锲而舍之，朽木不折；锲而不舍，金石可镂。——《荀子·劝学》
02057,加缪,西方,A,即使是徒劳，也要把石头推上去。——《西西弗神话》〔意译〕
02058,罗素,西方,B,由恰当的命题出发，在算术加法被定义之后，便可推出 1+1=2。——《数学原理》〔译〕
02059,释迦牟尼,印度,A,若比丘，于色生厌、离欲、灭、息、没，是名解脱。——《杂阿含经·卷二》
02060,老子,中国,B,功遂身退，天之道也。——《道德经·第九章》
02061,僧肇,中国,B,夫色之性也，不自有色。色不自有，虽色而空。——《不真空论》
02062,程颢,中国,B,天地之化，自然生生不穷。——《遗书》卷二上
02063,朱熹,中国,B,有理便有气，流行发育万物。——《语类》卷一
02064,休谟,西方,A,怀疑若推向极端，只会让人回到常识与习惯。——《人性论》卷一·部四·章七〔意译〕
02065,斯宾诺莎,西方,B,一切存在之物都以同一必然从神本性中流出，如泉自源。——《伦理学》第一部分·命题十六〔意译〕#self-other
02066,马可·奥勒留,西方,B,与其说「我是一个人」，不如说「我是宇宙的一名公民」。——《沉思录》卷十·15〔意译〕
02067,鲁米,伊斯兰波斯,A,你内在有一轮太阳，何须借外光？——《玛斯纳维·卷一》〔译〕
02068,莱布尼茨,西方,B,绝对空间若被当作实体，便与上帝的无限性混淆。——《与克拉克论战书信集》第五函〔意译〕
02069,罗素,西方,A,我曾渴望确定性，那种渴望如同别人渴望宗教信仰。——《我的哲学的发展》〔译〕
02070,陆九渊,中国,B,铢铢而称之，至两必差；寸寸而度之，至丈必舛。——《语录》
02071,休谟,西方,A,记忆使我们重现过去的印象，想象则自由组合它们。——《人性论》卷一·部一·章三〔意译〕
02072,康德,西方,A,要只按照你同时能够愿意它成为普遍法则的准则去行动。——《道德形而上学奠基》〔译〕
02073,熊十力,中国,A,涵养须用敬，进学在致知。——《十力语要·卷一》 〔意译〕
02074,程颢,中国,A,吾学虽有所受，「天理」二字却是自家体贴出来。——《外书》卷十二 ⚠️（或出《上蔡语录》转引）
02075,商羯罗,印度,B,生死流转唯是意识之相续，实无转者。——《薄伽梵歌注·卷二》〔译〕
02076,休谟,西方,B,国家的权力若超出维系和平的需要，便成压迫。——《人性论》卷三·部二·章八〔意译〕
02077,尼采,西方,A,那不能杀死我的，使我更强大。——《偶像的黄昏·箴言与箭》8
02078,董仲舒,中国,B,天覆育万物，既化而生之，又养而成之。——《春秋繁露·王道通三》
02079,庄子,中国,B,世俗之所谓知者，有不为大盗积者乎？——《庄子·胠箧》
02080,黑格尔,西方,A,精神，是返回自身的圆圈。——《精神现象学》〔译〕
02081,德谟克利特,西方,B,同一物于不同的人显现不同，足证感觉非真实。——〔译〕《残篇》DK B（普鲁塔克转引）
02082,王夫之,中国,B,礼虽纯为天理之节文，而必寓于人欲以见。——《读通鉴论》
02083,苏格拉底,西方,A,对死亡的恐惧，其实是自以为知道自己所不知道的事。——柏拉图《申辩篇》29a〔译〕
02084,萨特,西方,B,群体惰性使个体放弃判断，顺从多数。——《辩证理性批判》〔意译〕
02085,道元,日本,B,草木国土，悉皆成佛，何况有情？——《正法眼藏·山川草木》
02086,熊十力,中国,A,性智者，本体之自觉也。——《新唯识论·卷中》
02087,孟子,中国,B,一齐人傅之，众楚人咻之。——《孟子·滕文公下》
02088,柏拉图,西方,A,灵魂若不洁净，便不能抵达那纯净之神明。——〔译〕《斐多》80e—81a
02089,商鞅,中国,B,故善为国者，其教民也，皆作壹而得官爵。——《商君书·农战》
02090,商鞅,中国,B,故圣人知治国之要，令民归心于农战。——《商君书·农战》
02091,韩非,中国,A,顾小利，则大利之残也。——《韩非子·十过》
02092,朱熹,中国,A,读书之法，在循序而渐进，熟读而精思。——《读书之要》
02093,海德格尔,西方,B,技术时代的人类失去了与存在之近邻关系。——《演讲与论文集》〔意译〕
02094,爱比克泰德,西方,B,一个人对他人的义务，取决于他扮演的社会角色：你是儿子，便尽儿子之分；你是公民，便尽公民之分。——《手册·30》〔译〕
02095,孟子,中国,B,民为贵，社稷次之，君为轻。——《孟子·尽心下》
02096,牟宗三,中国,B,礼者，天理之节文而见乎人事。——《心体与性体·第二部》 〔意译〕
02097,洛克,西方,B,本质的争论多源于语言的混乱。——《人类理解论》卷三·章三·节17〔意译〕
02098,黄宗羲,中国,A,吾人当自立，不当依傍门户。——《南雷文定》 〔意译〕
02099,帕斯卡,西方,A,我思故我在，但「我」远不止于思维；我是一个会朽坏、会恐惧、会盼望的整体。——《思想录》〔意译〕
02100,孙子,中国,A,善战者，求之于势，不责于人，故能择人而任势。——《孙子兵法·势篇》
02101,释迦牟尼,印度,A,当善观察，于色生厌离、离欲、灭尽，是名苦边。——《杂阿含经·卷一》
02102,张载,中国,B,乾称父，坤称母；予兹藐焉，乃混然中处。——《西铭》
02103,公孙龙,中国,B,曰：谓鸡足一，数足二，二而一，故三。谓牛羊足一，数足四，四而一，故五。——《公孙龙子·通变论》
02104,罗素,西方,B,在各种谨慎之中，爱情里的谨慎或许对真正的幸福最为致命。——《婚姻与道德》〔译〕
02105,老子,中国,B,天网恢恢，疏而不失。——《道德经·第七十三章》
02106,福柯,西方,A,理性于我，是一种需要被不断审视的姿态，而非一种资产。——《知识考古学》〔意译〕
02107,牟宗三,中国,A,慎独者，在无愧于暗室。——《心体与性体·第三部》 〔意译〕
02108,马克思,西方,B,现代的国家政权，不过是管理资产阶级事务的委员会。——《共产党宣言》〔译〕
02109,王阳明,中国,B,古人所以既说一个知，又说一个行者，只为世间有一种人，懵懵懂懂的任意去做。——《传习录》上
02110,休谟,西方,B,外部世界的存在无法被理性证明，只能由信念接受。——《人性论》卷一·部四·章二〔意译〕
02111,胡塞尔,西方,A,我的一切知识都带有「我的」这一归属特征。——《笛卡尔式的沉思》第五沉思〔译〕
02112,嵇康,中国,B,夫元气陶铄，众生禀焉；赋受有多少，故才性有昏明。——《明胆论》
02113,公孙龙,中国,B,二有右乎？曰：二无右。二有左乎？曰：二无左。——《公孙龙子·通变论》
02114,冯友兰,中国,A,学以变化气质，亦以充实其觉解。——《新原人》 〔意译〕
02115,周敦颐,中国,B,水陆草木之花，可爱者甚蕃。晋陶渊明独爱菊；自李唐来，世人甚爱牡丹。——《爱莲说》
02116,德谟克利特,西方,A,一个人的高贵，在于其行事，而非其出身。——〔译〕《残篇》DK B51（斯托拜乌斯转引）
02117,斯宾诺莎,西方,B,上帝不按照目的行事；「目的」是人投射于自然的幻象。——《伦理学》第一部分·命题三十六附释〔意译〕
02118,韩非,中国,B,法不阿贵，绳不挠曲。——《韩非子·有度》
02119,冯友兰,中国,B,历史是不断底变动底，有其理势。——《中国哲学史》 〔意译〕
02120,加缪,西方,B,自然的壮丽与冷漠并存，一如荒诞本身。——《西西弗神话》〔意译〕
02121,康德,西方,A,人是目的，而不仅仅是供他人使用的手段。——《道德形而上学奠基》〔译〕
02122,福柯,西方,A,我一生都在学习如何不被自己的学科所囚禁。——《知识考古学》〔意译〕
02123,帕斯卡,西方,B,自然法在败坏的人心里已模糊，需由实定法与恩典补足。——《思想录》L312〔意译〕
02124,尼采,西方,A,我的记忆说：「我做过这件事。」我的骄傲说：「我不可能做过。」他们互不相让，最终记忆屈服了。——《善恶的彼岸》箴言68
02125,休谟,西方,B,观念的关系（如数学）与实际的事件，是两类完全不同的知识。——《人性论》卷一·部三·章一〔意译〕
02126,孔子,中国,B,巧言令色，鲜矣仁。——《论语·学而》
02127,亚里士多德,西方,A,德性非由自然而生，而是由习惯养成，故名为 ethos（伦理）。——〔译〕《尼各马可伦理学》1103a
02128,王充,中国,B,儒书说日，日旦出扶桑，暮入细柳。——《论衡·说日》
02129,吉田兼好,日本,B,言者无心，听者有意，故慎言。——《徒然草》〔译〕
02130,王夫之,中国,B,天人一理，气化流行。——《张子正蒙注·太和篇》
02131,牟宗三,中国,A,吾人之真我，即自由无限心。——《现象与物自身》 〔意译〕
02132,伊壁鸠鲁,西方,A,愚者所行非其所当行，所愿非其所当愿。——〔译〕《梵蒂冈格言集》VS 17
02133,克尔凯郭尔,西方,B,社会把人平均化，使人免于成为个体。——《现时代》（本名）〔译〕
02134,波普尔,西方,A,自由思考，意味着随时准备放弃自己最珍爱的信念。——《开放社会及其敌人》〔意译〕
02135,僧肇,中国,A,涅槃之道，寂寥虚旷，不可以形名得；微妙无相，不可以有心知。——《涅槃无名论》
02136,董仲舒,中国,A,仁而不智，则爱而不别也；智而不仁，则知而不为也。——《春秋繁露·必仁且智》
02137,鲁米,伊斯兰波斯,B,语言分裂，音乐合一。——《玛斯纳维·卷二》〔译〕
02138,王阳明,中国,B,我的灵明，便是天地鬼神的主宰。——《传习录》下
02139,第欧根尼,西方,B,智者的言语如药，愚者却嫌其苦。——〔意译〕《名哲言行录》卷六（据其言论）
02140,苏格拉底,西方,B,即使判决不公，也不应违反城邦的法律。——柏拉图《克力同篇》50a 以下〔译〕
02141,洛克,西方,A,实在的本质是我们所不知的，我们只知名义的本质。——《人类理解论》卷三·章三·节15〔意译〕
02142,赫拉克利特,西方,A,神是昼也是夜，是冬也是夏，是战也是和，是盈也是亏。——〔译〕《残篇》DK B67（克莱门《杂记》转引）
02143,尼采,西方,A,凡与怪兽搏斗的人，应当小心自己不要因此变成怪兽。——《善恶的彼岸》箴言146
02144,朱熹,中国,A,自敬，则人敬之。——《语类》
02145,道元,日本,B,生死即涅槃，烦恼即菩提，非有二物。——《正法眼藏·生死》
02146,商羯罗,印度,B,众生虽异，其内之梵如一盐入水，遍满无别。——《梵经注·卷一》〔译〕
02147,张载,中国,A,形而后有气质之性，善反之则天地之性存焉。故气质之性，君子有弗性者焉。——《正蒙·诚明》
02148,海亚姆,伊斯兰波斯,A,人生逆旅，君是过客，莫负今宵。——《鲁拜集》〔译〕
02149,休谟,西方,B,社会凭约定而非天然本能维系。——《人性论》卷三·部二〔意译〕
02150,陆九渊,中国,A,闻过则喜，知过不讳，改过不惮。——《语录》
02151,僧肇,中国,A,审一气以观化，故所遇而顺适。——《不真空论》
02152,波普尔,西方,A,我年轻时曾渴望确定的世界图景，后来明白确定是思想之敌。——《无穷的探索》〔意译〕
02153,波普尔,西方,B,历史没有目的，也不存在一条通往乌托邦的必然道路。——《历史决定论的贫困》〔译〕
02154,王弼,中国,B,夫大之极也，其唯道乎！——《老子注·三十八章》
02155,塞涅卡,西方,A,真正的自由，是不被任何外物所奴役；你若依赖财富，便把枷锁戴在了自己手上。——《致鲁基里乌斯书信集·第9封》〔译〕
02156,顾炎武,中国,B,水利者，农政之本。——《天下郡国利病书》 〔意译〕
02157,道元,日本,B,有時者，時也；時中皆有佛道。——《正法眼藏·有時》
02158,墨子,中国,A,万事莫贵于义。——《墨子·贵义》
02159,马克思,西方,B,机器，是生产剩余价值的手段。——《资本论》第一卷·第十三章〔译〕
02160,斯宾诺莎,西方,B,国家起源于人们的共同协议与权利让渡。——《神学政治论》第十六章〔意译〕
02161,罗素,西方,A,工作，当它是出于自愿且具建设性时，是幸福的重要来源。——《幸福之路》〔译〕
02162,龙树,印度,A,菩萨以无所得为方便，行六波罗蜜，是名真精进。——《大智度论·卷八十六》〔意译〕
02163,嵇康,中国,B,心之与声，明为二物。——《声无哀乐论》
02164,苏格拉底,西方,B,技艺高明的人，往往因自己的技艺而自负，反而失去了智慧。——柏拉图《申辩篇》22d〔译〕
02165,柏拉图,西方,B,美德是否可教，至今仍是一个悬而未决的问题。——〔译〕《美诺》80d—100b
02166,克尔凯郭尔,西方,A,主体性是真理。——《哲学片段》（Johannes Climacus）〔译〕
02167,海德格尔,西方,B,语言之言说，先于人之言说。——《林中路·语言》〔译〕
02168,加缪,西方,A,我的夏天不可被夺走，因它在我的内部。——《夏天》〔意译〕
02169,海亚姆,伊斯兰波斯,B,农人辛勤，终不知为谁收成。——《鲁拜集》〔译〕
02170,董仲舒,中国,A,质于禽兽之性，则万民之性善矣；质于人道之善，则民性弗及也。——《春秋繁露·深察名号》
02171,马克思,西方,B,历史重复出现，第一次是悲剧，第二次是笑剧。——《路易·波拿巴的雾月十八日》〔译〕
02172,莱布尼茨,西方,A,我之所是，是一个从上帝流出的有限视角。——《单子论》第47节〔意译〕
02173,帕斯卡,西方,B,人类的伟大与悲惨都来自同一个根源：人是会思想的受造物。——《思想录》L114〔意译〕
02174,莱布尼茨,西方,A,灵魂与身体之间，没有真正的因果作用，只有预先的和谐。——《单子论》第78节〔意译〕
02175,程颐,中国,A,人心私欲，故危殆；道心天理，故精微。——《遗书》卷二十四
02176,克里希那穆提,印度,A,快乐与喜悦不同：快乐依赖对象，喜悦不依赖。——《重新认识你自己》〔译〕
02177,克尔凯郭尔,西方,A,自欺，是对自己隐藏那不愿知道的真相。——《致死的疾病》（Anti-Climacus）〔译〕
02178,熊十力,中国,A,真我者，非形骸之我，乃本心之体。——《新唯识论·卷中》 〔意译〕
02179,郭象,中国,A,无心而任乎自尔。——《庄子注·应帝王》
02180,释迦牟尼,印度,A,于色不爱喜者，则不生忧、悲、恼、苦。——《杂阿含经·卷一》
02181,安萨里,伊斯兰波斯,B,宇宙如一座由光点亮的灯龛，光来自真主。——《光的壁龛》（Mishkāt al-Anwār）〔译〕
02182,鲁米,伊斯兰波斯,A,在门前行礼于你千万种化身，再入门。——《玛斯纳维·卷六》〔译〕
02183,墨子,中国,B,凡足以奉给民用，则止。——《墨子·节用中》
02184,王夫之,中国,B,天理人欲，同行而异情。——《读通鉴论》
02185,胡塞尔,西方,A,我思（cogito）是一切明见性的最终基础。——《笛卡尔式的沉思》第一沉思〔译〕
02186,陆九渊,中国,B,易简工夫终久大，支离事业竟浮沉。——《鹅湖和教授兄韵》（诗）
02187,帕斯卡,西方,A,人所以悲惨，是因为他被剥夺了原本的尊严而又无力恢复。——《思想录》L131〔意译〕
02188,吉田兼好,日本,A,独处而不孤，方为真隐者。——《徒然草》〔译〕
02189,苏格拉底,西方,B,一个人若总是附和多数人的意见，就无法接近真理。——柏拉图《克力同篇》44c 以下〔译〕※
02190,克尔凯郭尔,西方,A,绝望的反面，不是快乐，而是信仰。——《致死的疾病》（Anti-Climacus）〔译〕
02191,僧肇,中国,B,是以圣人即物顺通，无滞而不通。——《不真空论》
02192,叔本华,西方,B,历史证明：幸福，不在任何时代实现过。——《作为意志和表象的世界》〔译〕
02193,顾炎武,中国,B,封建之失，其专在下；郡县之失，其专在上。——《日知录·郡县论》
02194,海德格尔,西方,B,世界之遭罹，源于人把自然仅当作资源。——《技术的追问》〔意译〕
02195,商羯罗,印度,A,自我（阿特曼）是纯粹意识，无垢、无作、不变、圆满。——《梵经注·卷一》〔译〕
02196,慧能,中国,A,善知识，菩提般若之智，世人本自有之。——《坛经》（敦煌本）
02197,张载,中国,B,于时保之，子之翼也；乐且不忧，纯乎孝者也。——《西铭》
02198,伊壁鸠鲁,西方,B,暗自违背契约的人，绝不可能安心。——〔译〕《主要学说》KD 35
02199,斯宾诺莎,西方,A,人的心灵不会完全随身体消灭，它有某种永恒的东西。——《伦理学》第五部分·命题三十六附释〔意译〕
02200,胡塞尔,西方,B,欧洲危机不是经济或政治的，而是理性的迷失。——《欧洲科学的危机与超越论的现象学》§1〔译〕
02201,朱熹,中国,A,圣人千言万语，只是教人明天理、灭人欲。——《语类》卷十二
02202,克尔凯郭尔,西方,A,焦虑，是自我在自由之可能性面前的眩晕。——《焦虑的概念》（Vigilius Haufniensis）〔译〕
02203,王充,中国,B,夫天地合气，人偶自生也；犹夫妇合气，子则自生也。——《论衡·物势》
02204,第欧根尼,西方,B,他人是一面镜子：你如何看人，便暴露你是什么。——〔意译〕《名哲言行录》卷六（据其处世）
02205,黄宗羲,中国,B,有治法而后有治人。——《明夷待访录·原法》
02206,巴门尼德,西方,A,你须以理性，去辨析那争讼已久的论证。——〔译〕《论自然》残篇 DK B12（辛普里丘转引）
02207,王充,中国,B,治国之道，所养有二：一曰养德，二曰养力。——《论衡·非韩》
02208,安萨里,伊斯兰波斯,B,自然的秩序，彰显造物主之智慧。——《宗教学科的复兴》〔译〕
02209,墨子,中国,B,执有命者，此天下之厚害也。——《墨子·非命下》
02210,程颢,中国,B,天地设位，而易行乎其中，只是敬也。敬则无间断。——《遗书》卷二上
02211,牟宗三,中国,B,中国以往只有治道，而无政道。——《政道与治道》 〔意译〕
02212,加缪,西方,B,荒诞产生于人的呼唤与世界无理的沉默之间的对峙。——《西西弗神话》〔译〕
02213,福柯,西方,A,我不是一个哲学家；我是一个研究疯癫、监狱与性的历史学家。——《权力的眼睛》〔意译〕
02214,朱熹,中国,A,去人欲，须从偏处克将去。——《语类》
02215,福柯,西方,B,主权权力的象征是「使人死」，而现代权力更擅长「使人活」。——《必须保卫社会》〔译〕
02216,墨子,中国,B,赖其力者生，不赖其力者不生。——《墨子·非乐上》
02217,爱比克泰德,西方,B,你评判一桩公共事件，记住你只是整体中的一个部分，你的判断当以整体的善为尺度。——《手册·30》〔意译〕
02218,尼采,西方,A,成为你自己！——《不合时宜的沉思·作为教育者的叔本华》〔意译〕
02219,周敦颐,中国,B,治天下有本，身之谓也；治天下有则，家之谓也。——《通书·家人睽复无妄》
02220,熊十力,中国,A,心之体，寂而恒照，照而恒寂。——《新唯识论·卷中》 〔意译〕
02221,赫拉克利特,西方,B,冷物变热，热物变冷；湿物变干，干物变湿。——〔译〕《残篇》DK B126（普鲁塔克《自然问题》转引）
02222,张载,中国,B,天体物不遗，犹仁体事而无不在也。——《正蒙·天道》
02223,程颢,中国,A,仁者，以天地万物为一体，莫非己也。认得为己，何所不至？——《遗书》卷二上
02224,安萨里,伊斯兰波斯,A,内在的宁静，来自对主的托付（tawakkul）。——《宗教学科的复兴》〔译〕
02225,龙树,印度,B,如幻亦如梦，如乾闼婆城；所说生住灭，其相亦如是。——《中论·观三相品》
02226,斯宾诺莎,西方,A,凡是清楚明白地认识自己与自己情感的人，就爱神。——《伦理学》第五部分·命题十五〔意译〕
02227,伊壁鸠鲁,西方,B,研究自然，不是为了向人炫耀，而是为了心中的安宁。——〔译〕《梵蒂冈格言集》VS 49
02228,张载,中国,A,无得罪于州闾乡党之患，其惟慎独乎。——《东铭》
02229,阿奎那,西方,B,善是万物之所欲；一物之善，在于它实得其是。——《神学大全·I·q.5·a.1》〔译〕
02230,公孙龙,中国,B,循石，非彼无石，非石无所取乎白石。不相与盈，于石，必相盈，于其然也。——《公孙龙子·坚白论》
02231,释迦牟尼,印度,B,日可令冷、月可令热，佛说四圣谛，不可令异。——《杂阿含经·卷十五》
02232,王弼,中国,B,统之有宗，会之有元，故繁而不乱，众而不惑。——《周易略例·明彖》
02233,爱比克泰德,西方,A,不要向人炫耀你的学问，而要在行为中彰显它。——《手册·12》〔译〕
02234,海亚姆,伊斯兰波斯,A,天若真慈，何忍生我以愁？——《鲁拜集》〔译〕
02235,帕斯卡,西方,B,没有力量的正义是软弱的，没有正义的力量是暴虐的。——《思想录》L298〔意译〕
02236,韩非,中国,A,众人皆知利利而病病，唯圣人知病之为利，知利之为病。——《韩非子·解老》
02237,帕斯卡,西方,A,我们在休息中感到无聊，于是逃避安静，奔向喧嚣。——《思想录》L133〔意译〕
02238,孙子,中国,B,投之亡地然后存，陷之死地然后生。——《孙子兵法·九地篇》
02239,黄宗羲,中国,B,今夫通都之市，十室而九为空，皆困于赋也。——《明夷待访录·财计》 〔意译〕
02240,休谟,西方,A,我们若追问到底，连「自我」也只是一个流动的知觉流。——《人性论》卷一·部四·章六〔意译〕
02241,尼采,西方,A,人是一根绳索，系于禽兽与超人之间——一根悬于深渊之上的绳索。——《查拉图斯特拉如是说·序言》
02242,吉田兼好,日本,B,贫富在天，德操在己。——《徒然草》〔译〕
02243,商羯罗,印度,A,当无明灭，如梦醒而了知唯梵是实，则轮回苦息。——《蛙氏奥义书注》〔译〕
02244,罗素,西方,B,我们需要的不是信仰的意志，而是求知的愿望，这恰是信仰意志的反面。——《怀疑论集》〔译〕
02245,叔本华,西方,A,人的一半痛苦，来自对痛苦的想象。——《作为意志和表象的世界》〔译〕
02246,公孙龙,中国,B,牛羊足五，鸡足三，故曰牛合羊非鸡。——《公孙龙子·通变论》
02247,李贽,中国,A,吾因是而有感于童心者之自文也。——《焚书·童心说》
02248,王阳明,中国,A,我今才做得个狂者的胸次，使天下之人都说我行不掩言也罢。——《传习录》下
02249,叔本华,西方,B,社会，是由无数「意志」相互冲突构成的战场。——《作为意志和表象的世界》〔译〕
02250,阿奎那,西方,B,知识始于感官；心无所受于感官者，无之于理智。——《神学大全·I·q.84·a.3》〔译〕
02251,胡塞尔,西方,A,我的自我并不是世界中的一个物体，而是使世界得以显现的视域中心。——《笛卡尔式的沉思》〔意译〕
02252,斯宾诺莎,西方,A,没有人真正追求恶；人只在无知中把恶当作善。——《伦理学》第四部分·命题十九〔意译〕
02253,释迦牟尼,印度,A,诸恶莫作，众善奉行，自净其意，是诸佛教。——《法句经·述佛品》（七佛通戒偈）
02254,克尔凯郭尔,西方,B,时代病，是人人都在议论，却无人愿意决断。——《现时代》（本名）〔译〕
02255,周敦颐,中国,B,天以阳生万物，以阴成万物。生，仁也；成，义也。——《通书·顺化》
02256,孟子,中国,B,有恒产者有恒心，无恒产者无恒心。——《孟子·滕文公上》
02257,密尔,西方,A,一个人，只要不妨碍他人，就有权按自己的方式生活。——《论自由·第一章》〔译〕
02258,熊十力,中国,B,实体是变易底，即是流行底。——《新唯识论·卷上》 〔意译〕
02259,克里希那穆提,印度,B,人们渴望和平，却不肯放下分别心。——《克里希那穆提讲演录》〔译〕
02260,商鞅,中国,B,凡战法必本于政胜，则其民不争。——《商君书·战法》
02261,第欧根尼,西方,A,"哲学给我的，是""为一切命运做好准备""。——〔译〕《名哲言行录》卷六·51"
02262,海亚姆,伊斯兰波斯,B,百年之后，谁记今宵之饮？——《鲁拜集》〔译〕
02263,海亚姆,伊斯兰波斯,B,昨夜月下，我见陶匠以曾为人之土造瓶。——《鲁拜集》〔译〕
02264,孟子,中国,B,老吾老，以及人之老；幼吾幼，以及人之幼。——《孟子·梁惠王上》
02265,韩非,中国,A,战阵之间，不厌诈伪。——《韩非子·难一》
02266,维特根斯坦,西方,A,我非世界的诸事实之一，我是世界的界限。——《逻辑哲学论》5.63〔译〕
02267,程颢,中国,A,毋意、毋必、毋固、毋我，是圣人事；学者须是去此四者。——《遗书》卷二上
02268,笛卡尔,西方,B,所谓错误与罪过，只存在于我们运用自由意志的方式之中。——《第一哲学沉思集》第四沉思〔意译〕
02269,海德格尔,西方,A,领会（Verstehen）不是认知，而是此在筹划自身的可能性。——《存在与时间》§31〔译〕
02270,伊壁鸠鲁,西方,A,人寄居此世，当如宾客，随时准备离去。——〔译〕《梵蒂冈格言集》VS 27
02271,吉田兼好,日本,B,善恶之报，如影随形。——《徒然草》〔译〕
02272,老子,中国,B,万物负阴而抱阳，冲气以为和。——《道德经·第四十二章》
02273,德谟克利特,西方,B,黄疸者视蜜为苦，健康者视蜜为甜——感觉随体质而异。——〔译〕《残篇》〔⚠️ 编号待核；普鲁塔克《道德论丛》转引，DK 无对应独立编号〕
02274,阿伦特,西方,B,传统断裂之后，我们不再能依靠承袭的智慧，只能依靠判断。——《过去与未来之间》〔意译〕
02275,海亚姆,伊斯兰波斯,B,沙与海，皆一时之戏，终归于无。——《鲁拜集》〔译〕
02276,萨特,西方,B,真理不是静观，而是在处境中被实践出来的。——《辩证理性批判》〔意译〕
02277,尼采,西方,B,艺术是生命最大的兴奋剂。——《权力意志》遗稿〔意译〕⚠️
02278,马克思,西方,B,商品，是充满形而上学的微妙与神学的怪诞的。——《资本论》第一卷·第一章〔译〕
02279,周敦颐,中国,B,文，所以载道也。——《通书·文辞》
02280,李贽,中国,B,夫六经、《语》《孟》，非其史官过为褒崇之词，则其臣子极为赞美之语。——《焚书·童心说》
02281,王充,中国,B,仲尼之徒，无道桓文之事者。——《论衡·刺孟》
02282,周敦颐,中国,B,莲，花之君子者也。——《爱莲说》
02283,董仲舒,中国,B,美事召美类，恶事召恶类，类之相应而起也。——《春秋繁露·同类相动》
02284,老子,中国,B,天之道，损有余而补不足；人之道则不然，损不足以奉有余。——《道德经·第七十七章》
02285,维特根斯坦,西方,B,看一个棋盘，我看到的不是颜色方块，而是棋局。——《哲学研究》〔意译〕
02286,爱比克泰德,西方,A,当有人责备或憎恨你时，记住他只是依自己的判断而行；他的判断与你何干？——《手册·26》〔意译〕
02287,雅斯贝尔斯,西方,B,世界并非封闭的系统，而是向超越敞开的场。——《哲学》〔意译〕
02288,赫拉克利特,西方,B,他们信任游吟诗人的言辞，以众人为师，却不知多数人是坏的，少数人是有价值的。——〔译〕《残篇》DK B104（希波吕托斯转引）
02289,斯宾诺莎,西方,B,所有人都生而平等，在自然状态下享有同等权利。——《神学政治论》第二章〔意译〕
02290,休谟,西方,B,政府的权威来自长期的习俗与同意，而非某一瞬间的契约。——《人性论》卷三·部二·章八〔意译〕
02291,帕斯卡,西方,B,知识有两种：一种是凭理智，一种是凭心。——《思想录》L397〔意译〕
02292,苏格拉底,西方,A,我被神派到这座城市，像一只牛虻叮着骏马。——柏拉图《申辩篇》30e〔译〕
02293,休谟,西方,B,多神教随文明演进而被一神教取代，是理性发展的结果。——《宗教的自然史》〔意译〕
02294,老子,中国,B,有无相生，难易相成，长短相形，高下相倾，音声相和，前后相随。——《道德经·第二章》
02295,墨子,中国,A,君子自难而易彼，众人自易而难彼。——《墨子·亲士》
02296,商鞅,中国,A,故圣王之治也，慎为、察务，归心于壹而已矣。——《商君书·农战》
02297,黑格尔,西方,A,概念的运动，是自由最具体的表现。——《逻辑学》〔译〕
02298,洛克,西方,B,当政府违背信托、侵犯人民权利时，人民有权推翻它。——《政府论两篇·下篇》章十九·节222〔意译〕
02299,伊壁鸠鲁,西方,A,若不审慎、不公正、不义，便不可能怡然生活。——〔译〕《主要学说》KD 5
02300,爱比克泰德,西方,A,凡令你痛苦或恐惧的，其实都不在你掌控之中；你对这些事的判断，才真正属于你。——《手册·1》〔意译〕
02301,王充,中国,A,处尊居显，未必贤，遇也；位卑在下，未必愚，不遇也。——《论衡·累害》
02302,孔子,中国,A,君子求诸己，小人求诸人。——《论语·卫灵公》
02303,荀子,中国,B,君者，善群也。——《荀子·王制》
02304,老子,中国,A,名与身孰亲？身与货孰多？得与亡孰病？——《道德经·第四十四章》
02305,塞涅卡,西方,B,自然把人造成彼此相依；孤立自活，违背人的本性。——《论心灵的宁静·3》〔译〕
02306,王阳明,中国,A,故凡学，莫先于立志。——《传习录》中
02307,墨子,中国,A,心无备虑，不可以应卒。——《墨子·七患》
02308,马克思,西方,B,无产者，在这个革命中失去的只是锁链，他们获得的将是整个世界。——《共产党宣言》〔译〕
02309,朱熹,中国,B,一经通，则他经可类推；一物格，则他物可类推。——《语类》卷十八
02310,伊壁鸠鲁,西方,A,剧烈的肉体痛苦不会持久；急痛只延续片刻。——〔译〕《主要学说》KD 4
02311,塞涅卡,西方,A,平静来自对得失的淡然；你若把外物看得重，便把安宁交给了运气。——《论心灵的宁静·2》〔译〕
02312,张载,中国,A,道以德者，理而得之于心也。——《正蒙·中正》
02313,苏格拉底,西方,A,认识你自己。——德尔菲神庙箴言，苏格拉底奉为终生准则（柏拉图《普罗泰戈拉篇》343b 提及）
02314,雅斯贝尔斯,西方,A,自由不是随心所欲，而是对自身可能性的自我抉择。——《哲学》第一卷〔译〕
02315,塞涅卡,西方,A,幸福即依德性而生活；舍此之外别无幸福。——《论幸福生活·1》〔译〕
02316,笛卡尔,西方,A,我是一个在思维的东西，也就是说，是一个在怀疑、理解、理会、肯定、否定、愿意、不愿意、想象、感觉的东西。——《第一哲学沉思集》第二沉思〔意译〕
02317,阿伦特,西方,A,我从不把判断交给时代，我只交付给我自己的良知。——《责任与判断》〔意译〕
02318,商鞅,中国,B,能生不能杀，必亡。——《商君书·画策》
02319,福柯,西方,B,真理的制度化，使某些陈述获得「科学」之名，其余则被贬为谬误。——《知识考古学》〔意译〕
02320,孔子,中国,A,知者不惑，仁者不忧，勇者不惧。——《论语·子罕》
02321,莱布尼茨,西方,B,最神圣的宇宙政体由上帝以至善治理。——《单子论》第85节〔意译〕
02322,柏拉图,西方,A,凡内在正义者，即便被误判为不义，其灵魂依旧安然无惧。——〔译〕《理想国》591b—592a
02323,商羯罗,印度,A,深眠位中离一切分别，唯余纯粹意识，是即汝之本性。——《蛙氏奥义书注·偈7》〔译〕
02324,墨子,中国,B,上之为政，得下之情，则治；不得下之情，则乱。——《墨子·尚同下》
02325,孟子,中国,A,养心莫善于寡欲。——《孟子·尽心下》
02326,墨子,中国,B,今若国之与国之相攻，家之与家之相篡，人之与人之相贼，君臣不惠忠，父子不慈孝，兄弟不和调，此则天下之害也。——《墨子·兼爱中》
02327,莱布尼茨,西方,B,自然界的一切都是连续的，不作飞跃（自然无跳跃）。——《单子论》第61节附注〔意译〕
02328,密尔,西方,A,理智的诚实，要求我承认论敌可能正确。——《论自由·第二章》〔译〕
02329,奥古斯丁,西方,B,时间是什么？若无人问我，我知道；若要我解释，我便不知。——《忏悔录·11·14》〔译〕
02330,苏格拉底,西方,B,应当听从的不是多数人，而是那个懂行的人。——柏拉图《克力同篇》47a 以下〔译〕
02331,朱熹,中国,B,读书是格物一事。——《语类》卷十八
02332,韩非,中国,B,儒以文乱法，侠以武犯禁，而人主兼礼之，此所以乱也。——《韩非子·五蠹》
02333,荀子,中国,B,群而无分则争，争则乱，乱则穷。——《荀子·富国》
02334,伊壁鸠鲁,西方,A,以贫穷为乐的人，才是真正富有。——〔译〕《梵蒂冈格言集》VS 41
02335,康德,西方,B,自然美，是我们在外部世界感到自身自由的证据。——《判断力批判》〔译〕
02336,斯宾诺莎,西方,B,凡遵从理性而行的人，也以全人类公共的善为目的。——《伦理学》第四部分·命题三十七〔意译〕
02337,巴门尼德,西方,B,凡人设定相反的两形：光明与黑夜、火与土，并以感觉指认为真。——〔译〕《论自然》残篇 DK B8（辛普里丘转引）
02338,老子,中国,A,知其白，守其黑，为天下式。——《道德经·第二十八章》
02339,波普尔,西方,B,我们是彻头彻尾的社会性存在，深入我们的本质。——《开放社会及其敌人》〔译〕
02340,老子,中国,B,知者不言，言者不知。——《道德经·第五十六章》
02341,嵇康,中国,A,导养神气，宣和情志。——《琴赋》序
02342,福柯,西方,B,监狱与工厂、学校、军营、医院如此相像，因为它们本是同源。——《规训与惩罚》〔译〕
02343,伊壁鸠鲁,西方,A,无论年少或年老，都不应迟疑或厌倦于寻求智慧。——〔译〕《致美诺寇的信》LM
02344,安萨里,伊斯兰波斯,B,争论若不为求真理，只为胜人，便是堕落。——《宗教学科的复兴》〔译〕
02345,笛卡尔,西方,B,物体的本性不在于重量、硬度或颜色，而在于广延。——《第一哲学沉思集》第五沉思〔意译〕
02346,周敦颐,中国,A,诚者，圣人之本。——《通书·诚上》
02347,冯友兰,中国,A,道德底行为，是出于觉解底义底行为。——《新原人·第三章》
02348,吉田兼好,日本,A,隐遁非避世，乃得自在其心。——《徒然草》〔译〕
02349,吉田兼好,日本,B,山樱、红叶，不必有名，自美于人。——《徒然草》〔译〕
02350,李贽,中国,A,李生虽落发为僧，而好察迩言。——《焚书·答兹阳》
02351,伊壁鸠鲁,西方,B,若对天地之事心怀恐惧，即使求得人防也无益处。——〔译〕《主要学说》KD 13
02352,波普尔,西方,A,理解世界，始于承认它的不可完全理解。——《无穷的探索》〔意译〕
02353,塞涅卡,西方,A,恐惧死亡的人，其实恐惧的是不曾真正活过。——《论心灵的宁静·11》〔译〕
02354,李贽,中国,A,余之爱卓吾也，以其有真气也。——《焚书》 ⚠️
02355,僧肇,中国,B,即万物之自虚，岂待宰割以求通哉？——《不真空论》
02356,张载,中国,B,知化则善述其事，穷神则善继其志。——《西铭》
02357,加缪,西方,A,不逃避荒诞，是对自己最高的敬意。——《西西弗神话》〔意译〕
02358,安萨里,伊斯兰波斯,A,忏悔（tawba）是回归，是心自远方向家转去。——《宗教学科的复兴》〔译〕
02359,安萨里,伊斯兰波斯,B,世界是通往主的一本书，盲者读之无得。——《宗教学科的复兴》〔译〕
02360,密尔,西方,A,我的贡献，在于把功利主义从粗俗中拯救出来。——《自传》〔译〕
02361,商羯罗,印度,B,凡夫逐境而生乐苦，智者知境本空，无所欣厌。——《梵经注·卷三》〔译〕
02362,洛克,西方,A,知识不过是对我们的观念之间契合或不契合的知觉。——《人类理解论》卷四·章一·节1〔意译〕
02363,商鞅,中国,B,兵起而程敌，政不若者，勿与战；食不若者，勿与久。——《商君书·战法》
02364,第欧根尼,西方,B,习俗使人以枷锁为衣，以自由为耻。——〔意译〕《名哲言行录》卷六（犬儒要义）
02365,克里希那穆提,印度,B,当一个人真正改变，世界也随之改变。——。——《人生中不可不想的事》 #self-other〔译〕
02366,董仲舒,中国,A,天之生人也，使人生义与利。利以养其体，义以养其心。——《春秋繁露·身之养重于义》
02367,笛卡尔,西方,B,上帝的观念比我更完满，它不可能来自一个不完满的「我」，只能来自一个真正完满者。——《第一哲学沉思集》第三沉思（因果论证）〔意译〕
02368,雅斯贝尔斯,西方,A,绝望是存在觉醒的前奏。——《哲学》〔意译〕
02369,王充,中国,B,孔子之言，何其鄙也！——《论衡·问孔》
02370,马可·奥勒留,西方,B,万物相互交织，一切皆由神圣的纽带相连。——《沉思录》卷四·40〔意译〕
02371,巴门尼德,西方,B,星辰之火来自太阳的牵引，月亮借太阳而明。——〔译〕《论自然》残篇 DK B14（辛普里丘转引）
02372,叔本华,西方,A,人最大的监狱，是他自己的性情。——《附录与补遗·人生的智慧》〔译〕
02373,柏拉图,西方,A,"节制，是灵魂中统治与被统治部分就""谁应作主""达成的和谐共识。——〔译〕《理想国》431e—432a"
02374,庄子,中国,B,窃钩者诛，窃国者为诸侯。——《庄子·胠箧》
02375,僧肇,中国,A,是以圣人乘真心而理顺。——《不真空论》
02376,张载,中国,B,一物两体，气也。——《正蒙·参两》
02377,第欧根尼,西方,B,世上最美好的事物，是直言（parrhesia）。——〔译〕《名哲言行录》卷六·53
02378,老子,中国,B,绝圣弃智，民利百倍；绝仁弃义，民复孝慈。——《道德经·第十九章》
02379,第欧根尼,西方,B,世人忙于积财，却无暇生活。——〔意译〕《名哲言行录》卷六（据其批判）
02380,孙子,中国,A,夫将者，国之辅也。辅周则国必强，辅隙则国必弱。——《孙子兵法·谋攻篇》
02381,道元,日本,A,只管打坐，是佛法之正传。——《正法眼藏·坐禅箴》
02382,斯宾诺莎,西方,A,自尊与谦卑都源于人将自身与更强或更弱者比较。——《伦理学》第三部分·命题五十五〔意译〕
02383,慧能,中国,B,恩则孝养父母，义则上下相怜。——《坛经·无相颂》（宗宝本） ⚠️
02384,程颢,中国,A,学者须恭敬，但不可令拘迫，拘迫则难久。——《遗书》卷二上
02385,王充,中国,A,口则务在明言，笔则务在露文。——《论衡·自纪》
02386,洛克,西方,B,政府产生于人们自愿的同意。——《政府论两篇·下篇》章八·节95〔意译〕
02387,福柯,西方,B,自由，不是给定的状态，而是一种须不断争取的实践。——《什么是批判》〔意译〕
02388,加缪,西方,B,他人之死，使我更深地感到自身之必死。——《局外人》〔意译〕
02389,赫拉克利特,西方,B,这个宇宙，对万物同一，既非神也非人所造；它过去、现在、将来永远是永远活着的火，按尺度燃起，按尺度熄灭。——〔译〕《残篇》DK B30（辛普里丘《物理学注》转引）
02390,休谟,西方,B,我们不能从「是」推出「应当」。——《人性论》卷三·部一·章一〔意译〕
02391,帕斯卡,西方,A,认识自己的可悲，已是伟大的开始。——《思想录》L114〔意译〕
02392,郭象,中国,B,故小大虽殊，逍遥一也。——《庄子注·逍遥游》
02393,休谟,西方,A,爱与恨，是自我与他者之间因苦乐而生的情感。——《人性论》卷二·章二〔意译〕
02394,程颐,中国,B,视听言动，非礼不为，即是礼；礼即是理也。——《遗书》卷十五
02395,董仲舒,中国,B,王者欲有所为，宜求其端于天。天道之大者在阴阳。——《汉书·董仲舒传》（举贤良对策）
02396,商羯罗,印度,B,若见差别，是见摩耶；若见一味，是见实相。——《梵经注·卷二》〔译〕
02397,斯宾诺莎,西方,B,思想自由与言论自由不能、也不应被任何权力剥夺。——《神学政治论》第二十章〔意译〕
02398,福柯,西方,B,我们被规训成臣服的主体，却误以为那是自由。——《规训与惩罚》〔意译〕
02399,胡塞尔,西方,A,现象学家不建构理论，他只是描述在意识中自身显现者。——《现象学的观念》第五讲〔译〕
02400,第欧根尼,西方,B,阳光雨露均施于所有人，神并不偏待人。——〔译〕《名哲言行录》卷六·59（据其言日友于人）
02401,孙子,中国,B,天者，阴阳、寒暑、时制也；地者，远近、险易、广狭、死生也。——《孙子兵法·计篇》
02402,黑格尔,西方,B,自然，是精神在他者中的沉睡。——《哲学史讲演录》〔译〕
02403,韩非,中国,A,志之难也，不在胜人，在自胜也。——《韩非子·喻老》
02404,孔子,中国,B,君子周而不比，小人比而不周。——《论语·为政》
02405,道元,日本,B,水流花开，不待人谋而自现。——《正法眼藏·現成公案》
02406,董仲舒,中国,B,天亦人之曾祖父也。——《春秋繁露·为人者天》
02407,郭象,中国,B,人之所因者，天也；天之所生者，独化也。——《庄子注·大宗师》
02408,李贽,中国,B,学者只宜于伦物上识真空，不当于伦物上辨伦物。——《焚书·答邓石阳》
02409,海德格尔,西方,A,沉沦是此在逃避自身自由的惯常方式。——《存在与时间》§38〔译〕
02410,柏拉图,西方,A,灵魂记得前世在天上所见的理念，故见地上事物便能唤起回忆。——〔译〕《斐德罗》249c—250a
02411,程颢,中国,B,父子君臣，天下之定理，无所逃于天地之间。——《遗书》卷五 ⚠️二程未分（见程颐文件同条，二先生语，此处并列存查）
02412,嵇康,中国,A,是以君子知形恃神以立，神须形以存，悟生理之易失，知一过之害生。——《养生论》
02413,程颢,中国,B,尧舜事业，如一点浮云过太虚。——《遗书》卷三
02414,释迦牟尼,印度,B,六和敬：身和同住、口和无诤、意和同悦、戒和同修、见和同解、利和同均。——《增一阿含经·卷三》
02415,帕斯卡,西方,A,真正的慰藉不在消遣，而在与上帝的和解。——《思想录》〔意译〕
02416,海德格尔,西方,A,人的尊严不在理性，而在对存在的守护。——《关于人道主义的书信》〔译〕
02417,伊壁鸠鲁,西方,A,命运很少干涉智者；他最重大的事务，皆由理性主宰。——〔译〕《主要学说》KD 16
02418,嵇康,中国,A,今但愿守陋巷，教养子孙，时与亲旧叙阔，陈说平生，浊酒一杯，弹琴一曲，志愿毕矣。——《与山巨源绝交书》
02419,冯友兰,中国,B,哲学是对于真际底理智底分析。——《新理学·绪论》
02420,罗素,西方,A,参差多态乃是幸福的本源。——《幸福之路》〔按：罗素转引桑塔耶纳，详见第五节〕
02421,荀子,中国,B,相形不如论心，论心不如择术。——《荀子·非相》
02422,德谟克利特,西方,A,教养是顺境中的装饰，逆境中的避难所。——〔译〕《残篇》DK B56（斯托拜乌斯转引）
02423,斯宾诺莎,西方,A,心灵对自身与自己的身体具有清楚分明的知识。——《伦理学》第五部分·命题九〔意译〕
02424,慧能,中国,A,若欲修行，在家亦得，不由在寺。——《坛经》（敦煌本）
02425,慧能,中国,A,不识本心，学法无益。——《坛经》（敦煌本）
02426,慧能,中国,B,法无顿渐，人有利钝。——《坛经》（敦煌本）
02427,道元,日本,A,心若不安，当观呼吸出入。——《正法眼藏·坐禅箴》
02428,雅斯贝尔斯,西方,B,在轴心时代之后，人类始终共享一个精神的「内存」。——《历史的起源与目标》〔意译〕
02429,巴门尼德,西方,B,存在者并无虚空，因为虚空便是非存在，而它不存在。——〔译〕《论自然》残篇 DK B8（辛普里丘转引）
02430,克尔凯郭尔,西方,A,真正的痛苦，是意识到自己本可以不同。——《致死的疾病》（Anti-Climacus）〔译〕
02431,海德格尔,西方,B,物聚集天、地、神、人四重整体。——《林中路·物》〔译〕
02432,鲁米,伊斯兰波斯,B,爱者终不于某处相遇，他们本在彼此之中。——《玛斯纳维·卷二》〔译〕
02433,僧肇,中国,A,圣心无知，故无所不知；不知之知，乃曰一切知。——《般若无知论》
02434,海德格尔,西方,B,物之物性，在四重整体的居留中显明。——《林中路·物》〔译〕
02435,叔本华,西方,A,真正的内在，不依赖于外在的掌声。——《附录与补遗·论独处》〔译〕
02436,商羯罗,印度,B,此多彩之世界，如绳上蛇，唯是摩耶之显现。——《梵经注·卷二》〔译〕
02437,休谟,西方,B,正义起源于人类为互利而订立的协议。——《人性论》卷三·部二·章二〔意译〕
02438,王弼,中国,B,道常无为而无不为，顺自然也。——《老子注·三十七章》
02439,克尔凯郭尔,西方,B,一个世代的罪，是会遗忘个体。——《日记》（Papirer）〔译〕
02440,马可·奥勒留,西方,A,改变你的思想，就改变了你的处境。——《沉思录》卷六·10〔意译〕
02441,海德格尔,西方,A,良知呼唤此在回到它最本己的能自身存在。——《存在与时间》§57〔译〕
02442,惠施,中国,B,连环可解也。——《庄子·天下》（历物十事之八）
02443,冯友兰,中国,A,觉解是人生底最高底要素。——《新原人·第一章》
02444,安萨里,伊斯兰波斯,A,骄傲是心灵之疾，较欲望更难医。——《宗教学科的复兴》〔译〕
02445,熊十力,中国,A,返求诸己，自识本心。——《十力语要·卷一》
02446,董仲舒,中国,A,性比于禾，善比于米；米出禾中，而禾未可全为米也；善出性中，而性未可全为善也。——《春秋繁露·深察名号》
02447,道元,日本,A,学道之人，须绝名利之念。——《学道用心集》
02448,罗素,西方,B,人类最大的灾祸，来自那些自以为掌握绝对真理的人。——《怀疑论集》〔意译〕
02449,程颐,中国,B,天下之物皆能穷，只是一理。——《遗书》卷十五
02450,赫拉克利特,西方,B,万物皆由冲突而生（义近 B80、B53 之归纳）。——〔译〕《残篇》〔⚠️ 义近归纳，非独立残篇；据 B80、B53〕
02451,伊壁鸠鲁,西方,B,感觉都是真实的；错误不在感官，而在我们的判断。——〔译〕《致希罗多德的信》LH
02452,波普尔,西方,A,一个人若从不怀疑自己，他便从未真正思考过。——《猜想与反驳》〔意译〕
02453,塞涅卡,西方,A,我们对外物锱铢必较，对时间却挥金如土；时间一旦失去便永不再来。——《论生命之短暂·2》〔译〕
02454,塞涅卡,西方,B,看星辰的运行，如同与它们一同前行；人虽渺小，理性却与天体同源。——《论天意·1》〔译〕
02455,李贽,中国,B,百姓日用，即是天道。——《焚书》 〔意近「穿衣吃饭」说〕 ⚠️
02456,王弼,中国,B,是故存言者，非得象者也；存象者，非得意者也。——《周易略例·明象》
02457,熊十力,中国,A,不欺暗室，是入德之门。——《十力语要·卷三》 〔意译〕
02458,安萨里,伊斯兰波斯,A,你若知足，则贫亦富；你若贪求，则富亦贫。——《宗教学科的复兴》〔译〕
02459,塞涅卡,西方,A,把高贵的目标置于眼前，纵不能至，心向之亦足以自正。——《致鲁基里乌斯书信集·第11封》〔译〕
02460,董仲舒,中国,B,仁之美者在于天。天，仁也。——《春秋繁露·王道通三》
02461,孟子,中国,A,穷则独善其身，达则兼善天下。——《孟子·尽心上》
02462,顾炎武,中国,B,保国者，其君其臣肉食者谋之。——《日知录·正始》
02463,加缪,西方,A,我拒绝永生，因为它让每一个瞬间的重量消失。——《西西弗神话》〔意译〕
02464,安萨里,伊斯兰波斯,A,忍耐（ṣabr）是信士的鞍。——《宗教学科的复兴》〔译〕
02465,庄子,中国,A,今者吾丧我。——《庄子·齐物论》
02466,赫拉克利特,西方,B,人们即便听见，也像聋子一般；俗谚道：在场而不在场。——〔译〕《残篇》DK B34（希波吕托斯转引）
02467,僧肇,中国,B,是以言往不必往，古今常存；称去不必去，谓不住为本。——《物不迁论》
02468,莱布尼茨,西方,A,单子内在变化的原则是欲求（appetition）。——《单子论》第15节〔意译〕
02469,笛卡尔,西方,A,真正的我，乃是一个在思维而无广延的东西。——《第一哲学沉思集》第六沉思〔意译〕
02470,休谟,西方,B,设计论类比从一个有限样本推出无限结论，不可靠。——《人类理解研究》第十一章〔意译〕
02471,德谟克利特,西方,B,我们实际上一无所知；因为真理居于深渊之底。——〔译〕《残篇》DK B125（塞克斯都·恩披里柯转引）
02472,帕斯卡,西方,B,人人都寻求幸福，无一例外；这是毫无例外的唯一欲望。——《思想录》L425〔意译〕
02473,顾炎武,中国,B,财赋之出于民者，当使民知其所出。——《天下郡国利病书》 〔意译〕
02474,休谟,西方,B,自由与必然的争论，多半是语词之争。——《人类理解研究》第八章〔意译〕
02475,孔子,中国,B,不患寡而患不均，不患贫而患不安。——《论语·季氏》
02476,孙子,中国,A,凡战者，以正合，以奇胜。——《孙子兵法·势篇》
02477,吉田兼好,日本,A,读书不求仕，但养其心。——《徒然草》〔译〕
02478,韩非,中国,B,君见恶，则群臣匿端；君见好，则群臣诬能。——《韩非子·二柄》
02479,孙子,中国,A,善用兵者，役不再籍，粮不三载。——《孙子兵法·作战篇》
02480,帕斯卡,西方,A,我们人人都带着改造世界的愿望，却连治理自己的心都做不到。——《思想录》〔意译〕⚠️
02481,苏格拉底,西方,B,恶不能伤害善人，无论生前还是死后。——柏拉图《申辩篇》41d〔译〕
02482,老子,中国,B,上士闻道，勤而行之；中士闻道，若存若亡；下士闻道，大笑之。——《道德经·第四十一章》
02483,老子,中国,B,天下皆知美之为美，斯恶已；皆知善之为善，斯不善已。——《道德经·第二章》
02484,塞涅卡,西方,B,一个社会的优劣，不看其法律多寡，而看其公民是否自愿向善。——《论仁慈·1》〔译〕
02485,维特根斯坦,西方,B,世界是事实而非事物的总和。——《逻辑哲学论》1.1〔译〕
02486,加缪,西方,A,人是他每一次拒绝的总和。——《堕落》〔意译〕
02487,莱布尼茨,西方,B,我们虽不能逐一列尽理由，却可信每一事物都有理由。——《神义论》〔意译〕
02488,密尔,西方,A,凡付诸行动而只关己身的事，个人的独立是绝对的。——《论自由》〔译〕
02489,萨特,西方,B,历史是人通过物质实践自我创造的进程。——《辩证理性批判》〔译〕
02490,克尔凯郭尔,西方,A,只有当我选择自己，我才真正实现了自我。——《非此即彼》（Victor Eremita 编纂）〔译〕
02491,叔本华,西方,B,自然，是意志在无数等级上的客体化。——《作为意志和表象的世界》〔译〕
02492,雅斯贝尔斯,西方,A,我的自由，只有当我对他人自由开放时才成立。——《哲学》〔意译〕
02493,慧能,中国,A,人即有南北，佛性即无南北。——《坛经》（敦煌本）
02494,程颢,中国,B,理则天下只是一个理，故推之四海而准。——《遗书》卷二上
02495,王阳明,中国,A,学者学此心也，求者求此心也。——《传习录》中
02496,公孙龙,中国,B,羊合牛非马，牛合羊非鸡。——《公孙龙子·通变论》
02497,帕斯卡,西方,A,我越是思想，越发现自己既伟大又卑微。——《思想录》L114〔意译〕
02498,公孙龙,中国,B,与其碧，宁黄。黄，其马也；其与类乎！碧，其鸡也；其与暴乎！——《公孙龙子·通变论》
02499,爱比克泰德,西方,B,神在本性上是一切善的源泉；人分有善，是通过依理性而行，而非通过占有。——《手册·24》〔意译〕
02500,张载,中国,B,天理也，其与人之善，非从而赋之，全其在人耳。——《正蒙·诚明》
02501,顾炎武,中国,A,某虽学问浅陋，而胸中磊落，无一点私意。——《亭林文集》 〔意译〕
02502,叔本华,西方,A,独处，是精神成熟者的需要。——《附录与补遗·论独处》〔译〕
02503,孔子,中国,B,名不正，则言不顺；言不顺，则事不成。——《论语·子路》
02504,德谟克利特,西方,B,万物的秩序，源于原子的形状、位置与排列之差异。——〔译〕《残篇》DK B（艾修斯/第欧根尼·拉尔修 IX 转引）
02505,尼采,西方,B,上帝死了，而且是我们杀死了他。——《快乐的科学》第125节
02506,维特根斯坦,西方,B,死不是生命的事件，无人经历自己的死。——《逻辑哲学论》6.4311〔译〕
02507,奥古斯丁,西方,B,两座城从创世到末日并行其间；其分别，不在地域而在所爱。——《上帝之城·14·28》〔译〕
02508,朱熹,中国,B,天道只是理。理是如此，则天如此。——《语类》卷一
02509,叔本华,西方,B,爱，在本质上是为种族延续服务的幻象。——《作为意志和表象的世界》〔译〕
02510,老子,中国,A,吾所以有大患者，为吾有身；及吾无身，吾有何患？——《道德经·第十三章》
02511,塞涅卡,西方,A,把你的心灵从外物中召回；它一旦散逸，便随波而去。——《致鲁基里乌斯书信集·第28封》〔译〕
02512,帕斯卡,西方,A,我能思想，所以我高于那吞没我的宇宙。——《思想录》L113〔意译〕
02513,荀子,中国,A,君子役物，小人役于物。——《荀子·修身》
02514,帕斯卡,西方,B,真理在此岸是谬误，在彼岸又是真理——人间的规则如此相对。——《思想录》L294〔意译〕
02515,王弼,中国,B,凡有皆始于无，故未形无名之时，则为万物之始。——《老子注·一章》
02516,帕斯卡,西方,B,克娄巴特拉的鼻子若短一分，整个世界的面貌都会改变。——《思想录》L425〔意译〕
02517,维特根斯坦,西方,B,确有不可说的东西，它显现自身，这就是神秘之物。——《逻辑哲学论》6.522〔译〕
02518,公孙龙,中国,B,无去者非有去也，故曰：白马非马。——《公孙龙子·白马论》
02519,克里希那穆提,印度,B,关系是一面镜子，照见真实的自己。——《人生中不可不想的事》〔译〕
02520,巴门尼德,西方,B,凡人以感官为凭，遂以为万物在生灭流转。——〔译〕《论自然》残篇 DK B8（辛普里丘转引）
02521,克里希那穆提,印度,B,社会是你我关系的延伸，非外在于个人。——《人生中不可不想的事》〔译〕
02522,洛克,西方,B,以武力强人改宗，既不产生真信仰，也破坏和平。——《论宗教宽容》〔意译〕
02523,牟宗三,中国,A,心体即性体。——《心体与性体·第一部》
02524,熊十力,中国,B,现象不实，而实体非无。——《新唯识论·卷下》 〔意译〕
02525,郭象,中国,B,故天地万物，凡所有者，不可一日而相无也。——《庄子注·大宗师》
02526,黄宗羲,中国,A,吾心之灵，不由外铄。——《明儒学案》 〔意译〕
02527,道元,日本,B,三世十方，不出当前一念。——。——《正法眼藏·有時》 #self-other
02528,罗素,西方,A,我想要的，是被爱多于爱人；但二者都不可或缺。——《幸福之路》〔译〕
02529,公孙龙,中国,A,龙之所以为名者，乃以白马之论尔。——《公孙龙子·迹府》
02530,龙树,印度,B,众因缘生法，我说即是空，亦为是假名，亦是中道义。——《中论·观四谛品》（三是偈）
02531,维特根斯坦,西方,B,我们以为在描述事物的本质，其实在描述语法的秩序。——《哲学研究》§371〔译〕
02532,塞涅卡,西方,B,神是宇宙的理与善；人分有理性，故能与神相通。——《论天意·1》〔译〕
02533,加缪,西方,A,在隆冬，我终于知道，我身上有一个不可战胜的夏天。——《夏天》〔译〕
02534,苏格拉底,西方,A,智慧始于惊奇。——柏拉图《泰阿泰德篇》155d
02535,龙树,印度,A,修行般若，心不着色，不住声香味触法。——《大智度论·卷一》（无住生心）
02536,惠施,中国,B,南方有倚人焉，曰黄缭，问天地所以不坠不陷、风雨雷霆之故。惠施不辞而应，不虑而对，遍为万物说。——《庄子·天下》
02537,罗素,西方,B,知识分两种：经由亲知的，与经由描述的。——《哲学问题》〔译〕
02538,叔本华,西方,A,名誉，是他人眼中的我，而非真实的我。——《附录与补遗·人生的智慧》〔译〕
02539,巴门尼德,西方,B,光明与黑夜彼此交替，构成凡人眼中的世界。——〔译〕《论自然》残篇 DK B9（辛普里丘转引，据多克萨义）
02540,海德格尔,西方,A,向死而生：唯有当人直面自身之死，他才本真地存在。——《存在与时间》§53〔译〕
02541,王充,中国,B,故夫贤圣之兴文也，起事不空为，因因不妄作，作有益于化，化有补于正。——《论衡·书解》
02542,安萨里,伊斯兰波斯,A,真正的知识，是改变你的生命，而非填满记忆。——《宗教学科的复兴》〔译〕
02543,阿奎那,西方,A,灵魂的不死，因它受理性之纯形式所托；肉身可朽，灵性不灭。——《神学大全·I·q.75·a.6》〔译〕
02544,洛克,西方,B,父权不等于君权；二者的来源根本不同。——《政府论两篇·上篇》〔意译〕
02545,程颐,中国,B,有理而后有象，有象而后有数。——《遗书》卷二十一
02546,公孙龙,中国,B,故其为有马也，不可以谓马马也。——《公孙龙子·白马论》
02547,黄宗羲,中国,B,财聚于上，怨集于下，亡国之征也。——《明夷待访录·财计》 〔意译〕
02548,维特根斯坦,西方,B,我的语言的界限意味着我的世界的界限。——《逻辑哲学论》5.6〔译〕#self-other
02549,伊壁鸠鲁,西方,B,欲望分为三类：自然的且必要的、自然的但不必要的、既非自然亦非必要的。——〔译〕《主要学说》KD 30
02550,休谟,西方,B,仁慈是自然赋予人的社会性情感。——《人性论》卷三·部二·章一〔意译〕
02551,道元,日本,A,疑情不破，不可放参。——《正法眼藏·辨道話》
02552,孟子,中国,B,不仁而得国者，有之矣；不仁而得天下者，未之有也。——《孟子·尽心下》
02553,叔本华,西方,A,我们极少为所拥有的快乐，却常为所丧失的而痛苦。——《附录与补遗·人生的智慧》〔译〕
02554,笛卡尔,西方,A,「我思」比任何关于形体的知识都更清楚、更分明显现给我。——《第一哲学沉思集》第二沉思〔意译〕
02555,李贽,中国,B,夫人生而具此耳目口鼻，则必有此声色臭味之欲。——《焚书·答邓石阳》
02556,冯友兰,中国,B,理是事物之所以为事物者。——《新理学·第一章》
02557,胡塞尔,西方,B,文化世界是主体间共同构造的意义宇宙。——《笛卡尔式的沉思》第五沉思〔意译〕
02558,伊壁鸠鲁,西方,A,无限的时间包含相等的快乐；有限的时日若以理性衡量，亦然。——〔译〕《主要学说》KD 19
02559,顾炎武,中国,B,有定理而无定法，法久则弊生。——《日知录》 〔意译〕
02560,巴门尼德,西方,B,假若非存在者也能被思，则它便已是某种存在。——〔译〕《论自然》残篇 DK B3（辛普里丘转引）
02561,阿伦特,西方,B,极权主义的意识形态，用逻辑把一切事实重写为必然。——《极权主义的起源》〔译〕
02562,海亚姆,伊斯兰波斯,A,死后无名，生前亦空，何苦营营？——《鲁拜集》〔译〕
02563,惠施,中国,B,惠施以此为大，观于天下而晓辩者。——《庄子·天下》
02564,亚里士多德,西方,A,一只燕子不成春，一日之福亦不成幸福；幸福需完满的一生与外在善。——〔译〕《尼各马可伦理学》1099b—1100a
02565,公孙龙,中国,B,青白不相与而相与，反对也；不相邻而相邻，不害其方也。——《公孙龙子·通变论》
02566,商羯罗,印度,A,真实之我，非生非灭，非缚非脱；缚脱皆是妄见。——《梵经注·卷三》〔译〕
02567,庄子,中国,A,德有所长而形有所忘。——《庄子·德充符》
02568,马可·奥勒留,西方,A,不要因为一次过失而苛责自己太久。——《沉思录》卷十·30〔意译〕
02569,孟子,中国,B,春秋无义战。——《孟子·尽心下》
02570,波普尔,西方,B,真理不是某个人的财产，而是公共批判的产物。——《客观知识》〔意译〕
02571,巴门尼德,西方,B,存在者并不运动；它被巨大的必然性禁锢于界限之中。——〔译〕《论自然》残篇 DK B8（辛普里丘转引）
02572,老子,中国,B,五色令人目盲，五音令人耳聋，五味令人口爽。——《道德经·第十二章》
02573,释迦牟尼,印度,A,正念、正知，住于此时，是名不放逸行。——《杂阿含经·卷二十四》
02574,伊壁鸠鲁,西方,A,肉身所呼求者，不过是不饥、不渴、不寒。——〔译〕《梵蒂冈格言集》VS 21
02575,塞涅卡,西方,A,忧伤时，记住你哀的不是那逝者，而是你自己的损失；把哀也看作表象。——《论心灵的宁静·13》〔译〕
02576,阿伦特,西方,A,我把思考当作一种责任，而非一种天赋。——《精神生活·思维》〔意译〕
02577,爱比克泰德,西方,B,世界是一出戏，你只是其中一个角色；导演让你退场，你便从容退场，毫不留恋。——《手册·17》〔意译〕
02578,顾炎武,中国,B,古之所谓理学，经学也；今之所谓理学，禅学也。——《亭林文集·与施愚山书》
02579,顾炎武,中国,B,生民之休戚，系乎守令之贤否。——《日知录》 〔意译〕
02580,莱布尼茨,西方,B,一切偶然真理最终都依赖一个充足的理由，归于必然。——《单子论》第36节〔意译〕
02581,爱比克泰德,西方,A,你随时可以退出人生，只要这退出是合乎理性的；你无需为自己的离去而炫耀。——《手册·21》〔意译〕
02582,老子,中国,B,正复为奇，善复为妖。——《道德经·第五十八章》
02583,胡塞尔,西方,B,一切客观知识，最终可回溯到主体间的有效确认。——《欧洲科学的危机与超越论的现象学》〔意译〕
02584,孔子,中国,A,学而不思则罔，思而不学则殆。——《论语·为政》
02585,马克思,西方,A,自我活动，是人的自我确证。——《1844年经济学哲学手稿》〔译〕
02586,程颢,中国,A,故有息者，乃所以为爽也。君子之学，莫若廓然而大公，物来而顺应。——《识仁篇》
02587,尼采,西方,B,"我们拥有艺术，以免死于真理。——《权力意志》遗稿（KSA 13, 16[40]）⚠️"
02588,斯宾诺莎,西方,B,知识有三种：意见或想象、理性知识、直观知识。——《伦理学》第二部分·命题四十附释二〔意译〕
02589,鲁米,伊斯兰波斯,B,自然不急，却成万事。——《玛斯纳维·卷一》〔译〕
02590,笛卡尔,西方,A,我认识到我是一个不完全的、有限的实体，因为我清楚地看到，更完满的东西拥有我所缺乏的一切。——《第一哲学沉思集》第三沉思〔意译〕
02591,王充,中国,A,智能之士，不学不成，不问不知。——《论衡·实知》
02592,德谟克利特,西方,A,无理解之财富，并非善。——〔译〕《残篇》DK B81（斯托拜乌斯转引）
02593,巴门尼德,西方,B,"凡人以""生""与""灭""之名相称，却不知此乃错觉。——〔译〕《论自然》残篇 DK B8（辛普里丘转引）"
02594,休谟,西方,A,情感决定意志，理性只提供达到目的的手段。——《人性论》卷二·章三〔意译〕
02595,荀子,中国,B,国无礼则不正。——《荀子·王霸》
02596,董仲舒,中国,B,气同则会，声比则应。——《春秋繁露·同类相动》
02597,龙树,印度,B,若使无有空，一切则不成；若无有空者，诸法皆不成。——《中论·观四谛品》（空义偈）
02598,李贽,中国,A,余尝论确然有以自信者，真也。——《焚书·杂述》
02599,商鞅,中国,A,故圣人为国也，壹赏，壹刑，壹教。——《商君书·赏刑》
02600,公孙龙,中国,B,曰：有白马不可谓无马也。不可谓无马者，非马也？曰：非马，所以非马也。——《公孙龙子·白马论》
02601,黄宗羲,中国,B,不以天下万世为量者，不足以语治国。——《明夷待访录》 〔意译〕
02602,莱布尼茨,西方,B,普遍和谐使每个单子的变化都对应于全体。——《单子论》第60节〔意译〕
02603,周敦颐,中国,A,故君子慎动。——《通书·慎动》
02604,莱布尼茨,西方,B,物质的最小部分仍由单子构成，故也表象宇宙。——《单子论》第66节〔意译〕
02605,康德,西方,B,美的判断，是不带任何利害的愉悦。——《判断力批判·§1》〔译〕
02606,阿奎那,西方,B,信的对象，是那第一真理；它超越理性之所及，却不与理性相违。——《神学大全·II-II·q.1·a.1》〔译〕
02607,黑格尔,西方,A,哲学的任务，是理解现存的东西。——《法哲学原理·序言》〔译〕
02608,顾炎武,中国,A,宁为玉碎，不为瓦全。——《亭林诗集》 〔意译〕
02609,郭象,中国,A,与其誉尧而非桀，不如两忘而化其道。——《庄子注·大宗师》
02610,公孙龙,中国,B,物莫非指，而指非指。——《公孙龙子·指物论》
02611,罗素,西方,A,我以同样的激情寻求知识：我渴望了解人心，渴望知道星辰为何发光。——《自传·序言》〔译〕
02612,公孙龙,中国,B,于石，一也；坚白，二也，而在于石。故有知焉，有不知焉；有见焉，有不见焉。——《公孙龙子·坚白论》
02613,波普尔,西方,B,批评的自由，是任何自由社会不可让渡的底线。——《开放社会及其敌人》〔意译〕
02614,笛卡尔,西方,A,我承认我的无知，这本身就是一个确定知识的开端。——《第一哲学沉思集》第一沉思〔意译〕
02615,王充,中国,A,故是非者，不徒耳目，必开心意。——《论衡·知实》
02616,马可·奥勒留,西方,A,不要再争论一个好人应该是什么样，去做一个好人。——《沉思录》卷十·16
02617,僧肇,中国,B,谈真有不迁之称，导俗有流动之说。——《物不迁论》
02618,塞涅卡,西方,B,命运可以夺走你的财物，却夺不走你依理性而行的自由。——《论天意·1》〔译〕
02619,张载,中国,A,学者中道而立，则有仁以弘之。——《正蒙·中正》
02620,亚里士多德,西方,B,人是天然的政治动物，注定要过城邦生活。——〔译〕《政治学》1252a—b
02621,第欧根尼,西方,B,若问何时结婚：年轻人还不到时候，老年人永无其时。——〔译〕《名哲言行录》卷六·42
02622,熊十力,中国,A,吾人当自立，不可依他。——《十力语要·卷四》 〔意译〕
02623,庄子,中国,A,安时而处顺，哀乐不能入也。——《庄子·养生主》
02624,陆九渊,中国,B,吾儒之学，所以异于异端者，以其能穷理也。——《语录》
02625,叔本华,西方,A,生命是一团欲望：不满足则痛苦，满足则无聊。——《作为意志和表象的世界》〔译〕
02626,雅斯贝尔斯,西方,A,自我的本真，在于不向世界妥协而仍去爱它。——《论真理》〔意译〕
02627,苏格拉底,西方,B,如果死亡是灵魂迁往另一处，那便能遇见古往今来的义人。——柏拉图《申辩篇》40e—41c〔译〕
02628,商羯罗,印度,B,上智（parā vidyā）知梵之唯一，下智（aparā vidyā）知名色之差别。——《梵经注·卷一》〔译〕
02629,鲁米,伊斯兰波斯,B,世界是神之显现，每一物皆是祂的迹象。——《玛斯纳维·卷一》〔译〕
02630,胡塞尔,西方,A,自我不是实体，而是诸意向体验的极。——《纯粹现象学通论》§80〔译〕
02631,顾炎武,中国,A,立身一败，万事瓦裂。——《亭林文集》 〔意译〕
02632,帕斯卡,西方,B,世界是上帝能力的剧场，也是祂隐藏自身的帷幕。——《思想录》L418〔意译〕
02633,墨子,中国,B,天下兼相爱则治，交相恶则乱。——《墨子·兼爱上》
02634,商鞅,中国,A,故明主慎法制，言不中法者不听也，行不中法者不高也，事不中法者不为也。——《商君书·君臣》
02635,韩非,中国,A,欲不欲，不贵难得之货；学不学，复众人之所过。——《韩非子·喻老》
02636,商羯罗,印度,A,行者当以闻、思、修（śravaṇa-manana-nididhyāsana）证悟自我。——《梵经注·卷一》〔译〕
02637,孟子,中国,B,天下之生久矣，一治一乱。——《孟子·滕文公下》
02638,罗素,西方,B,黑格尔的体系，在很大程度上是为现存国家秩序作辩护。——《西方哲学史》〔译〕
02639,马克思,西方,A,工人生产的对象越多，他自身越沦为廉价的对象。——《1844年经济学哲学手稿》〔译〕
02640,董仲舒,中国,B,使富者足以示贵而不至于骄，贫者足以养生而不至于忧。——《春秋繁露·度制》
02641,释迦牟尼,印度,A,若人于色欲贪未尽，彼爱则未尽；爱未尽者，则不脱苦。——《杂阿含经·卷二》
02642,龙树,印度,B,三界皆空，犹如梦幻，众生妄执，谓为实有。——《大智度论·卷三十六》〔意译〕
02643,叔本华,西方,B,艺术，是短暂地摆脱意志束缚的唯一途径。——《作为意志和表象的世界·第三篇》〔译〕
02644,商鞅,中国,A,愚者暗于成事，知者见于未萌。——《商君书·更法》
02645,王阳明,中国,A,无善无恶心之体，有善有恶意之动，知善知恶是良知，为善去恶是格物。——《传习录》下（四句教）
02646,巴门尼德,西方,B,存在者被必然性牢牢把持，囚于界限之内。——〔译〕《论自然》残篇 DK B8（辛普里丘转引）
02647,朱熹,中国,B,至于用力之久，而一旦豁然贯通焉，则众物之表里精粗无不到，而吾心之全体大用无不明矣。——《大学章句·补传》
02648,洛克,西方,B,上帝把世界给予人类共有，但每人对自己的劳动享有权利。——《政府论两篇·下篇》章五·节26〔意译〕
02649,爱比克泰德,西方,A,当你被打或被绑，不要说「我受了苦」，而说「我的身体被打了」；你并未受苦，受苦的只是你的判断。——《手册·9》〔意译〕
02650,王弼,中国,A,言我廓然无为无欲，若婴儿之未能孩也。——《老子注·二十章》
02651,王阳明,中国,A,知而不行，只是未知。——《传习录》上
02652,熊十力,中国,B,中西之学，各有得失，当融会而超越之。——《十力语要·卷四》 〔意译〕
02653,亚里士多德,西方,A,明智者知人事之可变，能临事权衡，而非只守普遍规则。——〔译〕《尼各马可伦理学》1141b—1142a
02654,熊十力,中国,B,礼者，因人情而为之节文。——《原儒·卷二》 〔意译〕
02655,冯友兰,中国,A,事天者，了解天道，而顺行之。——《新原人·第四章》
02656,黑格尔,西方,A,理性的自我认识，是返回自身的劳作。——《精神现象学》〔译〕
02657,胡塞尔,西方,B,哲学的统一性，来自一切意义最终回溯到的那个先验主体性的统一。——《纯粹现象学通论》〔意译〕
02658,庄子,中国,B,道行之而成，物谓之而然。——《庄子·齐物论》
02659,韩非,中国,A,人有祸则心畏恐，心畏恐则行端直。——《韩非子·解老》
02660,荀子,中国,A,不积跬步，无以至千里；不积小流，无以成江海。——《荀子·劝学》
02661,斯宾诺莎,西方,B,在自然中，没有善也没有恶，这些只是相对于人的意见。——《伦理学》第四部分·前言〔意译〕
02662,商鞅,中国,B,故有道之国，务在弱民。——《商君书·弱民》
02663,洛克,西方,B,语词是观念的标记，却常成为误解的根源。——《人类理解论》卷三·章一·节2〔意译〕
02664,王弼,中国,A,不争，故无尤。——《老子注·八章》
02665,王充,中国,A,冀悟迷惑之心，使知虚实之分。——《论衡·自纪》
02666,僧肇,中国,B,物非真物，故于何而可物？——《不真空论》
02667,萨特,西方,A,我不向世界索求意义，我是意义的给予者。——《存在与虚无》〔意译〕
02668,朱熹,中国,A,存天理，灭人欲，此语甚切。——《语类》
02669,孔子,中国,A,躬自厚而薄责于人，则远怨矣。——《论语·卫灵公》
02670,维特根斯坦,西方,A,幸福者与不幸者共享同一世界，差别只在内在态度。——《逻辑哲学论》6.43〔意译〕
02671,帕斯卡,西方,A,人的伟大恰恰在于他认识到自己是可悲的。——《思想录》L114〔意译〕
02672,叔本华,西方,B,唯有审美静观，能暂时取消主客的利害对立。——《作为意志和表象的世界·第三篇》〔译〕
02673,墨子,中国,B,天下之所以治者，何也？唯以其能一同天下之义，是以天下治。——《墨子·尚同中》
02674,巴门尼德,西方,A,女神告我：你必须学习一切——既学那不动摇的真理之心，也学世人的意见。——〔译〕《论自然》残篇 DK B1（辛普里丘转引）
02675,第欧根尼,西方,A,真正的生计只需极少；多余的，全是有害的奢侈。——〔译〕《名哲言行录》卷六·31
02676,道元,日本,A,佛性不待修而具，修之则显。——《正法眼藏·佛性》
02677,波普尔,西方,B,未来是开放的，它取决于我们自己。——《历史决定论的贫困》〔译〕
02678,释迦牟尼,印度,B,村邑聚落，比丘当次第乞食，不择贫富。——《中阿含经·威仪经》〔意译〕
02679,王夫之,中国,B,治国之要，在足民食、修兵防、明刑赏。——《读通鉴论》 〔意译〕
02680,公孙龙,中国,B,"仲尼异""楚人""与所谓""人""，而非龙异""白马""于所谓""马""，悖。——《公孙龙子·迹府》"
02681,龙树,印度,A,若离于戏论，心无所依止，是名为住涅槃。——《中论·观涅槃品》〔意译〕
02682,安萨里,伊斯兰波斯,A,你当以死为念，则知世荣之虚。——《宗教学科的复兴》〔译〕
02683,马克思,西方,B,商品的拜物教，把人与人的关系伪装成物与物的关系。——《资本论》第一卷·第一章〔译〕
02684,阿奎那,西方,B,自然法是永恒法在理性受造物中的分有；它刻于人心，不随时而易。——《神学大全·I-II·q.91·a.2》〔译〕#self-other
02685,公孙龙,中国,B,得其白，得其坚，见与不见离。不见离，一一不相盈，故离。——《公孙龙子·坚白论》
02686,郭象,中国,A,各安其天性，不责于人。——《庄子注·逍遥游》
02687,冯友兰,中国,A,天地境界中底人，觉解他不仅是社会底一份子，而且是宇宙底一份子。——《新原人·第四章》
02688,墨子,中国,B,不义不富，不义不贵，不义不亲，不义不近。——《墨子·尚贤上》
02689,孔子,中国,B,己所不欲，勿施于人。——《论语·颜渊》《论语·卫灵公》
02690,王阳明,中国,A,千圣皆过影，良知乃吾师。——《长生》
02691,马克思,西方,B,资本主义私有制，是建立在他人劳动之无偿占有上的最后一个隐蔽形式。——《资本论》第一卷·第二十四章〔译〕
02692,慧能,中国,B,东方人造罪，念佛求生西方；西方人造罪，念佛求生何国？——《坛经》（敦煌本）
02693,维特根斯坦,西方,A,我若理解一个词，不是因为窥见它的意义实体，而是会用在游戏中。——《哲学研究》§43〔译〕
02694,亚里士多德,西方,A,沉思的生活，是最高、最持久、最纯净的幸福。——〔译〕《尼各马可伦理学》1177a—b
02695,朱熹,中国,B,未有天地之先，毕竟也只是理。有此理，便有此天地；若无此理，便亦无天地，无人无物。——《语类》卷一
02696,马克思,西方,A,哲学家们只是用不同的方式解释世界，而问题在于改变世界。——《关于费尔巴哈的提纲》第十一条〔译〕
02697,陆九渊,中国,A,讲明工夫，乃是知有是非邪正。——《语录》
02698,程颢,中国,A,医书言手足痿痺为不仁，此言最善名状。仁者，以天地万物为一体，莫非己也。——《遗书》卷二上
02699,德谟克利特,西方,A,贪婪者永远贫穷。——〔译〕《残篇》DK B57（斯托拜乌斯转引）
02700,萨特,西方,B,恶，是人对自由的放弃。——《存在与虚无》〔意译〕
02701,陆九渊,中国,A,人皆有是心，心皆具是理，心即理也。——《与李宰书》（卷十一）
02702,爱比克泰德,西方,B,当有人对你行不义，记住他依其判断而行，正如你也曾依错误判断而行；原谅他，如同原谅从前的自己。——《手册·18》〔意译〕
02703,海德格尔,西方,B,现代技术是一种「座架」（Gestell），把世界当作可计算的库存。——《技术的追问》〔译〕
02704,克尔凯郭尔,西方,A,我只要求一件事：做我自己。——《日记》（Papirer）〔译〕
02705,孟子,中国,A,贤者以其昭昭使人昭昭，今以其昏昏使人昭昭。——《孟子·尽心下》
02706,阿伦特,西方,A,我的良知只对具体之事说话，不对抽象之史。——《责任与判断》〔意译〕
02707,商鞅,中国,B,强而不战，必损其国；战而不胜，必亡其国。——《商君书·去强》
02708,安萨里,伊斯兰波斯,A,沉默是金，言多必失其智。——《宗教学科的复兴》〔译〕
02709,波普尔,西方,B,预言历史的企图，本身会扭曲被预言的历史。——《历史决定论的贫困》〔意译〕
02710,朱熹,中国,B,理气本无先后之可言，然必欲推其所从来，则须说先有是理。——《语类》卷一
02711,萨特,西方,B,历史由行动者书写，而非由宿命决定。——《辩证理性批判》〔意译〕
02712,阿伦特,西方,A,我之为我，在于我敢于不合时宜地思考。——《精神生活·思维》〔意译〕
02713,老子,中国,B,民之难治，以其上之有为，是以难治。——《道德经·第七十五章》
02714,福柯,西方,A,我无法忍受的不是无知，而是被一个单一的真理所统治。——《权力的眼睛》〔意译〕
02715,孙子,中国,A,将者，智、信、仁、勇、严也。——《孙子兵法·计篇》
02716,周敦颐,中国,A,天地间，至尊者道，至贵者德而已矣；至难得者人，人而至难得者，道德有于身而已矣。——《通书·师友上》
02717,克尔凯郭尔,西方,B,当世界变得重要，自我便变得微小。——《日记》（Papirer）〔译〕
02718,萨特,西方,B,异化源于人创造的制度反过来支配人。——《辩证理性批判》〔译〕
02719,阿伦特,西方,B,孤独，是极权统治得以蔓延的心理前提。——《极权主义的起源》〔译〕
02720,鲁米,伊斯兰波斯,A,内在的火，需以泪水浇熄，而非以借口。——《玛斯纳维·卷四》〔译〕
02721,海亚姆,伊斯兰波斯,B,造化弄人，智者饮以忘之。——《鲁拜集》〔译〕
02722,孔子,中国,B,天何言哉？四时行焉，百物生焉，天何言哉？——《论语·阳货》
02723,克里希那穆提,印度,A,恐惧源于把过去的记忆投射到未来。——《重新认识你自己》〔译〕
02724,释迦牟尼,印度,B,月轮虽缺，光明不灭；正法虽远，信者能传。——《增一阿含经·卷二十二》〔意译〕
02725,荀子,中国,B,饥而欲食，寒而欲暖，劳而欲息，好利而恶害，是人之所生而有也。——《荀子·荣辱》
02726,康德,西方,B,我能知道什么？我应当做什么？我可以希望什么？而最后，人是什么？——《纯粹理性批判·引言》〔译〕
02727,释迦牟尼,印度,B,犹如有人身中毒箭，不应先问「箭谁所射、何木所作」，当急拔箭。——《中阿含经·箭喻经》（无记不问）
02728,波普尔,西方,A,一个人成熟的标志，是能承受「自己可能是错的」这一事实。——《无穷的探索》〔意译〕
02729,程颐,中国,B,万物资始乃统天，云行雨施，品物流行。——《易传·乾卦》
02730,董仲舒,中国,A,是故南面而治天下，莫不以教化为大务。——《汉书·董仲舒传》（举贤良对策）
02731,朱熹,中国,A,读书有三到：心到、眼到、口到。——《训学斋规》
02732,安萨里,伊斯兰波斯,B,知识分二类：利今世者、利后世者；后者为本。——《宗教学科的复兴·卷一》〔译〕
02733,康德,西方,B,空间与时间，是感性直观的纯粹形式。——《纯粹理性批判·先验感性论》（A22/B37）〔译〕
02734,胡塞尔,西方,B,现代科学的危机，根源在于遗忘了生活世界这一意义源头。——《欧洲科学的危机与超越论的现象学》§1〔译〕
02735,叔本华,西方,A,放弃对幸福的追逐，反而获得平静。——《附录与补遗·论意志的自由》〔译〕
02736,波普尔,西方,B,一种不能被检验、不能被反驳的主张，不属于科学。——《科学发现的逻辑》〔译〕
02737,冯友兰,中国,B,道家之理想人格，是真人。——《中国哲学简史·第二章》
02738,老子,中国,A,大直若屈，大巧若拙，大辩若讷。——《道德经·第四十五章》
02739,柏拉图,西方,B,由爱人身之美，逐级攀升至爱制度之美、学问之美，终至美本身。——〔译〕《会饮》210a—211b
02740,亚里士多德,西方,B,神是不动的推动者，是纯现实、永恒而至善的第一因。——〔译〕《形而上学》1072a—b
02741,克里希那穆提,印度,B,知识与智慧不同：知识是积累的，智慧是当下的。——《重新认识你自己》〔译〕
02742,牟宗三,中国,A,死生昼夜，天理之常，智者不惑。——《中国哲学十九讲》 〔意译〕
02743,冯友兰,中国,A,人对于人生底觉解，使人生有意义。——《新原人·第一章》
02744,程颐,中国,A,闲邪则诚自存。——《遗书》卷十五
02745,冯友兰,中国,B,道体是流行底，是一切底流行。——《新理学·第四章》
02746,马克思,西方,A,真正的人道主义，是对异化了的现实的超越。——《1844年经济学哲学手稿》〔译〕
02747,马可·奥勒留,西方,A,一切都取决于你的看法。——《沉思录》卷十二·22
02748,庄子,中国,A,举世而誉之而不加劝，举世而非之而不加沮。——《庄子·逍遥游》
02749,海德格尔,西方,A,人作为此在，是存在的「牧者」。——《关于人道主义的书信》〔意译〕
02750,孟子,中国,B,缘木求鱼。——《孟子·梁惠王上》
02751,斯宾诺莎,西方,A,至福并非德性的奖赏，而是德性本身。——《伦理学》第五部分·命题四十二〔意译〕
02752,吉田兼好,日本,A,虚心受人言，乃进德之基。——《徒然草》〔译〕
02753,斯宾诺莎,西方,B,自然中没有任何偶然的东西；一切皆为神本性的必然。——《伦理学》第一部分·命题二十九附释
02754,顾炎武,中国,A,穷经以致用，非空谈性命。——《亭林文集》 〔意译〕
02755,商鞅,中国,B,兵农怠而国弱。——《商君书·垦令》
02756,墨子,中国,B,仁人之事者，必务求兴天下之利，除天下之害。——《墨子·兼爱下》
02757,胡塞尔,西方,B,自然态度不加考察地设定一个独立于意识的客观世界。——《纯粹现象学通论》§27〔译〕
02758,海德格尔,西方,B,形而上学的历史，是存在被规定为存在者的历史。——《路标·论根据的本质》〔意译〕
02759,帕斯卡,西方,A,想象力支配着人，它造就美、造就正义、造就幸福。——《思想录》L82〔意译〕
02760,庄子,中国,A,至乐无乐，至誉无誉。——《庄子·至乐》
02761,萨特,西方,B,人若不为自由抗争，便是自由的同谋。——《存在主义是一种人道主义》〔意译〕
02762,帕斯卡,西方,A,真正的阅读改变的不是记忆，而是人心。——《思想录》〔意译〕⚠️
02763,叔本华,西方,A,人生，是在痛苦与无聊之间摆动的钟摆。——《作为意志和表象的世界》〔译〕
02764,福柯,西方,A,我接受自己是有限的、历史的、可变的。——《性经验史》〔意译〕
02765,释迦牟尼,印度,B,若佛出世，若未出世，此法常住，法住法界，缘起之法，古今不易。——《杂阿含经·卷十二》
02766,海亚姆,伊斯兰波斯,A,我不辨自何来，亦不知去何往，此身如寄于天地。——《鲁拜集》〔译〕
02767,吉田兼好,日本,B,远游者见广，闭户者见深。——《徒然草》〔译〕
02768,张载,中国,B,义理之学，亦须深沉方有造，非浅易轻浮之可得也。——《经学理窟·学大原》
02769,德谟克利特,西方,B,"人的知识只是""暗弱的光""，离真理尚远。——〔译〕《残篇》DK B（塞克斯都·恩披里柯转引）"
02770,孙子,中国,B,故智将务食于敌，食敌一钟，当吾二十钟。——《孙子兵法·作战篇》
02771,荀子,中国,B,谈说之术：矜庄以莅之，端诚以处之，坚强以持之，分别以明之。——《荀子·非相》
02772,雅斯贝尔斯,西方,B,轴心时代的人开始意识到整体的存在、自身与限度。——《历史的起源与目标》〔译〕
02773,尼采,西方,B,历史感过重是现代人的病；历史必须是生命的仆人，而不是主人。——《不合时宜的沉思·历史对于生命的利与弊》〔意译〕
02774,德谟克利特,西方,A,纠正自己的过失，胜过纠正他人的过失。——〔译〕《残篇》DK B41（斯托拜乌斯转引）
02775,亚里士多德,西方,A,主动理智（能思之理性）是不朽的、永恒的、不混杂的。——〔译〕《论灵魂》429a—430a
02776,阿奎那,西方,B,万物之中有程度的善、真、贵；必有至善、至真、至贵者为之因。——《神学大全·I·q.2·a.3》〔译〕
02777,维特根斯坦,西方,B,一个词的意义，就是它在语言中的用法。——《哲学研究》§43〔译〕
02778,克里希那穆提,印度,B,制度无法解决人心的腐败。——《克里希那穆提讲演录》〔译〕
02779,释迦牟尼,印度,A,如实知见五受阴，则断贪爱，得心解脱。——《杂阿含经·卷三》
02780,维特根斯坦,西方,B,私人语言不可能，因为规则无法私人地确立。——《哲学研究》§256〔译〕
02781,胡塞尔,西方,B,生活世界是前科学的、被给予我们的意义基础。——《欧洲科学的危机与超越论的现象学》§34〔译〕
02782,爱比克泰德,西方,A,你若为了身体的舒适而牺牲自由，便是用自己的钱买了一个主人。——《手册·14》〔意译〕
02783,嵇康,中国,B,六经以抑引为主，人性以从容为欢。——《难自然好学论》
02784,庄子,中国,B,指穷于为薪，火传也，不知其尽也。——《庄子·养生主》
02785,德谟克利特,西方,A,不应因惧怕惩罚才不行不义。——〔译〕《残篇》DK B78（斯托拜乌斯转引）
02786,德谟克利特,西方,B,遵从本国法律，是高尚之事。——〔译〕《残篇》DK B257（斯托拜乌斯转引）
02787,墨子,中国,A,言无务为多而务为智，无务为文而务为察。——《墨子·修身》
02788,董仲舒,中国,B,君为阳，臣为阴；父为阳，子为阴；夫为阳，妻为阴。——《春秋繁露·基义》
02789,孙子,中国,B,令之以文，齐之以武，是谓必取。——《孙子兵法·行军篇》
02790,罗素,西方,B,科学能告诉我们「是什么」，却无法告诉我们「应当是什么」。——《人类的知识》〔译〕
02791,黑格尔,西方,A,教化，使人摆脱自然的直接性，进入普遍的精神。——《精神现象学》〔译〕
02792,帕斯卡,西方,B,上帝的存在无法由几何般的证明确定，却能由心的需要确证。——《思想录》L424〔意译〕
02793,商鞅,中国,B,三代不同礼而王，五霸不同法而霸。——《商君书·更法》
02794,爱比克泰德,西方,A,当你求神问卜时，记住你所求不过是你自己的恐惧；神已把理性赐你，足堪应对一切。——《手册·29》〔意译〕
02795,牟宗三,中国,B,政治之正当，在民意之畅达。——《政道与治道》 〔意译〕
02796,亚里士多德,西方,A,勇敢是面对高尚之死与危险时的适度，而非无所畏惧。——〔译〕《尼各马可伦理学》1115a—1117b
02797,韩非,中国,A,千里之堤，以蝼蚁之穴溃；百尺之室，以突隙之烟焚。——《韩非子·喻老》
02798,李贽,中国,A,终身不休，便是真学。——《焚书》 〔意译概括〕 ⚠️
02799,加缪,西方,B,反抗者说「不」，却也在那「不」中确认一个「是」。——《反抗者》〔译〕
02800,张载,中国,B,违曰悖德，害仁曰贼；济恶者不才，其践形，惟肖者也。——《西铭》
02801,克尔凯郭尔,西方,B,教会与世俗的合流，是信仰的衰亡。——《致死的疾病》（Anti-Climacus）〔译〕
02802,王阳明,中国,A,心即理也。天下又有心外之事，心外之理乎？——《传习录》上
02803,罗素,西方,A,爱教会我的，比书本更多。——《自传》〔意译〕
02804,阿伦特,西方,B,公共生活的衰落，始于人们退回到私人的舒适。——《人的境况》〔意译〕
02805,海德格尔,西方,A,烦（Sorge）是此在整体的存在结构。——《存在与时间》§41〔译〕
02806,伊壁鸠鲁,西方,B,"不义本身并非恶，对""被发觉""的恐惧才是恶。——〔译〕《主要学说》KD 34"
02807,孔子,中国,B,近者悦，远者来。——《论语·子路》
02808,陆九渊,中国,B,古之学者，求其所安；今之学者，求其所异。——《语录》
02809,陆九渊,中国,A,私意与公理，利欲与道义，其势不两立。——《语录》
02810,牟宗三,中国,A,性体之流行，即是吾人之诚意。——《心体与性体·第二部》 〔意译〕
02811,鲁米,伊斯兰波斯,B,知识的穷尽处，是爱的起点。——《玛斯纳维·卷四》〔译〕
02812,朱熹,中国,B,所谓致知在格物者，言欲致吾之知，在即物而穷其理也。——《大学章句·补传》
02813,老子,中国,B,金玉满堂，莫之能守；富贵而骄，自遗其咎。——《道德经·第九章》
02814,休谟,西方,A,习惯是人生的伟大指南。——《人性论》卷一·部三·章十 / 《人类理解研究》〔意译〕
02815,马克思,西方,B,货币转化为资本，以劳动力成为商品为前提。——《资本论》第一卷·第四章〔译〕
02816,波普尔,西方,A,所有的生命都是解决问题。——《客观知识》〔译〕
02817,第欧根尼,西方,A,哲人当以自身助人，而非以其财物助人。——〔译〕《名哲言行录》卷六（据言行录）
02818,塞涅卡,西方,A,死亡并不可怕，可怕的是对死亡的长期预支式恐惧；它只发生一次。——《论心灵的宁静·11》〔译〕
02819,海德格尔,西方,A,人是被抛入其生存的，这一被抛性是他无法选择的。——《存在与时间》§29〔译〕
02820,福柯,西方,B,真理是这个世间之物：它只能在多重约束之下被生产出来。——《权力的眼睛》〔译〕
02821,柏拉图,西方,B,太阳喻：善如太阳，既使万物可见，又赋予其生成。——〔译〕《理想国》508a—509a
02822,龙树,印度,B,由一切诸法，自性本空故，无生亦无灭，本来寂静。——《七十空性论·卷一》
02823,萨特,西方,B,价值不是被发现的，而是被人在世界上创造的。——《存在主义是一种人道主义》〔译〕
02824,萨特,西方,A,自为（pour-soi）是使自身成为问题的存在。——《存在与虚无》〔译〕
02825,亚里士多德,西方,A,温和是面对愤怒的适度：该怒则怒、对该怒者怒。——〔译〕《尼各马可伦理学》1125b—1126a
02826,周敦颐,中国,B,大哉《易》也，斯其至矣！——《太极图说》
02827,庄子,中国,B,人主莫不欲其臣之忠，而忠未必信。——《庄子·外物》
02828,道元,日本,A,修证一如，证之一字，不可于心外求。——《正法眼藏·辨道話》
02829,孔子,中国,A,吾日三省吾身：为人谋而不忠乎？与朋友交而不信乎？传不习乎？——《论语·学而》（曾子语，与孔子修身之道并引）
02830,墨子,中国,A,江河不恶小谷之满己也，故能大。——《墨子·亲士》
02831,程颢,中国,B,学者不必远求，近取诸身，只明天理。——《遗书》卷二上
02832,雅斯贝尔斯,西方,A,人若停止自我追问，便停止存在。——《哲学》〔意译〕
02833,顾炎武,中国,B,尝谓今人纂辑之书，如贫子说金，而吾之著书，如采铜于山。——《日知录》（与潘次耕书）
02834,荀子,中国,B,天行有常，不为尧存，不为桀亡。——《荀子·天论》
02835,鲁米,伊斯兰波斯,B,当你为他人点灯，自己的路亦明。——。——《玛斯纳维·卷二》 #self-other〔译〕
02836,郭象,中国,B,若责其所待，而寻其所由，则寻责无极，而至于无待，而独化之理明矣。——《庄子注·齐物论》
02837,孙子,中国,A,故用兵之法，无恃其不来，恃吾有以待也；无恃其不攻，恃吾有所不可攻也。——《孙子兵法·九变篇》
02838,帕斯卡,西方,A,我们的全部尊严就在于思想；因此，要好好思想。——《思想录》L113〔意译〕
02839,鲁米,伊斯兰波斯,A,卖去你的聪明，买来你的迷醉。——《玛斯纳维·卷一》〔译〕
02840,帕斯卡,西方,B,我们生来就是不义的，因为每个人都偏向自己。——《思想录》〔意译〕
02841,韩非,中国,B,故智术能法之士用，则贵重之臣必在绳之外矣。——《韩非子·孤愤》
02842,张载,中国,A,人若志趣不远，心不在焉，虽学无成。——《经学理窟·义理》
02843,休谟,西方,B,神迹违背统一的经验规律，故理性上不可信。——《人类理解研究》第十章〔意译〕
02844,克里希那穆提,印度,A,思想造不出一个崭新的世界。——《重新认识你自己》〔译〕
02845,伊壁鸠鲁,西方,A,不知宇宙本性者，无法祛除关于最重要之事的恐惧。——〔译〕《主要学说》KD 12
02846,马可·奥勒留,西方,A,一个人退到自己内心的堡垒中，再没有比这里更安宁的地方。——《沉思录》卷四·3〔同一段落的另一表述〕
02847,福柯,西方,B,我们把秩序误当作自然，而考古学要做的，是拆穿这种误认。——《知识考古学》〔意译〕
02848,伊壁鸠鲁,西方,B,依正义而活，是最少纷扰的生活。——〔译〕《主要学说》KD 33
02849,朱熹,中国,A,圣贤千言万语，无非只说此事。——《语类》
02850,莱布尼茨,西方,A,自我意识是理性灵魂的标志。——《单子论》第61节〔意译〕
02851,董仲舒,中国,A,心之养，莫贵于义。——《春秋繁露·身之养重于义》
02852,郭象,中国,B,言万物之变化，皆由自然。——《庄子注·至乐》
02853,雅斯贝尔斯,西方,A,人若回避临界处境，便沦为沉沦的群众之一员。——《时代的精神状况》〔意译〕
02854,王弼,中国,B,老子之书，其几乎可一言以蔽之。噫！崇本息末而已矣。——《老子指略》
02855,孔子,中国,B,苟正其身矣，于从政乎何有？不能正其身，如正人何？——《论语·子路》
02856,德谟克利特,西方,A,既得昌盛又不侵害他人，是为至善。——〔译〕《残篇》DK B70（斯托拜乌斯转引）
02857,嵇康,中国,B,夫推类辨物，当先求之自然之理。——《声无哀乐论》
02858,公孙龙,中国,B,变奚？曰：右。——《公孙龙子·通变论》
02859,墨子,中国,B,无法仪而其事能成者，无有也。——《墨子·法仪》
02860,商鞅,中国,B,豪杰务学《诗》《书》，随从外权；要靡事商贾，为技艺，皆以避农战。——《商君书·农战》
02861,加缪,西方,A,我承担我的孤独，因为它证明我存在。——《西西弗神话》〔意译〕
02862,郭象,中国,B,物各自然，不知所以然而然。——《庄子注·齐物论》
02863,胡塞尔,西方,A,我的身体是我的所有知觉得以可能的「零点」。——《笛卡尔式的沉思》〔意译〕
02864,老子,中国,A,曲则全，枉则直，洼则盈，敝则新，少则得，多则惑。——《道德经·第二十二章》
02865,奥古斯丁,西方,B,真正的和平是秩序之静；上帝之城享有永恒的和平，地上的城只有暂时的和平。——《上帝之城·19·13》〔译〕
02866,龙树,印度,A,若离贪爱，则离系缚；离系缚者，名为解脱。——《大智度论·卷二十二》〔意译〕
02867,孙子,中国,A,故不尽知用兵之害者，则不能尽知用兵之利也。——《孙子兵法·作战篇》
02868,王充,中国,B,世人言：邹衍无罪，见拘于燕，仰天而叹，天为之降霜。——《论衡·感虚》
02869,黄宗羲,中国,A,收敛此心，使在内而不在外。——《明儒学案》 〔意译〕
02870,休谟,西方,A,想象力比理性更主动地塑造我们的信念。——《人性论》卷一·部三·章九〔意译〕
02871,韩非,中国,A,欲成方圆而随其规矩，则万事之功形矣。——《韩非子·解老》
02872,荀子,中国,A,学不可以已。——《荀子·劝学》
02873,陆九渊,中国,B,东海有圣人出焉，此心同也，此理同也；西海有圣人出焉，此心同也，此理同也。——《语录》（卷三十六）
02874,墨子,中国,B,强必治，不强必乱；强必宁，不强必危。——《墨子·非命下》
02875,龙树,印度,B,众缘所生法，即无有自性；若无自性者，云何有是法？——《十二门论·观因缘门》
02876,商鞅,中国,B,所谓壹刑者，刑无等级，自卿相、将军以至大夫、庶人，有不从王令、犯国禁、乱上制者，罪死不赦。——《商君书·赏刑》
02877,洛克,西方,A,没有天赋的思辨原则，也没有天赋的实践原则。——《人类理解论》卷一·章二·节1〔意译〕
02878,冯友兰,中国,B,儒家所讲底，是人之道。——《中国哲学简史·第一章》
02879,道元,日本,A,修行在粥饭边，典座之职不可一日阙。——《典座教訓》
02880,鲁米,伊斯兰波斯,A,昨日我聪明，故想改变世界；今日我智慧，故改变自己。——《玛斯纳维·卷五》〔译〕
02881,惠施,中国,A,惠施多方，其书五车。——《庄子·天下》
02882,斯宾诺莎,西方,A,恐惧是软弱，它来自对未来的想象而非理智。——《伦理学》第三部分·命题四十九〔意译〕
02883,董仲舒,中国,B,天之任阳不任阴，好德不好刑。——《春秋繁露·阴阳义》
02884,黄宗羲,中国,A,心无本体，工夫所至，即其本体。——《明儒学案·自序》
02885,福柯,西方,A,我不为任何阵营写作，我只写转折。——《言与文》〔意译〕
02886,郭象,中国,A,心以用伤，则养心者，其唯不用心乎？——《庄子注·在宥》
02887,伊壁鸠鲁,西方,A,我们生而只有一次，不可能再生第二次。——〔译〕《梵蒂冈格言集》VS 62
02888,尼采,西方,B,市场之蝇：他们在你身边嗡嗡，他们的赞美与他们的抱怨一样令人厌烦。——《查拉图斯特拉如是说·论市场之蝇》〔意译〕
02889,熊十力,中国,A,发愤忘食，乐以忘忧，圣者之境也。——《读经示要》 〔意译〕
02890,吉田兼好,日本,A,言多必失，默为金。——《徒然草》〔译〕
02891,朱熹,中国,B,鬼神只是阴阳二气之屈伸往来。——《语类》卷三 ⚠️（「二气良能」原出张载，朱子同主张此说）
02892,僧肇,中国,B,是以言常而不住，称去而不迁。——《物不迁论》
02893,斯宾诺莎,西方,B,一切存在之物都在神之内，并且只有通过神才能被认识。——《伦理学》第一部分·命题十五
02894,阿伦特,西方,A,我害怕的不是孤独，而是失去与自己对话的能力。——《精神生活·思维》〔意译〕
02895,马可·奥勒留,西方,A,不要浪费剩下的生命去谈论别人，那样你就无暇做自己的事。——《沉思录》卷三·4〔意译〕
02896,顾炎武,中国,A,人之为学，不可自小，又不可自大。——《日知录·自视》
02897,海亚姆,伊斯兰波斯,A,醉乡无愁，醒世多忧，故吾愿长醉。——《鲁拜集》〔译〕
02898,奥古斯丁,西方,B,时间对我而言，是心灵自身的延展；过去是记忆，未来是期待，现在是注意。——《忏悔录·11·26》〔译〕
02899,亚里士多德,西方,B,友爱基于相互的善意与选择，而非仅靠有用或愉悦。——〔译〕《尼各马可伦理学》1156a—1157a
02900,海德格尔,西方,B,思与诗是邻近于存在的两种运思方式。——《林中路·诗人何为？》〔译〕
02901,爱比克泰德,西方,B,哲人并不离群索居；他尽公民、邻人、朋友之分，只是在内心不把任何外物当作自己的幸福。——《论说集·2·2》〔意译〕
02902,墨子,中国,B,夫爱人者，人必从而爱之；利人者，人必从而利之。——《墨子·兼爱中》
02903,孟子,中国,A,人之所以异于禽兽者几希。——《孟子·离娄下》
02904,巴门尼德,西方,B,是者之为是，是必然的；非存在者，绝不可能有之。——〔译〕《论自然》残篇 DK B2（辛普里丘转引）
02905,商羯罗,印度,B,一切经论皆为引人入不二；若已证不二，经论可舍。——《梵经注·卷四》〔译〕
02906,伊壁鸠鲁,西方,B,在没有相互约定之处，便无所谓正义。——〔译〕《主要学说》KD 38
02907,冯友兰,中国,A,在道德境界中底人，觉解其尽伦尽职，是社会底。——《新原人·第三章》
02908,僧肇,中国,B,夫生死交谢，寒暑迭迁，有物流动，人之常情。余则谓之不然。——《物不迁论》
02909,王阳明,中国,A,学须反己。若徒责人，只见得人不是，不见自己非。——《传习录》下
02910,顾炎武,中国,B,事无大小，惟其当务之为急。——《日知录》 〔意译〕
02911,程颢,中国,B,切脉最可体仁。——《遗书》卷三
02912,福柯,西方,B,权力无处不在，不是因为它包罗一切，而是因为它来自各处。——《性史·第一卷》〔译〕
02913,朱熹,中国,A,问：「人当如何立志？」曰：「立志要如饥渴之于饮食。」——《语类》
02914,程颐,中国,A,能胜物之谓刚，故直方大。——《易传·坤卦》
02915,海德格尔,西方,B,诗保存了语言最本真的维度。——《林中路·诗人何为？》〔译〕
02916,道元,日本,A,妄念起时，不抑不随，任其自去。——《正法眼藏·坐禅箴》
02917,塞涅卡,西方,B,真正的伟大，不在于居高临下，而在于能俯身助人。——《论仁慈·1》〔译〕
02918,第欧根尼,西方,B,唯一真正的城邦，是这整个宇宙。——〔译〕《名哲言行录》卷六·61
02919,加缪,西方,A,我身上的夏天，是对一切寒冬的回答。——《夏天》〔意译〕
02920,爱比克泰德,西方,B,世界如同一座城，人都是其中的公民；神是这城的管理者，你当尽你这角色之分。——《手册·24》〔意译〕#self-other
02921,周敦颐,中国,B,无极之真，二五之精，妙合而凝。——《太极图说》
02922,冯友兰,中国,A,吾人当以天地境界为归趣。——《新原人》 〔意译〕
02923,赫拉克利特,西方,A,灵魂在冥府里靠嗅闻而存活。——〔译〕《残篇》DK B98（第欧根尼·拉尔修 IX.7 转引）
02924,爱比克泰德,西方,B,他人之错与你无关；不要把它当作自己的负担。——《手册·18》〔译〕
02925,王阳明,中国,B,个个人心有仲尼，自将闻见苦遮迷。——《咏良知四首示诸生》
02926,道元,日本,B,一国一州，悉有佛法流行。——《正法眼藏·仏法》
02927,商鞅,中国,B,公私之交，存亡之本也。——《商君书·修权》
02928,斯宾诺莎,西方,A,意志与理智是同一的；所谓自由意志只是无知的产物。——《伦理学》第二部分·命题四十八附释〔意译〕
02929,莱布尼茨,西方,B,国家的和平有赖于对最高权力的理性认同。——《单子论》〔意译〕⚠️
02930,洛克,西方,A,信仰不可僭越理性证据所能达到的范围。——《人类理解论》卷四·章十八·节5〔意译〕
02931,塞涅卡,西方,B,财富与名誉在智者眼中，如戏台上的道具，用过即还，不足萦怀。——《论幸福生活·1》〔译〕
02932,老子,中国,A,圣人被褐而怀玉。——《道德经·第七十章》
02933,荀子,中国,B,蓬生麻中，不扶而直；白沙在涅，与之俱黑。——《荀子·劝学》
02934,笛卡尔,西方,A,我是一个实体，它的全部本质或本性只是思想；它不需要任何地点以便存在，也不依赖任何物质性的东西。——《第一哲学沉思集》第二沉思
02935,王夫之,中国,B,天下之势，一离一合，一治一乱。——《读通鉴论》 〔意译〕
02936,孙子,中国,B,故上兵伐谋，其次伐交，其次伐兵，其下攻城。——《孙子兵法·谋攻篇》
02937,克尔凯郭尔,西方,B,教会若只求人数，便背离了真信仰。——《日记》（Papirer）〔译〕
02938,王弼,中国,B,道不违自然，乃得其性。——《老子注·二十五章》
02939,德谟克利特,西方,B,风俗（nomos）规定何者为正义，自然（physis）则另有其则。——〔译〕《残篇》DK B（斯托拜乌斯转引）
02940,雅斯贝尔斯,西方,B,真理不是占有，而是我与存在在交往中的相互照亮。——《论真理》〔译〕
02941,安萨里,伊斯兰波斯,A,守时、守约，是修行者之盔甲。——《宗教学科的复兴》〔译〕
02942,胡塞尔,西方,A,我无法摆脱自身视角的有限性，但正因此我能追问无限。——《纯粹现象学通论》〔意译〕
02943,第欧根尼,西方,B,僭主的权力再大，也夺不走一个无所求者的自足。——〔意译〕《名哲言行录》卷六（亚历山大轶事之义）
02944,维特根斯坦,西方,B,哲学不是一种学说，而是一种活动。——《逻辑哲学论》4.112〔译〕
02945,赫拉克利特,西方,B,这逻各斯，虽永远存在，人们却总在听闻它之前与之后都茫然不解。——〔译〕《残篇》DK B1（塞克斯都·恩披里柯《反对数学家》转引）
02946,张载,中国,B,不尊德性，则学问从而失；不致广大，则精微无所立。——《正蒙·中正》
02947,张载,中国,B,天人异用，不足以言诚；天人异知，不足以尽明。——《正蒙·诚明》
02948,庄子,中国,B,安危相易，祸福相生。——《庄子·则阳》
02949,奥古斯丁,西方,B,所谓「人民」，乃是一群因对所爱之物有一致看法而聚合的多数。——《上帝之城·19·24》〔译〕
02950,朱熹,中国,A,涵养护于未发之前则可，求中于未发之前则不可。——《语类》
02951,塞涅卡,西方,A,修习哲学不在炫学，而在把每天的言行交给理性检验。——《致鲁基里乌斯书信集·第11封》〔译〕
02952,程颐,中国,B,风化之本，自家刑于寡妻，以至于兄弟，以御于家邦。——《遗书》卷二十二上
02953,斯宾诺莎,西方,A,我思我所思，爱我所能爱，便是我全部的自由。——《伦理学》第五部分·命题三十六〔意译〕
02954,鲁米,伊斯兰波斯,B,他人是一面镜，照见你未见之己。——。——《玛斯纳维·卷二》 #self-other〔译〕
02955,释迦牟尼,印度,B,八正道者：正见、正思惟、正语、正业、正命、正精进、正念、正定。——《杂阿含经·卷二十八》
02956,阿奎那,西方,B,天使与社会，皆有其层级与秩序；宇宙非杂乱，乃一有秩之整体。——《神学大全·I·q.108·a.1》〔译〕
02957,克里希那穆提,印度,A,真正的修行，是活在每一刻的未知里。——《克里希那穆提讲演录》〔译〕
02958,密尔,西方,A,我不替自己思考，就等于没有真正活过。——《论自由·第二章》〔译〕
02959,雅斯贝尔斯,西方,A,人是一团未完成的、向世界敞开的可能性。——《哲学》〔意译〕
02960,克尔凯郭尔,西方,A,勇气，不是不害怕，而是带着恐惧依然前行。——《焦虑的概念》（Vigilius Haufniensis）〔译〕
02961,公孙龙,中国,A,龙，少学先王之道，长而明仁义之行；合同异，离坚白；然不然，可不可。——《公孙龙子·迹府》
02962,孟子,中国,A,行有不得者，皆反求诸己。——《孟子·离娄上》
02963,陆九渊,中国,A,宇宙便是吾心，吾心即是宇宙。——《杂说》（《陆九渊集》卷二十二） #self-other
02964,莱布尼茨,西方,B,自由与必然并不矛盾：自由的行为仍有其充足理由。——《神义论》〔意译〕
02965,赫拉克利特,西方,B,众人填饱肚腹，如同牲畜。——〔译〕《残篇》〔⚠️ 编号待核；DK B107 实为「眼耳是灵魂野蛮者的坏见证」，与本条不同〕
02966,康德,西方,A,理性存在者，因其能立法而有不可让渡的尊严。——《道德形而上学奠基》〔译〕
02967,商羯罗,印度,A,自我非作者、非受者；业果唯属身与心，不属阿特曼。——《梵经注·卷二》〔译〕
02968,阿奎那,西方,A,人的意志可转向或背离善；这转向或背离的自由，正是责任之所系。——《神学大全·I-II·q.6·a.1》〔译〕
02969,李贽,中国,A,余独信而好古，以求其放心而已。——《焚书·答焦漪园》
02970,周敦颐,中国,A,果而确，无难焉。——《通书·诚下》
02971,海亚姆,伊斯兰波斯,B,江河不息，载走浮名如叶。——《鲁拜集》〔译〕
02972,冯友兰,中国,A,圣人是最完全底人格。——《新原人·第四章》
02973,海亚姆,伊斯兰波斯,B,我们如不合时宜的棋子，被无形之手移来移去。——《鲁拜集》〔译〕
02974,波普尔,西方,A,我从不要求别人相信我，只要求他们质疑我。——《无穷的探索》〔意译〕
02975,黄宗羲,中国,B,三代以上之法，为天下也；后世之法，为一己也。——《明夷待访录·原法》 〔意译〕
02976,熊十力,中国,B,物者，本体之凝敛而成，非离本体别有。——《新唯识论·卷下》 〔意译〕
02977,尼采,西方,B,反对体系者：体系意味着意志的缺失。——《偶像的黄昏·箴言与箭》26〔意译〕
02978,顾炎武,中国,B,天下之人，各怀其家，各私其子，其常情也。——《日知录·财用》
02979,亚里士多德,西方,A,自制者明知而守其欲，放纵者明知恰当却仍从欲。——〔译〕《尼各马可伦理学》1150a—1152a
02980,尼采,西方,A,人是一条污浊的河流。必须成为大海，才能容纳它而不被污染。——《查拉图斯特拉如是说·序言》
02981,韩非,中国,A,非知之难也，处知则难也。——《韩非子·说难》
02982,胡塞尔,西方,A,在彻底怀疑之后，剩下的不可怀疑者，是这个在怀疑着的纯粹自我。——《笛卡尔式的沉思》第一沉思〔译〕
02983,鲁米,伊斯兰波斯,B,朋友是生命之盐，无之则淡。——《玛斯纳维·卷二》〔译〕
02984,马可·奥勒留,西方,B,「我受伤了」——不，你没有受伤，只是你的判断让你觉得如此。——《沉思录》卷七·29〔意译〕
02985,荀子,中国,A,志忍私，然后能公；行忍情性，然后能修。——《荀子·儒效》
02986,海德格尔,西方,A,焦虑中，万物退缩，恰恰显出最本己自我。——《存在与时间》§40〔译〕
02987,孟子,中国,A,万物皆备于我矣。反身而诚，乐莫大焉。——《孟子·尽心上》 #self-other
02988,商羯罗,印度,B,虚空本一，瓶空瓮空实无差别；个我之异唯依身体而起。——《梵经注·卷二》〔译〕
02989,公孙龙,中国,B,求马，黄、黑马皆可致；求白马，黄、黑马不可致。——《公孙龙子·白马论》
02990,吉田兼好,日本,B,鸟兽虫鱼，各遂其生，人当法之。——《徒然草》〔译〕
02991,安萨里,伊斯兰波斯,A,节食、寡言、少眠，是驯服欲望的三法。——《宗教学科的复兴》〔译〕
02992,朱熹,中国,A,持敬之说，不必多言，但熟味「整齐严肃」四字，便是敬之容貌。——《语类》
02993,赫拉克利特,西方,A,你绝不可能发现灵魂的边界，即使走遍一切道路，也走不到尽头。——〔译〕《残篇》DK B45（第欧根尼·拉尔修 IX.7 转引）
02994,伊壁鸠鲁,西方,A,快乐是幸福生活的起点，也是终点。——〔译〕《致美诺寇的信》LM
02995,释迦牟尼,印度,A,若人于世界，舍断爱取，则无忧悲。——《法句经·爱欲品》〔意译〕
02996,克尔凯郭尔,西方,B,舆论，是软弱者的集合。——《日记》（Papirer）〔译〕
02997,加缪,西方,B,自然的无动于衷，是荒诞最纯粹的面孔。——《西西弗神话》〔意译〕
02998,安萨里,伊斯兰波斯,A,爱者与被爱者，在真爱中合而为一。——《宗教学科的复兴·卷三》〔译〕
02999,赫拉克利特,西方,B,隐秘的和谐，胜过显明的和谐。——〔译〕《残篇》DK B54（克莱门《杂记》转引）
03000,王弼,中国,A,言人能处常居之宅，抱一清神，能常无离乎？——《老子注·十章》
03001,柏拉图,西方,B,万人之中难得有一人能凭理性把握那最高的善。——〔译〕《理想国》494a—495a
03002,惠施,中国,A,施存雄而无术。——《庄子·天下》（庄子评惠施）
03003,维特根斯坦,西方,A,我的确知并非来自论证，而来自生活形式。——《论确实性》§358〔译〕
03004,庄子,中国,A,人生天地之间，若白驹之过隙，忽然而已。——《庄子·知北游》
03005,孔子,中国,A,人而无信，不知其可也。——《论语·为政》
03006,老子,中国,A,上善若水。水善利万物而不争，处众人之所恶，故几于道。——《道德经·第八章》
03007,赫拉克利特,西方,B,狗向它不认识的人狂吠。——〔译〕《残篇》DK B97（普鲁塔克转引）
03008,朱熹,中国,A,看文字，须要入在里面，猛滚一番。——《语类》
03009,安萨里,伊斯兰波斯,B,理性有其界，不能证后世之复活与赏罚。——《哲学家的矛盾》〔译〕
03010,龙树,印度,A,学空之人，先学破我执，我执破已，乃能入空。——《十二门论·观因缘门》〔意译〕
03011,第欧根尼,西方,B,若问进餐的恰当时刻：富人随时，穷人能吃到时。——〔译〕《名哲言行录》卷六·54
03012,柏拉图,西方,B,音乐与体育并用，方能使灵魂与身体协调，免于偏废。——〔译〕《理想国》410b—412a
03013,亚里士多德,西方,A,人若只依人性生活便渺小；当依自身中的神性（理性）而活。——〔译〕《尼各马可伦理学》1178a—b
03014,吉田兼好,日本,B,一饭之恩，当终身念。——《徒然草》〔译〕
03015,尼采,西方,A,在孤独中，孤独者吞噬自己；在人群中，众人吞噬他。现在选择吧。——《查拉图斯特拉如是说·论爱邻人》〔意译〕
03016,斯宾诺莎,西方,B,凡清楚认识万物必出于神本性的人，不会怨恨或嘲笑，只会理解。——《伦理学》第四部分·命题五十附释〔意译〕
03017,罗素,西方,A,在不幸中，人变得以自我为中心；而自我中心又加深不幸，形成循环。——《幸福之路》〔译〕
03018,牟宗三,中国,B,中西之会通，在各自尽其性而后相济。——《中国哲学十九讲》 〔意译〕
03019,柏拉图,西方,A,"灵魂与身体结合，在生者看来近乎""被埋入""；哲学即练习解脱。——〔译〕《斐多》82e—83e"
03020,鲁米,伊斯兰波斯,A,你以为自己在寻道，实是道在寻你。——《玛斯纳维·卷三》〔译〕
03021,罗素,西方,A,快乐不是目的，而是好好生活的结果。——《幸福之路》〔意译〕
03022,熊十力,中国,B,一家之言，必有其所以立之根柢。——《十力语要·卷一》 〔意译〕
03023,董仲舒,中国,A,君之所好，民必从之。——《汉书·董仲舒传》（举贤良对策）
03024,墨子,中国,A,君子战虽有陈，而勇为本焉。——《墨子·修身》
03025,冯友兰,中国,B,天理之流行于社会，谓之礼。——《新原人》 〔意译〕
03026,洛克,西方,A,所谓自由意志，其实是能力问题，而非意志本身自由。——《人类理解论》卷二·章廿一·节10〔意译〕
03027,爱比克泰德,西方,A,凡不依赖外物者，才是真正自由；你若把自由系于财富或他人的脸色，便把枷锁戴在了自己手上。——《论说集·4·1》〔意译〕
03028,胡塞尔,西方,B,意向对象并非心理内容的投影，而是被意指的意义统一体。——《纯粹现象学通论》§89〔译〕
03029,龙树,印度,B,不生亦不灭，不常亦不断，不一亦不异，不来亦不出。——《中论·观因缘品》（八不偈）
03030,亚里士多德,西方,B,现实先于潜能；已成的活动高于将成的倾向。——〔译〕《形而上学》1050a—b
03031,孙子,中国,A,善战者，能为不可胜，不能使敌之可胜。——《孙子兵法·形篇》
03032,亚里士多德,西方,A,慷慨是钱财方面的适度：乐于给予，且给予得当。——〔译〕《尼各马可伦理学》1119b—1120b
03033,帕斯卡,西方,B,没有上帝，一切归为偶然或必然，人仍不得安宁。——《思想录》L281〔意译〕
03034,康德,西方,B,自然是「合目的性」地安排的，即便我们无法证明其目的。——《判断力批判·导论》〔译〕
03035,吉田兼好,日本,B,人才之显，待其时运。——《徒然草》〔译〕
03036,奥古斯丁,西方,A,我的灵魂若贪恋受造之物，便在暂存中疲惫；唯归向永恒者得安。——《忏悔录·4·12》〔译〕
03037,加缪,西方,B,世间的美，足以让人原谅其无意义的存在。——《西西弗神话》〔意译〕
03038,公孙龙,中国,B,白马非马，可乎？曰：可。——《公孙龙子·白马论》
03039,奥古斯丁,西方,B,连恶之发生，神也能用以成更大的善；这非恶之为善，乃神之能大。——《上帝之城·11·?》〔译〕
03040,笛卡尔,西方,A,我的自由在于：我可以赞同或不赞同一个判断。——《第一哲学沉思集》第四沉思〔意译〕
03041,克尔凯郭尔,西方,B,世俗的同情，常是逃避真责任的借口。——《爱的作为》（本名）〔译〕
03042,密尔,西方,A,人，不是被批量制造的物品。——《论自由·第三章》〔译〕
03043,阿奎那,西方,B,真理不能自相矛盾；哲学与启示同出一源，故终不相悖。——《反异教大全·I·7》〔译〕
03044,安萨里,伊斯兰波斯,A,心灵的净化（tazkiya），是宗教的根本。——《宗教学科的复兴·卷一》〔译〕
03045,马克思,西方,A,共产主义，作为完成了的自然主义，等于人道主义。——《1844年经济学哲学手稿》〔译〕
03046,福柯,西方,B,真相从不外在于权力，它就在权力的网结处生成。——《权力的眼睛》〔意译〕
03047,龙树,印度,B,若谓诸法实有自性，则堕常边；若谓毕竟无，则堕断边。——《中论·观本际品》〔意译〕
03048,黑格尔,西方,A,凡精神所创造之物，都要被精神重新认识。——《精神现象学》〔译〕
03049,亚里士多德,西方,B,哲学始于惊奇；因惊奇，人才起初如愚者般追问。——〔译〕《形而上学》982b
03050,爱比克泰德,西方,B,我们不是孤立的个体，而是被嵌入一个更大的整体；你的存在是为了整体的善。——《手册·23》〔意译〕#self-other
03051,巴门尼德,西方,A,人之所思，随其肢体之混合而定；因为于一切人、一切事，其本性皆同一。——〔译〕《论自然》残篇 DK B16（亚里士多德《形而上学》、伽伦转引）
03052,陆九渊,中国,B,后世言学者，多徇末而遗本。——《语录》
03053,墨子,中国,B,无言而不雠，无德而不报。——《墨子·兼爱中》
03054,海亚姆,伊斯兰波斯,A,一抔黄土，曾是多少帝王的荣华。——《鲁拜集》〔译〕
03055,马克思,西方,A,劳动的异化，根源于私有财产。——《1844年经济学哲学手稿》〔译〕
03056,商羯罗,印度,A,舍离对身心的我执，乃名真出家。——《薄伽梵歌注·卷五》〔译〕
03057,王充,中国,B,孟子作《性善》之篇，以为人性皆善。——《论衡·本性》
03058,加缪,西方,B,阳光与海，是世界给穷人的慷慨。——《西西弗神话》〔意译〕
03059,庄子,中国,A,吾生也有涯，而知也无涯。以有涯随无涯，殆已！——《庄子·养生主》
03060,斯宾诺莎,西方,B,神，或实体，具有无限多的属性，其中思维与广延为我们所知晓。——《伦理学》第一部分·命题十一〔意译〕
03061,董仲舒,中国,A,圣人之性，不可以名性；斗筲之性，又不可以名性；名性者，中民之性。——《春秋繁露·深察名号》
03062,公孙龙,中国,B,且犹白以目视，目以火见，而火不见，则火与目不见而神见；神不见而见离。——《公孙龙子·坚白论》
03063,嵇康,中国,A,野人有快炙背而美芹子者，欲献之至尊，虽有区区之意，亦已疏矣。——《与山巨源绝交书》
03064,克尔凯郭尔,西方,B,平均化的时代，把天才当作威胁。——《现时代》（本名）〔译〕
03065,牟宗三,中国,A,觉，是心之本质。——《中国哲学十九讲》 〔意译〕
03066,密尔,西方,A,个性，是幸福与进步的同一源泉。——《论自由·第三章》〔译〕
03067,克尔凯郭尔,西方,B,爱邻人，是无条件地、平等地爱每一个「他人」。——《爱的作为》（本名）〔译〕
03068,海德格尔,西方,B,真理的发生是自由，自由是真理之绽出。——《路标·论真理的本质》〔译〕
03069,王充,中国,A,繁文之人，人之杰也。——《论衡·书解》
03070,朱熹,中国,B,一草一木，亦皆有理。如麻麦稻粱，甚时种，甚时收，地之肥瘠，种之先后，皆有理。——《语类》卷十八
03071,马克思,西方,A,人，既是自然存在物，也是类存在物。——《1844年经济学哲学手稿》〔译〕
03072,吉田兼好,日本,B,名园不如野趣，华服不如布衣。——《徒然草》〔译〕
03073,帕斯卡,西方,A,自尊是人与生俱来的偏见，是一切纷争的隐秘根源。——《思想录》〔意译〕
03074,张载,中国,A,德不胜气，性命于气；德胜其气，性命于德。——《正蒙·诚明》
03075,孙子,中国,A,善战者，致人而不致于人。——《孙子兵法·虚实篇》
03076,陆九渊,中国,B,千万世之前，有圣人出焉，同此心，同此理也；千万世之后，有圣人出焉，同此心，同此理也。——《语录》（卷三十六）
03077,周敦颐,中国,A,心泰则无不足；无不足，则富贵贫贱，处之一也。——《通书·颜子》
03078,周敦颐,中国,A,志伊尹之所志，学颜子之所学。——《通书·志学》
03079,罗素,西方,B,战争根植于人性中的破坏冲动，但制度可以抑制它。——《权力论》〔译〕
03080,笛卡尔,西方,B,「我思故我在」这条真理，是所有哲学知识中最确定、最基础的。——《哲学原理》第一部分·§7〔意译〕
03081,陆九渊,中国,B,涓流积至沧溟水，拳石崇成泰华岑。——《鹅湖和教授兄韵》（诗）
03082,加缪,西方,A,我的自由，是在无意义中坚持不妥协。——《反抗者》〔意译〕
03083,克里希那穆提,印度,A,死亡不是终点，而是对「我」的彻底放下。——《克里希那穆提讲演录》〔译〕
03084,休谟,西方,A,在没有相应印象之前，心灵中不可能有任何观念。——《人性论》卷一·部一·章一〔意译〕
03085,洛克,西方,A,我们的一切知识都终于观念。——《人类理解论》卷四·章一·节1〔意译〕
03086,董仲舒,中国,B,人之形体，化天数而成；人之血气，化天志而仁；人之德行，化天理而义。——《春秋繁露·为人者天》
03087,商羯罗,印度,A,当观身如城，自我如城中主，不为境转。——《薄伽梵歌注·卷十三》〔译〕
03088,程颢,中国,A,道通天地有形外，思入风云变态中。——《秋日》
03089,程颢,中国,A,圣人之喜，以物之当喜；圣人之怒，以物之当怒。——《定性书》
03090,庄子,中国,B,君子之交淡若水，小人之交甘若醴。——《庄子·山木》
03091,笛卡尔,西方,B,自然规律恒定不变，万物依同样的规则运行。——《哲学原理》第二部分·§37〔意译〕
03092,德谟克利特,西方,A,恶人于己无益，于他人更无益。——〔译〕《残篇》DK B59（斯托拜乌斯转引）
03093,惠施,中国,B,魏王贻我大瓠之种，我树之成而实五石……吾为其无用而掊之。——《庄子·逍遥游》（惠施语）
03094,萨特,西方,A,自欺（mauvaise foi）是人逃避自由的根本方式。——《存在与虚无》〔译〕
03095,郭象,中国,A,夫至人者，上窥青天，下潜黄泉，挥斥八极，神气不变。——《庄子注·田子方》
03096,加缪,西方,A,人的伟大，在于他知道自己是会死的。——《西西弗神话》〔意译〕
03097,鲁米,伊斯兰波斯,B,雨润花开，非雷；故高声非力量，柔声方生。——《玛斯纳维·卷三》〔译〕
03098,朱熹,中国,A,虚心涵泳，切己体察。——《朱子读书法》
03099,周敦颐,中国,B,无极而太极。——《太极图说》
03100,牟宗三,中国,A,道德的形上学，以自由无限心为体。——《圆善论》 〔意译〕
03101,王阳明,中国,A,良知之外，别无知矣。——《传习录》中
03102,商鞅,中国,A,治世不一道，便国不必法古。——《商君书·更法》
03103,奥古斯丁,西方,A,我的舌头述说你，我的笔记述你；我所写，无非是你对我的恩。——《忏悔录·11·1》〔译〕
03104,莱布尼茨,西方,A,没有两个完全相同的单子；自然界没有两片相同的叶子。——《单子论》第9节〔意译〕
03105,伊壁鸠鲁,西方,B,友谊绕行世界，向众人宣告：醒来，奔向幸福的祝福。——〔译〕《致美诺寇的信》LM（结尾名句）
03106,孟子,中国,A,耻之于人大矣。——《孟子·尽心上》
03107,程颢,中国,B,礼者，理也，文也。理者，实也，本也；文者，华也，末也。——《遗书》卷十一
03108,公孙龙,中国,A,审其名实，慎其所谓。——《公孙龙子·名实论》
03109,第欧根尼,西方,A,"我之所以自称""犬""，是因我依自然而非习俗而活。——〔意译〕《名哲言行录》卷六（据其自况言行）"
03110,王充,中国,A,故才人能令其行可尊，不能使人必法己；能令其言可行，不能使人必采取之。——《论衡·书解》
03111,吉田兼好,日本,A,无聊赖之时，对砚漫书，是《徒然草》之起。——《徒然草·第1段》〔译〕
03112,马克思,西方,B,占统治地位的思想，不过是占统治地位的物质关系在观念上的表现。——《德意志意识形态》〔译〕
03113,洛克,西方,A,一个人若不能反省自己的观念，便无从知道自己知道什么。——《人类理解论》卷二·章一·节4〔意译〕
03114,嵇康,中国,A,爱憎不栖于情，忧喜不留于意，泊然无感，而体气和平。——《养生论》
03115,僧肇,中国,A,圣人虚其心而实其照，终日知而未尝知也。——《般若无知论》
03116,康德,西方,A,在目的王国中，理性存在者彼此只作为目的，而绝不单纯作为手段来对待。——《道德形而上学奠基》〔译〕
03117,董仲舒,中国,A,命者，天之令也；性者，生之质也；情者，人之欲也。——《汉书·董仲舒传》（举贤良对策）
03118,公孙龙,中国,B,天下无指，而物不可谓指者，非有非指也。非有非指者，物莫非指也。——《公孙龙子·指物论》
03119,程颢,中国,B,观鸡雏，此可观仁。——《遗书》卷三
03120,孔子,中国,A,君子坦荡荡，小人长戚戚。——《论语·述而》
03121,孔子,中国,B,其身正，不令而行；其身不正，虽令不从。——《论语·子路》
03122,道元,日本,B,山川草木，悉是法身之显现。——《正法眼藏·山川草木》
03123,叔本华,西方,A,死亡对个人是虚无，对意志却是延续。——《作为意志和表象的世界》〔译〕
03124,王夫之,中国,A,礼者，身之节文也。——《读通鉴论》 〔意译〕
03125,僧肇,中国,A,真智观真谛，未尝取所知；智不取所知，此智何由知？——《般若无知论》
03126,韩非,中国,A,去甚去泰，身乃无害。——《韩非子·扬权》
03127,亚里士多德,西方,B,最好的政体，是使全体公民能得幸福与闲暇的政体。——〔译〕《政治学》1325a—b
03128,陆九渊,中国,A,读书切戒在慌忙，涵泳工夫兴味长。——《读书》（诗）
03129,胡塞尔,西方,B,他者与我共有一个世界，这一事实先于一切认识论证明。——《笛卡尔式的沉思》第五沉思〔译〕
03130,福柯,西方,A,我唯一承认的导师，是那些已被历史埋葬的人。——《词与物·序言》〔意译〕
03131,熊十力,中国,A,习气日损，则本性日显。——《十力语要·卷二》 〔意译〕
03132,郭象,中国,A,任自然而忘是非。——《庄子注·齐物论》
03133,帕斯卡,西方,B,怀疑一切与盲信一切，是同样懒惰的两种极端。——《思想录》L573〔意译〕
03134,李贽,中国,A,余每见世人，但知随声附和，未尝有特立独行之人。——《焚书》 ⚠️〔意译〕
03135,伊壁鸠鲁,西方,B,最公正的人最少烦扰，最不义的人最多烦扰。——〔译〕《主要学说》KD 17
03136,德谟克利特,西方,A,逢人便夸者，是谄媚之徒。——〔译〕《残篇》DK B48（斯托拜乌斯转引）
03137,黑格尔,西方,B,理性的狡计，利用个人的情欲来实现自己的目的。——《历史哲学讲演录》〔译〕
03138,萨特,西方,B,阶级压迫以「物化」剥夺人的主体性。——《辩证理性批判》〔意译〕
03139,莱布尼茨,西方,A,凡我们清楚地知觉到的，都包含在一个单纯实体的能力中。——《单子论》第19节〔意译〕
03140,陆九渊,中国,B,此理充塞宇宙，天地鬼神且奈何不得。——《语录》（卷十二）
03141,休谟,西方,A,人心有一种把相似对象补全的自然倾向。——《人性论》卷一·部一·章三〔意译〕
03142,王弼,中国,A,无私者，无为于身也。——《老子注·七章》
03143,熊十力,中国,A,仁者，本心也，亦即是吾人与天地万物所同具之本体。——《新唯识论·卷中》
03144,王夫之,中国,A,吾心之明，不可欺以物。——《思问录·内篇》 〔意译〕
03145,僧肇,中国,A,圣心无知，而无所不知；无见，而无所不见。——《般若无知论》
03146,维特根斯坦,西方,A,自我是世界的一个界限，而非世界中的一个对象。——《逻辑哲学论》5.632〔译〕
03147,荀子,中国,A,目好色，耳好声，口好味，心好利，骨体肤理好愉佚，是皆生于人之情性者也。——《荀子·性恶》
03148,孙子,中国,B,出其所必趋，趋其所不意。——《孙子兵法·虚实篇》
03149,奥古斯丁,西方,A,静观真理时，我忘了时间；那一刻，我心与永恒相接。——《忏悔录·9·10》〔译〕
03150,朱熹,中国,B,天者，理而已矣。上古圣人，只是顺天理，不敢违。——《语类》卷一
03151,帕斯卡,西方,A,人的理智天然倾向于错误，犹如物体天然倾向于下落。——《思想录》〔意译〕⚠️
03152,海亚姆,伊斯兰波斯,A,时间如流，莫停杯以问永恒。——《鲁拜集》〔译〕
03153,帕斯卡,西方,A,一个人若不为永恒而活，他的一生便只是一阵风。——《思想录》〔意译〕⚠️
03154,帕斯卡,西方,A,我们爱真理，却只在它使我们愉悦时才爱。——《思想录》〔意译〕
03155,帕斯卡,西方,A,凡是想做天使的人，往往成了野兽。——《思想录》L162〔意译〕
03156,加缪,西方,B,世界没有意义，但人为它立法。——《西西弗神话》〔意译〕
03157,萨特,西方,A,存在先于本质。——《存在主义是一种人道主义》〔译〕
03158,笛卡尔,西方,B,那些由上帝创造的永恒真理，也依赖于上帝而成立。——《哲学原理》第一部分·§15〔意译〕
03159,斯宾诺莎,西方,A,悲伤源于我们被剥夺了所爱的东西，喜悦源于保全。——《伦理学》第三部分·命题四十七附释〔意译〕
03160,董仲舒,中国,A,夫人有义者，虽贫能自乐也；而大无义者，虽富莫能自存。——《春秋繁露·身之养重于义》
03161,奥古斯丁,西方,A,真正的悔改，是把心从所爱之物上撕下，交还于那当爱者。——《忏悔录·8·11》〔译〕
03162,休谟,西方,B,我们关于原因的知识，全部来自过去的经验。——《人性论》卷一·部三·章十二〔意译〕
03163,惠施,中国,B,日方中方睨，物方生方死。——《庄子·天下》（历物十事之四）
03164,道元,日本,A,修行无他，只是当处、当相、即今。——《正法眼藏·現成公案》
03165,孟子,中国,A,富贵不能淫，贫贱不能移，威武不能屈，此之谓大丈夫。——《孟子·滕文公下》
03166,克里希那穆提,印度,B,不要追随任何人，包括我。——《人生中不可不想的事》〔译〕
03167,阿奎那,西方,A,真正的自由，是「能不为所不当为」；外在的束缚，不夺内在的自主。——《神学大全·I-II·q.13·a.6》〔译〕
03168,孔子,中国,B,敏而好学，不耻下问。——《论语·公冶长》
03169,巴门尼德,西方,B,黑暗的大地居于中央，被以太所环绕。——〔译〕《论自然》残篇 DK B15（辛普里丘转引）
03170,朱熹,中国,B,仁义礼智，性也；恻隐、羞恶、辞让、是非，情也；以仁爱、以义恶、以礼让、以智知，心也。——《语类》卷五
03171,王弼,中国,A,静则全物之真，躁则犯物之性。——《老子注·四十五章》
03172,洛克,西方,B,宗教宽容是良心之事，不应由世俗权力裁决。——《论宗教宽容》〔意译〕
03173,庄子,中国,B,名者，实之宾也。——《庄子·逍遥游》
03174,亚里士多德,西方,A,实践智慧所关切的，是人事与可变化者，而非永恒不变之物。——〔译〕《尼各马可伦理学》1139b—1140a
03175,商羯罗,印度,A,敬师、问疑、久修，是入不二之门。——《梵经注·卷一》〔译〕
03176,爱比克泰德,西方,A,贪求而不得是苦，拥有而惧失也是苦；自由的秘诀，在于把欲求只放在自己能掌控之事上。——《手册·9》〔意译〕
03177,牟宗三,中国,B,天道不已，圣人之纯亦不已。——《心体与性体·第一部》 〔意译〕
03178,龙树,印度,B,凡所有相，皆是虚妄分别；离分别已，见诸法实相。——《中论·观法品》〔意译〕
03179,朱熹,中国,A,日省其身，有则改之，无则加勉。——《语类》
03180,郭象,中国,B,夫养生非求过分，全理尽年而已。——《庄子注·养生主》
03181,海亚姆,伊斯兰波斯,B,夜风送来东方消息，唤醒酣睡之人。——《鲁拜集》〔译〕
03182,冯友兰,中国,A,在自然境界中底人，不知有我，亦不知在作什么。——《新原人·第一章》
03183,苏格拉底,西方,A,我从未向任何人收费，我同等地问富人与穷人。——柏拉图《申辩篇》33a〔译〕
03184,斯宾诺莎,西方,B,凡是遵从理性的人，他所追求的善也为别人所追求。——《伦理学》第四部分·命题三十六〔意译〕
03185,亚里士多德,西方,A,恰当地自爱，并非自私，而是依德性善待自己。——〔译〕《尼各马可伦理学》1166a—1168b
03186,波普尔,西方,B,科学的客观，来自它欢迎一切可能的反驳。——《科学发现的逻辑》〔意译〕
03187,克尔凯郭尔,西方,A,伟大的事，不是去统治，而是意愿成为自我。——《致死的疾病》（Anti-Climacus）〔译〕
03188,奥古斯丁,西方,A,我愿认识两件事：认识你，认识我自己；其余的欲，皆可舍。——《忏悔录·10·?》〔译〕
03189,海德格尔,西方,B,语言是存在之家。——《关于人道主义的书信》〔译〕
03190,克尔凯郭尔,西方,A,绝望，是自我的一种病态。——《致死的疾病》（Anti-Climacus）〔译〕
03191,龙树,印度,B,因果相续，如幻如化；非无因果，非实有果。——《中论·观因果品》〔意译〕
03192,陆九渊,中国,B,为政者，当以教化为先。——《语录》
03193,冯友兰,中国,B,所谓命，是所以使吾人底行为有某种限制者。——《新原人·第五章》
03194,德谟克利特,西方,A,未受教育者中，常有胜过受教育者之人。——〔译〕《残篇》DK B61（斯托拜乌斯转引）
03195,冯友兰,中国,A,人之所以为人者，在其有觉解。——《新原人·第一章》
03196,嵇康,中国,B,声之于心，殊途异轨，不相经纬。——《声无哀乐论》
03197,孟子,中国,A,人皆可以为尧舜。——《孟子·告子下》
03198,慧能,中国,A,见闻转经，口念心不行，即是被经转。——《坛经》（敦煌本）
03199,海亚姆,伊斯兰波斯,A,晨起莫眠，长夜已过，举杯庆生。——《鲁拜集》（菲茨杰拉德英译第5版，开篇）〔译〕
03200,老子,中国,A,宠辱若惊，贵大患若身。——《道德经·第十三章》
03201,释迦牟尼,印度,A,若比丘，于空闲处、树下坐，善观察思惟，则心易得定。——《杂阿含经·卷十七》
03202,莱布尼茨,西方,B,连续的知觉中，醒来只是模糊知觉的清晰化。——《单子论》第21节〔意译〕
03203,释迦牟尼,印度,A,观色如聚沫，受如水上泡，想如春时焰，行如芭蕉，识如幻。——《杂阿含经·卷十》
03204,海亚姆,伊斯兰波斯,B,人间纷争，皆因执名相而昧实相。——《鲁拜集》〔译〕
03205,笛卡尔,西方,B,世界，或物质的整体，按其本性是无垠的。——《哲学原理》第二部分·§21〔意译〕
03206,韩非,中国,A,甚爱必大费，多藏必厚亡。——《韩非子·喻老》
03207,顾炎武,中国,A,守拙全吾真，随俗非所尚。——《亭林诗集》 〔意译〕
03208,程颐,中国,B,不偏之谓中，不易之谓庸。中者，天下之正道；庸者，天下之定理。——《中庸解》序
03209,奥古斯丁,西方,B,罪之发生，在受造意志之缺，而不在神的创造；神是万善之源。——《论自由意志·3·1》〔译〕
03210,吉田兼好,日本,B,世事如棋，局局新而理同。——《徒然草》〔译〕
03211,密尔,西方,B,一种意见被压制，便是人类整体的损失。——《论自由·第二章》〔译〕
03212,商鞅,中国,B,故刑者，所以禁邪也；而赏者，所以助禁也。——《商君书·算地》
03213,庄子,中国,A,虚静恬淡寂漠无为者，天地之平而道德之至也。——《庄子·天道》
03214,周敦颐,中国,A,仁义礼智四者，动静、言貌、视听无违谓之纯。——《通书·治》
03215,王阳明,中国,B,良知良能，愚夫愚妇与圣人同。——《传习录》中
03216,商鞅,中国,A,且夫有高人之行者，固见负于世；有独知之虑者，必见骜于民。——《商君书·更法》
03217,阿伦特,西方,A,一个人最深的孤独，是无人可与他进行那场内心的对话。——《精神生活·思维》〔意译〕
03218,斯宾诺莎,西方,B,统治者最大的危险是背弃公共善而贪图私利。——《政治论》〔意译〕
03219,海德格尔,西方,A,良知之沉默，比任何言说更切近本真自我。——《存在与时间》§58〔译〕
03220,龙树,印度,A,如实知自心本空，则烦恼无可着处。——《大智度论·卷四十三》〔意译〕
03221,爱比克泰德,西方,B,社会靠一套共同的约定（法律与习俗）维系；你既享其利，便当守其约。——《手册·30》〔意译〕
03222,笛卡尔,西方,A,这个「我」，亦即我赖以成为我的那个灵魂，与形体完全不同，甚至比形体更容易被认识。——《第一哲学沉思集》第二沉思〔意译〕
03223,嵇康,中国,B,夫喜、怒、哀、乐，爱、憎、惭、惧，凡此八者，生民所以接物传情。——《声无哀乐论》
03224,道元,日本,B,因果如影，善恶之报，丝毫不爽。——《正法眼藏·因果》
03225,孟子,中国,B,保民而王，莫之能御也。——《孟子·梁惠王上》
03226,海德格尔,西方,B,常人（das Man）支配着公共解释的平均状态。——《存在与时间》§27〔译〕
03227,孟子,中国,A,恻隐之心，人皆有之；羞恶之心，人皆有之；恭敬之心，人皆有之；是非之心，人皆有之。——《孟子·告子上》
03228,孟子,中国,B,不违农时，谷不可胜食也。——《孟子·梁惠王上》
03229,郭象,中国,A,夫坐忘者，奚所不忘哉！——《庄子注·大宗师》
03230,张载,中国,A,于无疑处有疑，方是进矣。——《张子语录》
03231,福柯,西方,B,知识考古学要做的，是揭示话语形成之下的规则。——《知识考古学》〔译〕
03232,慧能,中国,B,何以渐顿？法本一宗，人有南北。——《坛经》（敦煌本）
03233,阿伦特,西方,B,革命的意义，不在于暴力，而在于建立新的自由空间。——《论革命》〔译〕
03234,帕斯卡,西方,B,人在两个无限之间——无限大与无限小——悬浮，既不知所从，也不知所往。——《思想录》L199〔意译〕
03235,巴门尼德,西方,B,既无生成，亦无消亡，因为若有，必来自非存在。——〔译〕《论自然》残篇 DK B9（辛普里丘转引）
03236,老子,中国,A,知其雄，守其雌，为天下溪。——《道德经·第二十八章》
03237,陆九渊,中国,A,胆量皆因才见，才大则胆大。——《语录》（卷三十五）
03238,荀子,中国,A,志意修则骄富贵，道义重则轻王公。——《荀子·修身》
03239,德谟克利特,西方,A,犯错固属人情，坚持错误却是愚昧。——〔译〕《残篇》DK B54（斯托拜乌斯转引）
03240,道元,日本,A,粥饭边即是佛法，莫轻厨房之事。——《典座教訓》
03241,王夫之,中国,B,天地之化日新。——《思问录·外篇》
03242,僧肇,中国,A,圣心冥寂，理极同无。——《般若无知论》
03243,海亚姆,伊斯兰波斯,A,莫怨造物，怨己不饮而空老。——《鲁拜集》〔译〕
03244,帕斯卡,西方,B,哲学家既不认识真正的善，也不认识真正的恶。——《思想录》L445〔意译〕
03245,吉田兼好,日本,B,礼乐虽废，人心之善不亡。——《徒然草》〔译〕
03246,老子,中国,B,圣人之道，为而不争。——《道德经·第八十一章》
03247,叔本华,西方,A,记忆与想象，使人的痛苦倍增于动物。——《作为意志和表象的世界》〔译〕
03248,嵇康,中国,B,夫能移风易俗者，孰不由于乐乎？——《声无哀乐论》
03249,克尔凯郭尔,西方,A,一个真正的人，敢于做自己、敢于成为例外。——《致死的疾病》（Anti-Climacus）〔译〕
03250,萨特,西方,B,他人自由是我自由的界限与条件。——《存在与虚无》〔译〕
03251,第欧根尼,西方,A,简朴不是匮乏，而是自由；富足不是拥有，而是羁绊。——〔意译〕《名哲言行录》卷六（犬儒要义）
03252,墨子,中国,B,杀一人谓之不义，必有一死罪矣。——《墨子·非攻上》
03253,郭象,中国,B,各然其所然，各可其所可。——《庄子注·大宗师》
03254,孙子,中国,B,夫吴人与越人相恶也，当其同舟而济，遇风，其相救也如左右手。——《孙子兵法·九地篇》
03255,王弼,中国,A,为治之功，在于明与守。——《老子注·五十二章》
03256,孙子,中国,B,兵无常势，水无常形，能因敌变化而取胜者，谓之神。——《孙子兵法·虚实篇》
03257,爱比克泰德,西方,A,疾病是身体的阻碍，不是意愿的阻碍——除非意愿自身选择如此。——《手册·9》
03258,嵇康,中国,A,故世之难得者，非财也，非荣也，患意之不足耳。——《答难养生论》
03259,德谟克利特,西方,A,美好的事物难得而易守。——〔译〕《残篇》DK B79（斯托拜乌斯转引）
03260,尼采,西方,B,什么是幸福？就是感到自己的力量在增长、阻力在被克服。——《敌基督》第2节〔意译〕
03261,牟宗三,中国,B,中国文化，是综和的尽理之精神。——《政道与治道》 〔意译〕
03262,柏拉图,西方,B,诗人编造神彼此争斗、欺骗的谎言，于城邦无益，当受审查。——〔译〕《理想国》377e—378e
03263,荀子,中国,B,礼者，法之大分，类之纲纪也。——《荀子·劝学》
03264,尼采,西方,B,在基督教中，既没有道德，也没有真理——有的只是对生命的债务和伪造。——《敌基督》〔意译〕
03265,庄子,中国,A,虚室生白，吉祥止止。——《庄子·人间世》
03266,克尔凯郭尔,西方,B,婚姻制度若沦为单纯的习俗，便失去其伦理重量。——《非此即彼》（Victor Eremita 编纂）〔译〕
03267,维特根斯坦,西方,B,遵循规则不是内心领悟，而是在实践中被校准。——《哲学研究》§201〔译〕
03268,商羯罗,印度,A,凡夫执我我所，智者知我即梵，无有我所。——《梵经注·卷一》〔译〕
03269,牟宗三,中国,B,政统之继续，即完成民主建国。——《政道与治道》 〔意译〕
03270,加缪,西方,B,世界的荒谬，不赦免人，却召唤人站立。——《西西弗神话》〔意译〕
03271,密尔,西方,B,国家的职能，是保障个人自由，而非取代它。——《论自由》〔译〕
03272,朱熹,中国,B,太极只是个极好至善的道理。——《太极图说解》
03273,惠施,中国,B,大同而与小同异，此之谓小同异；万物毕同毕异，此之谓大同异。——《庄子·天下》（历物十事之五）
03274,康德,西方,B,法治国家中，每个人都是主权者的成员，而非臣属。——《道德形而上学·法权论》〔译〕
03275,商鞅,中国,B,无宿治，则邪官不及为奸。——《商君书·垦令》
03276,洛克,西方,A,记忆是同一人格得以成立的关键。——《人类理解论》卷二·章廿七·节20〔意译〕
03277,康德,西方,B,天赋权利，是每个人依其人性而有的、与生俱来的权利。——《道德形而上学·法权论》〔译〕
03278,萨特,西方,A,我选择自己时，也把世界纳入我的谋划。——《存在与虚无》〔意译〕
03279,马克思,西方,B,危机，是资本主义矛盾的暴力爆发。——《资本论》第三卷〔译〕
03280,伊壁鸠鲁,西方,A,死亡于我们无足轻重；因那消散者已无感觉，而无感觉者于我无物。——〔译〕《主要学说》KD 2
03281,苏格拉底,西方,B,未经检验的意见，只是幻象。——柏拉图《理想国》〔译〕※
03282,郭象,中国,B,斯非有所私也，故万物得以自生。——《庄子注·大宗师》
03283,王夫之,中国,A,学者之患，莫大于自欺。——《俟解》 〔意译〕
03284,黄宗羲,中国,B,取士之法，当宽于资格而严于实学。——《明夷待访录·取士》 〔意译〕
03285,萨特,西方,B,人通过他人认识自己，却也在他人中迷失。——《存在与虚无》〔意译〕
03286,商羯罗,印度,A,究竟智（上智）者，见一切唯梵，无有二。——《梵经注·卷三》〔译〕
03287,王阳明,中国,A,吾心自有光明月，千古团圆永无缺。——《中秋》
03288,海亚姆,伊斯兰波斯,B,酒与歌，是这虚妄世间唯一真实。——《鲁拜集》〔译〕
03289,莱布尼茨,西方,B,充足理由律：凡发生之事，必有理由使之如此而非别样。——《单子论》第32节〔意译〕
03290,福柯,西方,A,我把自我当作一种待解的作品，而非既定的实体。——《性经验史·关心自己》〔意译〕
03291,第欧根尼,西方,A,我从不为贫穷遮掩，因它本不值得羞耻。——〔意译〕《名哲言行录》卷六（据其言行）
03292,福柯,西方,B,灵魂是身体的监狱。——《规训与惩罚》〔译〕
03293,老子,中国,B,慎终如始，则无败事。——《道德经·第六十四章》
03294,第欧根尼,西方,B,多数人的意见如风，不可为立身之据。——〔意译〕《名哲言行录》卷六（据其言论）
03295,德谟克利特,西方,B,高贵而贫者，胜过低贱而富者。——〔译〕《残篇》〔⚠️ 编号待核；斯托拜乌斯《选集》转引〕
03296,海德格尔,西方,A,我能失去的，只是那本不属于我的「常人」身份。——《存在与时间》〔意译〕
03297,王充,中国,B,夫天覆于上，地偃于下，下气蒸上，上气降下，万物自生其中间矣。——《论衡·自然》
03298,李贽,中国,A,童子者，人之初也；童心者，心之初也。——《焚书·童心说》
03299,鲁米,伊斯兰波斯,B,社群如体，一肢痛，全身感。——《玛斯纳维·卷三》〔译〕
03300,慧能,中国,B,改过必生智慧，护短心内非贤。——《坛经·无相颂》（宗宝本） ⚠️
03301,顾炎武,中国,A,学者当先立乎其大者。——《亭林文集》 〔意译〕
03302,柏拉图,西方,A,真正的哲学家，终其一生都在练习死亡与死的状态。——〔译〕《斐多》64a
03303,密尔,西方,A,幸福，是可欲的；但有时为更高的善而牺牲幸福，这本身即是幸福。——《功利主义·第二章》〔译〕
03304,巴门尼德,西方,B,它是唯一者，连续不可分；因为它与自身处处相似。——〔译〕《论自然》残篇 DK B8（辛普里丘转引）
03305,海德格尔,西方,B,科学不思；它只在存在者层面运作。——《演讲与论文集·什么叫思想？》〔译〕
03306,黑格尔,西方,B,历史中的个人，是「世界历史个人」，他们实现了时代的精神。——《历史哲学讲演录》〔译〕
03307,庄子,中国,A,相濡以沫，不如相忘于江湖。——《庄子·大宗师》
03308,帕斯卡,西方,A,真正的自由，是摆脱对消遣的奴役，回到自己的内心。——《思想录》L164〔意译〕
03309,陆九渊,中国,A,古人精神，不只是在书上。——《语录》
03310,程颐,中国,A,颜子所好者，何学也？学以至圣人之道也。——《颜子所好何学论》
03311,荀子,中国,B,言而当，知也；默而当，亦知也。——《荀子·非十二子》
03312,福柯,西方,B,生命的权力（bio-power）以「使活」与「任死」为运作方式。——《必须保卫社会》〔译〕
03313,奥古斯丁,西方,B,魔鬼之恶，不在被造的本性，而在其悖逆的选择。——《论自由意志·3·1》〔译〕
03314,海亚姆,伊斯兰波斯,A,一饼、一壶酒、一卷诗，你在我旁荒野之中——此即天堂。——《鲁拜集》（菲茨杰拉德英译第5版，「一卷诗」首）〔译〕
03315,慧能,中国,A,无念为宗，无相为体，无住为本。——《坛经》（敦煌本）
03316,伊壁鸠鲁,西方,B,不要怕神，也不要怕死；善的事物容易得到，可怕的事物容易忍受。——〔译〕《致美诺寇的信》LM
03317,王阳明,中国,B,吾平生讲学，只是「致良知」三字。——《寄正宪男手墨》
03318,笛卡尔,西方,A,思想是我的本质，没有思想，我就不存在。——《第一哲学沉思集》第二沉思〔意译〕
03319,亚里士多德,西方,A,最容易的是滑向两个极端，最难的是命中那居中的一点。——〔译〕《尼各马可伦理学》1109b
03320,孔子,中国,A,不患人之不己知，患不知人也。——《论语·学而》
03321,密尔,西方,A,良知，是社会强加于个人的第二道律令。——《论自由·第四章》〔译〕
03322,罗素,西方,A,我的一生，是渴望理解世界、也渴望被世界理解的一生。——《自传》〔意译〕
03323,马可·奥勒留,西方,A,一个人失去的不是过去的生活，也不是未来的生活，因为他并不拥有它们；他失去的只是他此刻正在过的生活。——《沉思录》卷二·14
03324,休谟,西方,B,因果推断的根基是习惯，而非逻辑必然性。——《人性论》卷一·部三·章十四〔意译〕
03325,维特根斯坦,西方,A,哲学不改进我，它只是让我看清自己语言的混乱。——《哲学研究》§133〔意译〕
03326,王弼,中国,B,夫爻者，言乎变者也。——《周易略例·明爻通变》
03327,顾炎武,中国,B,史者，所以鉴往知来、考治乱之迹。——《亭林文集》 〔意译〕
03328,巴门尼德,西方,B,只有两条探究之路可陈说：其一，它存在，且不可能不存在——这是说服之路，与真理同行；其二，它不存在，且必然不存在——此路绝不可知。——〔译〕《论自然》残篇 DK B2（辛普里丘转引）
03329,王夫之,中国,B,有定理而无定法。——《读通鉴论》
03330,福柯,西方,A,我警惕一切把我变成权威的企图。——《权力的眼睛》〔意译〕
03331,牟宗三,中国,B,三统并建：道统、学统、政统。——《政道与治道》 〔意译〕
03332,雅斯贝尔斯,西方,B,大全（das Umgreifende）是一切存在者得以被包含的无所不包的境域。——《哲学》〔译〕
03333,笛卡尔,西方,B,上帝在时间之初创造了物质以及运动的量与方式，如今仍通过同一行为维持它们。——《哲学原理》第二部分·§36〔意译〕
03334,周敦颐,中国,A,至诚则动，动则变，变则化。——《通书·拟议》
03335,巴门尼德,西方,B,思想若离了存在，便无所思；因为思者之外，别无他物。——〔译〕《论自然》残篇 DK B8（辛普里丘转引）
03336,僧肇,中国,A,圣人之于物也，即万物之自虚，不假虚而虚物。——《不真空论》
03337,熊十力,中国,B,古今之变，非一途；治者当观其会通。——《读经示要》 〔意译〕
03338,福柯,西方,A,我从不寻求成为谁的导师；我写作是为了让问题保持开放。——《权力的眼睛》〔意译〕
03339,黑格尔,西方,B,国家，是伦理理念的现实。——《法哲学原理·§257》〔译〕
03340,塞涅卡,西方,B,时间是大自然借给我们的，它终将收回；没有什么真正属于我们。——《论生命之短暂·1》〔译〕
03341,奥古斯丁,西方,A,你比我最显的作为更真实，比我最深的自我更亲切。——《忏悔录·3·6》〔译〕
03342,韩非,中国,B,人主自用其刑德，则群臣畏其威而归其利矣。——《韩非子·二柄》
03343,奥古斯丁,西方,B,我们在受造界中看见神的痕迹，正如在书页中读作者。——《论三位一体·1·?》〔译〕
03344,亚里士多德,西方,B,每种技艺与每种探究，都以某种善为目的。——〔译〕《尼各马可伦理学》1094a
03345,王夫之,中国,B,天之生物，其化不息。——《思问录·内篇》
03346,慧能,中国,B,食肉者断大慈悲佛性种子。——《坛经》（敦煌本）
03347,罗素,西方,B,一个好社会，应让尽可能多的人获得幸福，而不只让少数人掌握权力。——《社会重建的原则》〔译〕
03348,释迦牟尼,印度,B,地狱、畜生、饿鬼之苦，皆由自业所感，非从外得。——《长阿含经·游行经》
03349,商鞅,中国,B,以刑去刑，虽重刑可也。——《商君书·去强》
03350,董仲舒,中国,B,天者，百神之君也，王者之所最尊也。——《春秋繁露·郊义》
03351,赫拉克利特,西方,A,同一物在我们身上既生且死、既醒且眠、既幼且老；这些事物转化便是那些，那些转化便是这些。——〔译〕《残篇》DK B88（克莱门《杂记》转引）
03352,周敦颐,中国,A,人之生，不幸，不闻过；大不幸，无耻。必有耻，则可教；闻过，则可贤。——《通书·幸》
03353,尼采,西方,B,基督教是怜悯的宗教，而怜悯与一切上升的生命本能相敌对。——《敌基督》第7节〔意译〕
03354,程颢,中国,A,苟以外物为外，牵己而从之，是以己性为有内外也。——《定性书》
03355,胡塞尔,西方,A,我自身的时间性构成了内在体验之流。——《笛卡尔式的沉思》〔意译〕
03356,叔本华,西方,A,自杀是对意志的肯定而非否定，因为它出自对生命的厌恶，而非对意志的超越。——《作为意志和表象的世界》〔译〕
03357,阿奎那,西方,B,自然之有目的，显有 intelligent designer；无序之中有序，岂偶然哉。——《神学大全·I·q.2·a.3》〔译〕
03358,赫拉克利特,西方,B,对于醒着的人，世界是同一而共同的；对于每个睡者，却各自退入一个私人的世界。——〔译〕《残篇》DK B89（第欧根尼·拉尔修 IX.9 转引）
03359,公孙龙,中国,B,故所以为有马者，独以马为有马耳，非有白马为有马。——《公孙龙子·白马论》
03360,孟子,中国,B,五亩之宅，树之以桑，五十者可以衣帛矣。——《孟子·梁惠王上》
03361,萨特,西方,B,群体（le groupe）既解放又奴役个体。——《辩证理性批判》〔译〕
03362,海德格尔,西方,B,世界世界化，物物化。——《林中路·物》〔译〕
03363,克尔凯郭尔,西方,A,在无限弃绝中，骑士找回了自己。——《恐惧与颤栗》（Johannes de Silentio）〔译〕
03364,萨特,西方,A,真诚（sincérité）的谎言在于假装自己是被决定的。——《存在与虚无》〔译〕
03365,萨特,西方,B,语言是他人闯入我内在的通道。——《存在与虚无》〔意译〕
03366,孙子,中国,B,惟明君贤将，能以上智为间者，必成大功。——《孙子兵法·用间篇》
03367,熊十力,中国,B,治道贵通，不贵执。——《原儒·卷三》 〔意译〕
03368,孔子,中国,B,未能事人，焉能事鬼？未知生，焉知死？——《论语·先进》
03369,牟宗三,中国,A,智的直觉，是本体之自我呈现。——《智的直觉与中国哲学》 〔意译〕
03370,密尔,西方,B,权力，需要被制约，无论它来自君主还是多数。——《代议制政府》〔译〕
03371,马克思,西方,A,共产主义，是人与自然、人与人之间矛盾的真正解决。——《1844年经济学哲学手稿》〔译〕
03372,洛克,西方,A,若没有理解，便没有真正的选择。——《人类理解论》卷二·章廿一·节31〔意译〕
03373,康德,西方,A,人之所以为人，在于他能为自己立法。——《道德形而上学奠基》〔译〕
03374,亚里士多德,西方,A,幸福之人自足，因他无所匮乏于外物而能自得其乐。——〔译〕《尼各马可伦理学》1169b—1170a
03375,孙子,中国,A,上将伐谋，其次伐交，其次伐兵，其下攻城。——《孙子兵法·谋攻篇》
03376,安萨里,伊斯兰波斯,A,内在的意向（niyya），重于外在的仪式。——《宗教学科的复兴》〔译〕
03377,王阳明,中国,B,人只要在性上用功，看得一「性」字分明，即万理灿然。——《传习录》上
03378,程颢,中国,A,学者须先识仁。仁者，浑然与物同体。识得此理，以诚敬存之而已，不须防检，不须穷索。——《识仁篇》（《遗书》卷二上）
03379,僧肇,中国,B,若动而静，似去而留；可以神会，难以事求。——《物不迁论》
03380,莱布尼茨,西方,B,上帝的选择出于至善，因而世界必然最好。——《神义论》〔意译〕
03381,牟宗三,中国,A,良知之天理，是吾人立身之权衡。——《圆善论》 〔意译〕
03382,萨特,西方,A,人活成自己不是的，却要成为自己是的。——《存在与虚无》〔意译〕
03383,商鞅,中国,B,赏厚而信，刑重而必。——《商君书·修权》
03384,公孙龙,中国,B,以天下之所有，为天下之所无，未可。——《公孙龙子·指物论》
03385,海德格尔,西方,A,死亡是此在最本己的、不可转让的可能性。——《存在与时间》§53〔译〕
03386,柏拉图,西方,B,不义者灵魂内部彼此冲突，永远不能自洽。——〔译〕《理想国》444b—445a
03387,加缪,西方,B,我们都在推石，这是人类无声的兄弟情谊。——《西西弗神话》〔意译〕
03388,第欧根尼,西方,B,习俗是多数人的成见；自然才是真实的律法。——〔意译〕《名哲言行录》卷六（犬儒要义）
03389,商鞅,中国,A,虽有贤君，不爱无功之臣；虽有慈父，不爱无益之子。——《商君书·修权》
03390,吉田兼好,日本,B,天下之事，成于慎，败于忽。——《徒然草》〔译〕
03391,萨特,西方,A,人处在「被弃」状态：无造物主为他预设意义。——《存在主义是一种人道主义》〔译〕
03392,董仲舒,中国,B,王道之三纲，可求于天。——《春秋繁露·基义》
03393,朱熹,中国,A,格物是梦觉关，诚意是善恶关。——《语类》
03394,荀子,中国,B,明分使群。——《荀子·富国》
03395,王阳明,中国,A,破山中贼易，破心中贼难。——《王文成公全书·与杨仕德薛尚谦》
03396,柏拉图,西方,B,宇宙本身是一个有生命、有理性、可见的神。——〔译〕《蒂迈欧》30b—34a
03397,苏格拉底,西方,B,我找不到任何一个人是真正有智慧的。——柏拉图《申辩篇》21b—c〔译〕
03398,商羯罗,印度,B,世界生灭如泡沫，梵不生不灭如虚空。——《伊莎奥义书注》〔译〕
03399,密尔,西方,A,自我修养，是每个人对自己和社会的义务。——《自传》〔译〕
03400,朱熹,中国,B,论先后，当以知为先；论轻重，当以行为重。——《语类》卷九
03401,康德,西方,A,启蒙，是人走出由他自己所招致的监护状态。——《答复这个问题：什么是启蒙》（1784）〔译〕
03402,公孙龙,中国,B,指也者，天下之所无也；物也者，天下之所有也。——《公孙龙子·指物论》
03403,韩非,中国,B,宰相必起于州部，猛将必发于卒伍。——《韩非子·显学》
03404,帕斯卡,西方,A,眼泪并非来自理性的算计，而来自心的深处。——《思想录》〔意译〕
03405,伊壁鸠鲁,西方,B,爱财若取之不正，是不虔；若取之正当却拒不享用，是可耻。——〔译〕《梵蒂冈格言集》VS 25
03406,鲁米,伊斯兰波斯,B,一千种跪拜亲吻大地的方式。——《玛斯纳维·卷一》〔译〕
03407,洛克,西方,B,物质的微粒构造是事物可感性质的根据。——《人类理解论》卷二·章八·节9〔意译〕
03408,维特根斯坦,西方,A,我无法「私人地」遵守一条规则，规则的遵守必然公共。——《哲学研究》§202〔译〕
03409,柏拉图,西方,A,个人的正义，在于灵魂中理性、激情、欲望三者各司其职、互不僭越。——〔译〕《理想国》443e—444a
03410,福柯,西方,B,话语的秩序，决定了什么能被言说、什么必须沉默。——《知识考古学》〔译〕
03411,龙树,印度,B,若不依俗谛，不得第一义；不得第一义，则不得涅槃。——《中论·观四谛品》
03412,笛卡尔,西方,A,良知是世界上分配得最公平的东西，因为每个人对自己享有的那一份都那么满意。——《谈谈方法》第一部分〔意译〕
03413,慧能,中国,A,口说善，心不善，即是凡夫；口说善，心行善，即是解脱。——《坛经》（敦煌本）
03414,惠施,中国,B,南方无穷而有穷。——《庄子·天下》（历物十事之六）
03415,马可·奥勒留,西方,B,死亡不过是自然的一种运行，是物质元素的分解。——《沉思录》卷五·13
03416,王弼,中国,A,身没而道犹存。——《老子注·三十三章》
03417,萨特,西方,A,恶心（la Nausée）是对自身偶然存在的觉察。——《恶心》〔译〕
03418,嵇康,中国,A,导养得理，以尽性命。——《养生论》
03419,奥古斯丁,西方,A,幸福的生命，正是以真理为乐。——《忏悔录·10·23》〔译〕
03420,程颐,中国,A,性即理也。天下之理，原有所自来，顺之则易，逆之则难。——《遗书》卷二十二上
03421,克尔凯郭尔,西方,A,人至死都未曾成为自己，是最深的绝望。——《致死的疾病》（Anti-Climacus）〔译〕
03422,商鞅,中国,B,故圣人为法，必使之明白易知。——《商君书·定分》
03423,公孙龙,中国,A,至矣哉，古之明王！审其名实，慎其所谓。——《公孙龙子·名实论》
03424,巴门尼德,西方,B,他们首先构想出广漠的天穹之形，而后是环绕的大地。——〔译〕《论自然》残篇 DK B13（辛普里丘转引）
03425,孔子,中国,A,君子喻于义，小人喻于利。——《论语·里仁》
03426,陆九渊,中国,B,为学有讲明，有践履。——《语录》
03427,巴门尼德,西方,B,太阳被以太的牵引所约束，不得越出轨道。——〔译〕《论自然》残篇 DK B18（辛普里丘转引）
03428,克里希那穆提,印度,B,当你说「我的国家」，你已把人类分割。——《克里希那穆提讲演录》〔译〕
03429,程颐,中国,B,善言天者，必有征于人；善言古者，必有验于今。——《遗书》卷二十五
03430,荀子,中国,B,人无礼则不生，事无礼则不成，国家无礼则不宁。——《荀子·修身》
03431,罗素,西方,A,恐惧，是宗教与专制共同的根基，也是我一生力图驱除的内心阴影。——《为什么我不是基督徒》〔意译〕
03432,苏格拉底,西方,A,灵魂的疾病——不义与无知——比身体的疾病更严重。——柏拉图《克力同篇》47d 以下〔译〕※
03433,道元,日本,A,若人求佛，当知佛即汝之修行。——《正法眼藏·仏法》
03434,莱布尼茨,西方,A,理性的运用使人从混乱知觉上升为清楚知觉。——《单子论》第27节〔意译〕
03435,罗素,西方,A,逃避烦闷，是现代人诸多愚蠢行为的根源。——《幸福之路》〔译〕
03436,阿奎那,西方,A,审慎是行动中的正确理性；它教人在具体处境中择善。——《神学大全·II-II·q.47·a.4》〔译〕
03437,老子,中国,A,自见者不明，自是者不彰，自伐者无功，自矜者不长。——《道德经·第二十四章》
03438,孔子,中国,B,君子之德风，小人之德草。草上之风，必偃。——《论语·颜渊》
03439,萨特,西方,B,上帝之死，把人抛回自身的全部责任。——《存在主义是一种人道主义》〔意译〕
03440,康德,西方,A,一个诚实的人，宁可承受不公，也不以谎言逃避。——《论出于道德理由说谎的所谓权利》（1797）〔译〕
03441,释迦牟尼,印度,B,谁造世间？爱、取、有，造作世间，非梵天、非自在天。——《长阿含经·大缘方便经》
03442,加缪,西方,B,真理若被用来杀人，便不再是真理。——《反抗者》〔意译〕
03443,孙子,中国,B,知可以战与不可以战者胜，识众寡之用者胜，上下同欲者胜，以虞待不虞者胜，将能而君不御者胜。——《孙子兵法·谋攻篇》
03444,莱布尼茨,西方,A,每一个心灵都是一面以自己观点反映宇宙之镜。——《单子论》第83节〔意译〕
03445,周敦颐,中国,B,二气交感，化生万物。万物生生，而变化无穷焉。——《太极图说》
03446,王夫之,中国,B,兵者，国之大事，不可不慎。——《读通鉴论》 〔意译〕
03447,安萨里,伊斯兰波斯,B,善行之价，在诚不在多。——《宗教学科的复兴》〔译〕
03448,王弼,中国,A,致虚，物之极；守静，物之真正也。——《老子注·十六章》
03449,王夫之,中国,B,郡县之制，垂二千年而弗能改矣，合古今上下皆安之。——《读通鉴论·卷一》
03450,维特根斯坦,西方,B,逻辑充满世界；世界的界限亦是逻辑的界限。——《逻辑哲学论》5.61〔译〕
03451,王阳明,中国,B,圣人与天地民物同体，儒、佛、老、庄皆吾之用。——《传习录》下
03452,商鞅,中国,B,民不逃粟，野无荒草，则国富。——《商君书·垦令》
03453,阿奎那,西方,A,良知是理性之于行为之应用；它告诉我们何者为当行。——《神学大全·I-II·q.94·a.1》〔译〕
03454,叔本华,西方,B,名声，是迟到且常被错置的奖赏。——《附录与补遗·人生的智慧》〔译〕
03455,雅斯贝尔斯,西方,B,哲学的任务是唤醒人对临界处境的自觉。——《哲学》〔意译〕
03456,庄子,中国,B,至德之世，同与禽兽居，族与万物并。——《庄子·马蹄》
03457,周敦颐,中国,A,邪动，辱也；甚焉，害也。——《通书·慎动》
03458,马可·奥勒留,西方,B,宇宙即变化，生命即意见。——《沉思录》卷四·3
03459,慧能,中国,B,善知识，何名般若？般若者，唐言智慧也。——《坛经》（敦煌本）
03460,龙树,印度,A,若人执有我，则堕常边；执无我为空，则堕断边；离断常，见中道。——《中论·观本际品》〔意译〕
03461,德谟克利特,西方,A,德性不在于身体的力气，而在于意志的决断。——〔译〕《残篇》DK B45（斯托拜乌斯转引）
03462,福柯,西方,A,我把批评当作对自己的练习。——《言与文》〔意译〕
03463,帕斯卡,西方,A,人最大的病，是想统治一切却得不到安宁。——《思想录》L164〔意译〕
03464,赫拉克利特,西方,B,尽管这言说（logos）真实常在，人们却总像初次听闻般无所领悟。——〔译〕《残篇》DK B2（克莱门《杂记》转引）
03465,黑格尔,西方,B,否定之否定，是精神返回自身的运动。——《逻辑学》〔译〕
03466,亚里士多德,西方,B,公民资格，在于参与城邦的议事与审判。——〔译〕《政治学》1278a—b
03467,熊十力,中国,A,良知是自家底明灯。——《十力语要·卷三》 〔意译〕
03468,萨特,西方,B,注视：他人的目光把我对象化为「为他的存在」。——《存在与虚无》〔译〕
03469,克里希那穆提,印度,A,认识自己，不是积累知识，而是时时刻刻的觉察。——《人生中不可不想的事》〔译〕
03470,安萨里,伊斯兰波斯,B,群体若无共识与法，则散如沙。——《宗教学科的复兴》〔译〕
03471,巴门尼德,西方,B,太阳与月亮，循着必然的轨道轮转不息。——〔译〕《论自然》残篇 DK B18（辛普里丘转引）
03472,吉田兼好,日本,A,自省一日，胜读书十年。——《徒然草》〔译〕
03473,黑格尔,西方,B,矛盾，是事物进展的动力。——《逻辑学》〔译〕
03474,马可·奥勒留,西方,B,人生如同戏剧，你只需演好分配给你的角色。——《沉思录》卷六·15〔意译〕
03475,马可·奥勒留,西方,B,我做对别人有益的事，这本身就是我的收获。——《沉思录》卷五·6〔意译〕
03476,克尔凯郭尔,西方,B,历史不会重复，因为个体不可重复。——《日记》（Papirer）〔译〕
03477,马克思,西方,A,自我异化的人，把类生活变成维持个体生存的手段。——《1844年经济学哲学手稿》〔译〕
03478,福柯,西方,B,作者功能，是一种限制文本意义的制度性建构。——《什么是作者》〔译〕
03479,朱熹,中国,B,问：「尽心、知性、知天」，何也？曰：「心者，主乎性者也；性者，心之理也。」——《孟子集注》
03480,王阳明,中国,B,道，天下之公道也；学，天下之公学也。非朱子可得而私也，非孔子可得而私也。——《答罗整庵少宰书》
03481,雅斯贝尔斯,西方,A,我必须在「好像」中行动，尽管没有绝对根据。——《哲学》〔意译〕
03482,亚里士多德,西方,B,理论科学最为精确、最为自足，高于实践的与创制的。——〔译〕《形而上学》1025b—1026a
03483,慧能,中国,B,善知识，莫闻吾说空，便即著空。——《坛经》（敦煌本）
03484,黄宗羲,中国,B,古者以天下为主，君为客；凡君之所毕世而经营者，为天下也。——《明夷待访录·原君》
03485,郭象,中国,B,在上者，患于不能无为，而代人臣之所司。——《庄子注·天道》
03486,僧肇,中国,A,是以般若之与真谛，言用即同而异，言寂即异而同。——《般若无知论》
03487,伊壁鸠鲁,西方,A,自然所赐的财富有限而易于获得，虚妄幻想的财富则无穷无尽。——〔译〕《主要学说》KD 15
03488,巴门尼德,西方,B,以太是最轻、最纯者，居于天界最外。——〔译〕《论自然》残篇 DK B10（辛普里丘转引）
03489,程颢,中国,A,与其是内而非外，不若内外之两忘也。——《定性书》
03490,萨特,西方,B,他人即地狱。——戏剧《禁闭》（Huis clos）〔译〕（出自剧本而非哲学论著）
03491,密尔,西方,A,把一生交给习俗，是对自我的背叛。——《论自由·第三章》〔译〕
03492,雅斯贝尔斯,西方,A,对自己的诚实，是哲学思考的起点。——《论真理》〔意译〕
03493,公孙龙,中国,B,故离也者，天下之故，独而正。——《公孙龙子·坚白论》
03494,尼采,西方,B,我们不是从「善」中推出「恶」，而是反过来：从「恶」的概念出发，追溯出「善」的建构。——《论道德的谱系》〔意译〕
03495,叔本华,西方,A,把每一天，当作独立的生命来活。——《附录与补遗·人生的智慧》〔译〕
03496,加缪,西方,B,他人的自由，是反抗者不可逾越的红线。——《反抗者》〔译〕
03497,李贽,中国,B,天下之至文，未有不出于童心焉者也。——《焚书·童心说》
03498,亚里士多德,西方,B,诗比历史更富哲理：诗言普遍，史记个别。——〔译〕《诗学》1451a—b
03499,王阳明,中国,B,明明德者，立其天地万物一体之体也。——《大学问》
03500,雅斯贝尔斯,西方,B,真理要求「可交往性」，孤立的宣称不是真理。——《论真理》〔译〕
03501,陆九渊,中国,B,尧舜与途人一，圣人与凡人一。——《语录》（卷二十二）
03502,叔本华,西方,A,人应当学会与自己相处，这是一切修养之母。——《附录与补遗·论独处》〔译〕
03503,马克思,西方,A,人创造环境，同样，环境也创造人。——《德意志意识形态》〔译〕
03504,孙子,中国,A,明主虑之，良将修之。——《孙子兵法·火攻篇》
03505,康德,西方,B,国家，是许多人依据法权法则的联合。——《道德形而上学·法权论》〔译〕
03506,维特根斯坦,西方,B,命题是实在的图像。——《逻辑哲学论》4.01〔译〕
03507,福柯,西方,B,坦白（confession）不是说出真相，而是生产出一种被权力认可的真相。——《性史·第一卷》〔译〕
03508,冯友兰,中国,B,气是事物之所以能存在底料。——《新理学·第一章》
03509,嵇康,中国,A,俯仰自得，游心太玄。——《兄秀才公穆入军赠诗》
03510,释迦牟尼,印度,B,怨亲平等，心无憎爱，是名沙门行。——《中阿含经·瞿昙弥经》〔意译〕
03511,王充,中国,A,论人之性，定有善有恶。——《论衡·率性》
03512,阿奎那,西方,A,德性是一种使人之所是及其所为皆归于善的习性。——《神学大全·I-II·q.71·a.1》〔译〕
03513,斯宾诺莎,西方,A,明智的人不为失去而悔恨，只为未曾理解而遗憾。——《伦理学》第四部分·命题四十七〔意译〕
03514,安萨里,伊斯兰波斯,B,财富是试金石，能显人心之贪廉。——《宗教学科的复兴》〔译〕
03515,海亚姆,伊斯兰波斯,B,世人逐名，名随尸腐。——《鲁拜集》〔译〕
03516,熊十力,中国,B,政者，正也；正己而后可正人。——《读经示要》 〔意译〕
03517,鲁米,伊斯兰波斯,A,你寻找的，正在寻找你。——《玛斯纳维·卷二》〔译〕
03518,孔子,中国,A,知之为知之，不知为不知，是知也。——《论语·为政》
03519,柏拉图,西方,B,修辞术若只求取悦听众而不求真理，便只是奉承之一种。——〔译〕《高尔吉亚》462c—465a
03520,吉田兼好,日本,B,月隐云中，其光不减。——《徒然草》〔译〕
03521,张载,中国,B,天道四时行，百物生，无非至教；圣人之动，无非至德。——《正蒙·天道》
03522,熊十力,中国,B,天地无心而成化，圣人有感而遂通。——《读经示要》 〔意译〕
03523,王夫之,中国,A,养气者，集义所生。——《思问录·内篇》 〔意译〕
03524,伊壁鸠鲁,西方,A,"必须驳斥众人对""至善""的错误意见，因他们执迷不悟。——〔译〕《主要学说》KD 23"
03525,海德格尔,西方,B,历史性的此在才可能有历史。——《存在与时间》§73〔译〕
03526,笛卡尔,西方,B,凡存在之物，其存在必有充足的原因。——《哲学原理》第一部分·§14〔意译〕
03527,朱熹,中国,B,人人有一太极，物物有一太极。——《语类》卷九十四
03528,周敦颐,中国,A,性者，刚柔、善恶，中而已矣。——《通书·师》
03529,休谟,西方,B,自然的秩序给予我们美感，但不可擅自推论出设计者的人格。——《宗教的自然史》〔意译〕
03530,笛卡尔,西方,A,我要把凡是我能够想象得到可能错的东西，一律予以清除，再看还剩下什么不可怀疑的。——《第一哲学沉思集》第一沉思〔意译〕
03531,慧能,中国,A,迷闻经累劫，悟则刹那间。——《坛经》（敦煌本）
03532,爱比克泰德,西方,B,凡发生在你身上的事，都是那把宇宙编织成一体的必然之线所安排；它与你的关系，正如同整出戏与某一角色的关系。——《手册·17》〔意译〕
03533,吉田兼好,日本,B,武士之勇，在知耻。——《徒然草》〔译〕
03534,柏拉图,西方,A,灵魂之眼须被强行转向，方能在真理之光中视物。——〔译〕《理想国》518e—519a
03535,亚里士多德,西方,B,财富之中庸最宜；过富则生骄，过贫则生怨。——〔译〕《政治学》1269a—b
03536,爱比克泰德,西方,A,有些事在我们的掌控之中，有些事不在；我们的意见、冲动、欲望、回避以及我们行为本身，都在掌控之中，而身体、财物、名誉、职位以及一切非我们自身行为之事，都不在掌控之中。——《手册·1》
03537,波普尔,西方,A,理性的价值，不在于它从不犯错，而在于它承认自己会犯错。——《开放社会及其敌人》〔意译〕
03538,萨特,西方,A,我是我的自由，除此之外我什么都不是。——《存在与虚无》〔意译〕
03539,牟宗三,中国,A,返身而诚，则天地万物皆备于我。——《中国哲学十九讲》 〔意译〕
03540,孟子,中国,B,暴其民甚，则身弑国亡。——《孟子·离娄上》
03541,孟子,中国,A,自反而不缩，虽褐宽博，吾不惴焉；自反而缩，虽千万人，吾往矣。——《孟子·公孙丑上》
03542,伊壁鸠鲁,西方,B,灵魂由最精细、最迅捷的原子构成，散布于全身。——〔译〕《致希罗多德的信》LH
03543,郭象,中国,A,无情者，言人之不以好恶内伤其身，常因自然而不益生。——《庄子注·德充符》
03544,王弼,中国,A,自见，则其明不全；自是，则其是不足。——《老子注·二十四章》
03545,牟宗三,中国,B,道统之肯定，即肯定道德宗教之价值。——《政道与治道》 〔意译〕
03546,荀子,中国,A,吾尝终日而思矣，不如须臾之所学也。——《荀子·劝学》
03547,庄子,中国,B,圣人不死，大盗不止。——《庄子·胠箧》
03548,李贽,中国,B,然则今日之是非，谓予李卓吾一人之是非，可也。——《焚书·答耿中丞》
03549,荀子,中国,B,强本而节用，则天不能贫。——《荀子·天论》
03550,爱比克泰德,西方,B,世事如流，今日的显达明日便过；聪明人不为无常之物所动。——《手册·15》〔意译〕
03551,韩非,中国,B,故明主使法择人，不自举也；使法量功，不自度也。——《韩非子·有度》
03552,商鞅,中国,A,圣人不法古，不修今，因世而为之治，度俗而为之法。——《商君书·开塞》
03553,老子,中国,A,知我者希，则我者贵。——《道德经·第七十章》
03554,道元,日本,A,寒则知寒，热则知热，是修行之要。——《正法眼藏·雑録》
03555,董仲舒,中国,A,性有善质，而未能为善也。——《春秋繁露·深察名号》
03556,亚里士多德,西方,A,友爱使生活值得选择；无友者纵有其余亦难安。——〔译〕《尼各马可伦理学》1155a—b
03557,叔本华,西方,A,人所能真正拥有的，无非是他自己的性格与智力。——《附录与补遗·人生的智慧》〔译〕
03558,笛卡尔,西方,B,物质的每一个部分都始终在运动之中。——《哲学原理》第二部分·§33〔意译〕
03559,克尔凯郭尔,西方,A,自我，只有借着与上帝的关系才得以建立。——《致死的疾病》（Anti-Climacus）〔译〕
03560,商羯罗,印度,B,因果之名皆是世俗言说；第一义中无因无果。——《梵经注·卷二》〔译〕
03561,洛克,西方,B,人类知识的薄弱，恰是谦卑与宽容的理由。——《人类理解论》卷四·章三·节6〔意译〕
03562,朱熹,中国,A,问渠那得清如许？为有源头活水来。——《观书有感》
03563,周敦颐,中国,A,出淤泥而不染，濯清涟而不妖，中通外直，不蔓不枝，香远益清，亭亭净植，可远观而不可亵玩焉。——《爱莲说》
03564,斯宾诺莎,西方,B,自然的力量就是神的力量；人只是其中有限的一环。——《伦理学》第四部分·命题四〔意译〕
03565,释迦牟尼,印度,B,一切行无常，一切法无我，涅槃寂静，是名三法印。——《杂阿含经·卷三》（三法印）
03566,波普尔,西方,B,权力需要制衡，因为掌权者同样会犯错、会腐败。——《开放社会及其敌人》〔意译〕
03567,王夫之,中国,B,天命不已，圣人之纯亦不已。——《张子正蒙注·诚明篇》 〔意译〕
03568,叔本华,西方,B,同情，是道德的唯一根源。——《论道德的基础》〔译〕
03569,塞涅卡,西方,B,财富如流水，聚散由时；智者不执于聚，亦不惧于散。——《论幸福生活·1》〔译〕
03570,陆九渊,中国,A,人生天地间，为人自当尽人道。——《语录》
03571,马克思,西方,B,资本是死劳动，它像吸血鬼一样，只有吮吸活劳动才有生命。——《资本论》第一卷·第八章〔译〕
03572,黄宗羲,中国,B,必使治天下之具皆出于学校。——《明夷待访录·学校》
03573,牟宗三,中国,B,学统之开出，即转出知性主体。——《政道与治道》 〔意译〕
03574,熊十力,中国,A,学者当务根本，识得自家性命。——《十力语要·卷一》 〔意译〕
03575,巴门尼德,西方,B,凡人就这样依意见，把这些事物构造成貌似生成、貌似运行。——〔译〕《论自然》残篇 DK B19（辛普里丘转引）
03576,阿奎那,西方,B,恩典固超乎自然，却以自然为基础；如楼建于地，非废地而成。——《神学大全·I·q.1·a.8》〔译〕
03577,惠施,中国,B,今日适越而昔来。——《庄子·天下》（历物十事之七）
03578,张载,中国,A,过言非心也，过动非诚也；失于声，缪迷其四体，谓己当然，自诬也。——《东铭》
03579,密尔,西方,B,习俗，是社会的监护人，也可能是个性的牢笼。——《论自由·第三章》〔译〕
03580,休谟,西方,A,印象是活泼、强烈的，观念是微弱、暗淡的。——《人性论》卷一·部一·章一〔意译〕
03581,海亚姆,伊斯兰波斯,B,莫为来世苦修，今生草木一秋。——《鲁拜集》〔译〕
03582,王阳明,中国,A,人生大病，只是一「傲」字。——《传习录》下
03583,慧能,中国,A,前念迷即凡夫，后念悟即佛。——《坛经》（敦煌本）
03584,嵇康,中国,B,音声无常，惟人所遇，哀心应感，感而后发。——《声无哀乐论》
03585,王夫之,中国,A,静以存神，动以养气。——《思问录·内篇》 〔意译〕
03586,加缪,西方,A,我不为来世活，我只为此生负责。——《反抗者》〔意译〕
03587,孙子,中国,A,胜兵先胜而后求战，败兵先战而后求胜。——《孙子兵法·形篇》
03588,阿奎那,西方,A,刚毅使人在凶险中不偏其志；它非无情，乃是有序之勇。——《神学大全·II-II·q.123·a.1》〔译〕
03589,僧肇,中国,A,夫有所知，则有所不知。——《般若无知论》
03590,洛克,西方,A,我们的一切知识都建立在经验之上，最终源于经验。——《人类理解论》卷二·章一·节2〔意译〕
03591,老子,中国,A,见素抱朴，少私寡欲。——《道德经·第十九章》
03592,康德,西方,B,刑罚的公正，只在于它配得上罪行，而非儆戒他人。——《道德形而上学·法权论》〔译〕
03593,冯友兰,中国,A,人若能有觉解，则即于日常底活动中，亦可见其意义。——《新原人·第一章》
03594,鲁米,伊斯兰波斯,A,当你的心碎裂，裂缝正是光照入之处。——《玛斯纳维·卷二》〔译〕
03595,道元,日本,A,一念万年，万年一念，是坐禅之境。——《正法眼藏·有時》
03596,王充,中国,B,谴告之言，衰乱之语也。——《论衡·自然》
03597,福柯,西方,B,现代权力不再主要靠暴力，而靠对生活的细致管理。——《规训与惩罚》〔意译〕
03598,僧肇,中国,B,是以如来功流万世而常存，道通百劫而弥固。——《物不迁论》
03599,释迦牟尼,印度,A,精进不应起懈怠，如炼真金去其垢秽。——《杂阿含经·卷三九》
03600,鲁米,伊斯兰波斯,B,美不在形，在观者之眼被爱点燃。——《玛斯纳维·卷三》〔译〕
03601,马可·奥勒留,西方,A,不要像一件被牵扯的木偶那样行事。——《沉思录》卷七·3〔意译〕
03602,韩非,中国,A,故视强，则目不明；听甚，则耳不聪；思虑过度，则智识乱。——《韩非子·解老》
03603,海亚姆,伊斯兰波斯,A,春风一度，且尽杯中，莫计来生。——《鲁拜集》〔译〕
03604,尼采,西方,B,惩罚使人变得温顺，而不是变得更好。——《论道德的谱系·第二论文》〔意译〕
03605,黑格尔,西方,A,熟知非真知。——《精神现象学》〔译〕
03606,海德格尔,西方,A,此在的本质在于它的生存。——《存在与时间》§9〔译〕
03607,熊十力,中国,B,天者，本体之名。——《读经示要·卷一》 〔意译〕
03608,孔子,中国,A,岁寒，然后知松柏之后凋也。——《论语·子罕》
03609,密尔,西方,B,社会的进步，依赖于个性的多样性。——《论自由·第三章》〔译〕
03610,加缪,西方,B,我反抗，故我们存在。——《反抗者》〔译〕
03611,公孙龙,中国,B,青以白非黄，白以青非碧。——《公孙龙子·通变论》
03612,克里希那穆提,印度,B,真正的变革，是个人的内心革命。——《一生的学习》〔译〕
03613,王夫之,中国,B,无其器则无其道。——《周易外传·卷五》
03614,第欧根尼,西方,A,我向雕像乞讨，是为习惯被拒绝，以免依赖他人善意。——〔译〕《名哲言行录》卷六（据其轶事）
03615,亚里士多德,西方,B,人天生就渴求知识，例证是人都喜感官知觉。——〔译〕《形而上学》980a
03616,庄子,中国,A,至人无己，神人无功，圣人无名。——《庄子·逍遥游》
03617,苏格拉底,西方,B,雅典人啊，我尊敬你们，但我服从神甚于服从你们。——柏拉图《申辩篇》29d〔译〕
03618,韩非,中国,B,刑过不避大臣，赏善不遗匹夫。——《韩非子·有度》
03619,朱熹,中国,B,盖仁之为道，乃天地生物之心，即物而在。——《仁说》
03620,鲁米,伊斯兰波斯,B,你骂他人之缺，实是你己身之影。——《玛斯纳维·卷二》〔译〕
03621,尼采,西方,A,一个人必须心中怀有混沌，才能生出一颗舞动的星。——《查拉图斯特拉如是说·序言》
03622,罗素,西方,A,热情（zest）是幸福与健康的秘诀。——《幸福之路》〔译〕
03623,庄子,中国,B,物固有所然，物固有所可。——《庄子·齐物论》
03624,龙树,印度,B,般若波罗蜜，是诸佛之母，能生一切佛。——《大智度论·卷一》
03625,公孙龙,中国,B,视不得其所坚而得其所白者，无坚也；拊不得其所白而得其所坚者，无白也。——《公孙龙子·坚白论》
03626,阿伦特,西方,B,宽恕与承诺，是行动面对其不可逆性的两种补救。——《人的境况》〔译〕
03627,塞涅卡,西方,A,能制伏自己愤怒的人，胜过攻下一座城。——《论愤怒·1·3》〔译〕
03628,公孙龙,中国,A,出其所位，非位；位其所位焉，正也。——《公孙龙子·名实论》
03629,王阳明,中国,A,知是心之本体，心自然会知。——《传习录》上
03630,牟宗三,中国,B,民主建国，是政统之现代形态。——《政道与治道》 〔意译〕
03631,阿奎那,西方,A,祈祷是理性受造物把心转向神的举扬；它本于人需，亦本于神恩。——《神学大全·II-II·q.83·a.1》〔译〕
03632,孙子,中国,B,知吾卒之可以击，而不知敌之不可击，胜之半也；知敌之可击，而不知吾卒之不可以击，胜之半也。——《孙子兵法·地形篇》
03633,密尔,西方,B,伤害原则：个人自由止于伤害他人之处。——《论自由·第一章》〔译〕
03634,郭象,中国,A,故圣人未始有其身，而况于他物乎？——《庄子注·徐无鬼》
03635,张载,中国,B,造化所成，无一物相肖者；以是知万物虽多，其实无一物无阴阳者。——《正蒙·动物》
03636,阿伦特,西方,B,自由与解放不同：解放是摆脱了压迫，自由是建立了公共空间。——《论革命》〔意译〕
03637,商鞅,中国,A,拘礼之人，不足与言事；制法之人，不足与论变。——《商君书·更法》
03638,黑格尔,西方,B,美，是理念的感性显现。——《美学讲演录》〔译〕
03639,伊壁鸠鲁,西方,A,最安稳的保护，是远离众人、过安静的生活。——〔译〕《主要学说》KD 14
03640,罗素,西方,B,宗教，我以为，主要地是建立在恐惧之上。——《为什么我不是基督徒》〔译〕
03641,王充,中国,A,世儒学者，好信师而是古，以为贤圣所言皆无非。——《论衡·问孔》
03642,张载,中国,A,学贵心悟，守旧无功。——《张子语录》
03643,萨特,西方,B,人类关系是永恒的紧张，而非和谐。——《存在与虚无》〔意译〕
03644,慧能,中国,A,心平何劳持戒，行直何用修禅。⚠️（此二句出于宗宝本《坛经·疑问品》，敦煌本无，附此以全其说）
03645,密尔,西方,A,个性的张扬，需要社会的宽容。——《论自由·第三章》〔译〕
03646,顾炎武,中国,A,读书不多，无以证斯理之变化。——《亭林文集·与人书》 〔意译〕
03647,释迦牟尼,印度,A,修习于慈，其心则柔软；修习于悲，其心则广大。——《杂阿含经·卷二十七》
03648,张载,中国,B,凡天下疲癃、残疾、惸独、鳏寡，皆吾兄弟之颠连而无告者也。——《西铭》
03649,密尔,西方,B,即使全人类持一种意见，而只有一人持相反意见，这人的言论也该被容忍。——《论自由·第二章》〔译〕
03650,商羯罗,印度,A,汝即彼（Tat tvam asi，彼即汝）。——《梵经注·卷一》（引唱赞奥义书，梵文原句）
03651,罗素,西方,B,数学与逻辑并非两门学科，逻辑是数学的青春。——《数学原理》〔译〕
03652,赫拉克利特,西方,B,海是最纯净的水，又是最污浊的水：对鱼可饮而有益，对人不可饮而致命。——〔译〕《残篇》DK B61（普鲁塔克转引）
03653,波普尔,西方,B,决定论若成立，人的责任便无从谈起。——《科学发现的逻辑》〔意译〕
03654,郭象,中国,B,非唯无有能生有，有亦不能化为无矣。——《庄子注·知北游》
03655,巴门尼德,西方,B,正义（Dike）掌握钥匙，洞开昼夜之门；光明之女引领我越过此门。——〔译〕《论自然》残篇 DK B1（辛普里丘转引）
03656,王阳明,中国,B,今人却就将知行分作两件去做，以为必先知了然后能行。——《传习录》上
03657,黑格尔,西方,B,家庭、市民社会、国家，是伦理生活的三个环节。——《法哲学原理》〔译〕
03658,胡塞尔,西方,A,意识的根本特征是意向性：它总是关于某物的意识。——《纯粹现象学通论》§84〔译〕
03659,洛克,西方,B,语言若不与观念稳定相连，便毫无意义。——《人类理解论》卷三·章二·节1〔意译〕
03660,嵇康,中国,B,世或有谓神仙可以学得，不死可以力致者；或云上寿百二十，古今所同，过此以往，莫非妖妄者。——《养生论》
03661,帕斯卡,西方,A,我们从不满意于现在，总是设想一个更惬意的处境。——《思想录》L166〔意译〕
03662,李贽,中国,B,诗何必古选，文何必先秦……皆古今至文，不可得而时势先后论也。——《焚书·童心说》
03663,黄宗羲,中国,B,儒者之学，经纬天地，非仅训诂章句。——《南雷文定》 〔意译〕
03664,海亚姆,伊斯兰波斯,B,世事如戏，演员登场又退场。——《鲁拜集》〔译〕
03665,波普尔,西方,B,那些许诺人间天堂的人，往往把人领向地狱。——《开放社会及其敌人》〔译〕
03666,阿伦特,西方,B,世界，是我们出生其间、又终将离去的那个共同空间。——《人的境况》〔译〕
03667,亚里士多德,西方,B,视觉等感觉天然愉悦，因其最清晰。——〔译〕《尼各马可伦理学》1172a—b
03668,荀子,中国,A,君子生非异也，善假于物也。——《荀子·劝学》
03669,斯宾诺莎,西方,B,国家若无宗教自由，便只能靠恐惧维持，终将不稳。——《神学政治论》第二十章〔意译〕
03670,黄宗羲,中国,B,君与臣，共曳木之人也。——《明夷待访录·原臣》
03671,朱熹,中国,B,问：「心、性、情，如何分别？」曰：「心是包得这两个物事，性是心之理，情是心之用。」——《语类》卷五
03672,加缪,西方,A,我身上那不可战胜者，不是希望，而是坚持。——《夏天》〔意译〕
03673,帕斯卡,西方,B,人无法治愈死亡、悲惨与无知，于是决定不去想它们。——《思想录》L133〔意译〕
03674,牟宗三,中国,B,良知自我坎陷，以开知性。——《政道与治道》 〔意译〕
03675,惠施,中国,B,无厚，不可积也，其大千里。——《庄子·天下》（历物十事之二）
03676,张载,中国,A,尽其性然后能尽物之性，至于命者亦能至人之性，不易之诚也。——《正蒙·诚明》
03677,加缪,西方,A,人最大的罪，是对自身的冷漠。——《反抗者》〔意译〕
03678,郭象,中国,B,为上而无为，则任物自为。——《庄子注·在宥》
03679,冯友兰,中国,A,清明在躬，则觉解自生。——《新理学》 〔意译〕
03680,慧能,中国,A,若真修道人，不见世间过。——《坛经》（敦煌本）
03681,程颐,中国,B,君子上交不谄，下交不渎，其知几乎？——《易传·系辞注》
03682,波普尔,西方,B,理性不是拥有真理，而是愿意被理性说服而改变。——《猜想与反驳》〔意译〕
03683,庄子,中国,A,人莫鉴于流水而鉴于止水，唯止能止众止。——《庄子·德充符》
03684,康德,西方,A,道德法则，是纯粹实践理性的唯一事实。——《实践理性批判》〔译〕
03685,罗素,西方,B,同情心，是连接我与陌生人的唯一可靠纽带。——《自传》〔意译〕
03686,释迦牟尼,印度,B,四姓平等，犹如四大河俱入大海，咸同一味，无有差别。——《长阿含经·阿摩昼经》
03687,道元,日本,A,发菩提心者，非为自身一人，乃为一切众生。——《正法眼藏·発菩提心》
03688,赫拉克利特,西方,A,灵魂的一年，于他们犹如一季。——〔译〕《残篇》DK B100（希波吕托斯转引）
03689,鲁米,伊斯兰波斯,B,真正的老师，引你见己，而非授己之见。——《玛斯纳维·卷六》〔译〕
03690,洛克,西方,B,财产权源于劳动：人把劳动掺入自然物，便取得所有权。——《政府论两篇·下篇》章五·节27〔意译〕
03691,洛克,西方,A,自我同一性取决于贯穿各时的同一意识。——《人类理解论》卷二·章廿七·节10〔意译〕
03692,商羯罗,印度,B,言说所表之法皆落世俗；第一义谛超越语言。——《梵经注·卷一》〔译〕
03693,伊壁鸠鲁,西方,B,使我们对自身安心的那种确信，也同样地产生友谊。——〔译〕《主要学说》KD 28
03694,墨子,中国,B,备者，国之重也。——《墨子·七患》
03695,莱布尼茨,西方,B,世界因充满单子而丰盈，因和谐而统一。——《单子论》第58节〔意译〕
03696,海德格尔,西方,B,艺术是真理自行置入作品。——《林中路·艺术作品的本源》〔译〕
03697,程颐,中国,B,天下之理一也，途虽殊而其归则同，虑虽百而其致则一。——《易传·序》
03698,胡塞尔,西方,A,严格的哲学不允许以任何未经检验的独断为前提。——《现象学的观念》〔意译〕
03699,孙子,中国,A,故善战者，避其锐气，击其惰归。——《孙子兵法·军争篇》
03700,王阳明,中国,B,夫学贵得之心。求之于心而非也，虽其言之出于孔子，不敢以为是也。——《答罗整庵少宰书》
03701,维特根斯坦,西方,A,一个人对自己痛的「知道」，与他人的知道，并非两种不同认知。——《哲学研究》§246〔译〕
03702,荀子,中国,A,君子博学而日参省乎己，则知明而行无过矣。——《荀子·劝学》
03703,牟宗三,中国,B,圆教之极，在即现象即物自身。——《圆善论》 〔意译〕
03704,第欧根尼,西方,A,人若不能忍受最简陋的生活，便谈不上是自由的。——〔意译〕《名哲言行录》卷六（犬儒要义）
03705,张载,中国,A,诚明所知，乃天德良知，非闻见小知而已。——《正蒙·诚明》
03706,海亚姆,伊斯兰波斯,B,天地逆旅，万物过客，皆无常住。——《鲁拜集》〔译〕
03707,伊壁鸠鲁,西方,A,最能认清生命限度的人，对一切无所畏惧。——〔译〕《主要学说》KD 39
03708,塞涅卡,西方,B,死亡是整个自然的一部分，是物质元素的重新分配；它不偏待人。——《论心灵的宁静·11》〔译〕
03709,李贽,中国,A,律己足以服人，量宽足以得人，身先足以率人。——《焚书》（流传甚广，盖李贽风格，原文待核） ⚠️
03710,顾炎武,中国,B,夷狄之辨，在礼义而不在族类。——《日知录·狄》 〔意译〕
03711,克尔凯郭尔,西方,B,制度若以数量为尺度，便牺牲了个体。——《现时代》（本名）〔译〕
03712,波普尔,西方,B,传统与制度，是数代人试错积累的产物，不可轻易推倒。——《开放社会及其敌人》〔意译〕
03713,柏拉图,西方,B,所谓学习，不过是灵魂回忆它生前已有的知识。——〔译〕《美诺》81c—d
03714,塞涅卡,西方,A,你应常自问：我今日是否比昨日更接近那个理想中的自己？——《致鲁基里乌斯书信集·第1封》〔译〕
03715,康德,西方,A,人能够意识到自身是超越于感性世界的成员。——《实践理性批判》〔译〕
03716,李贽,中国,A,名山大川，所在都有，只此胸中一点灵明。——《焚书·杂述》
03717,朱熹,中国,B,未发时，只是个浑然天理。——《语类》卷六十二
03718,王弼,中国,A,德者，得也；常得而无丧，利而无害，故以德为名焉。——《老子注·四十一章》
03719,海亚姆,伊斯兰波斯,A,命运之笔已写就卷册，无可涂改。——《鲁拜集》〔译〕
03720,罗素,西方,B,我们自以为知道的，许多是错的；我们所能确知的，远比想象中少。——《人类的知识》〔译〕
03721,朱熹,中国,B,礼者，天理之节文，人事之仪则也。——《论语集注》
03722,墨子,中国,B,虽在农与工肆之人，有能则举之。——《墨子·尚贤上》
03723,道元,日本,B,一切众生，本来成佛，非从外得。——《正法眼藏·仏法》
03724,黄宗羲,中国,B,治天下者，贵得人而已。——《明夷待访录》 〔意译〕
03725,老子,中国,A,强行者有志。——《道德经·第三十三章》
03726,李贽,中国,B,谓人有男女则可，谓见有男女岂可乎？谓见有长短则可，谓男子之见尽长，女子之见尽短，岂可乎？——《焚书·答以女人学道为见短书》
03727,龙树,印度,B,诸法实相中，无有戏论；若人起戏论，是则破实相。——《回诤论·卷一》〔意译〕
03728,马可·奥勒留,西方,B,凡违背公共利益的，也违背理性。——《沉思录》卷九·1〔意译〕
03729,胡塞尔,西方,A,我必须对自己的一切成见做彻底的检讨，这本身是一种自我责任。——《笛卡尔式的沉思》〔意译〕
03730,柏拉图,西方,A,行不义而自污其魂，比受不义之伤更可耻。——〔译〕《高尔吉亚》507c—508a
03731,康德,西方,A,若无人自己为自己立法，便无人真正受法则约束。——《道德形而上学奠基》〔译〕
03732,郭象,中国,B,天地者，万物之总名也。——《庄子注·逍遥游》
03733,墨子,中国,B,兼相爱，交相利。——《墨子·兼爱中》
03734,公孙龙,中国,B,羊不二，牛不二，而羊牛二，是而羊而牛也。——《公孙龙子·通变论》
03735,庄子,中国,A,吾以天地为棺椁，以日月为连璧，星辰为珠玑，万物为赍送。——《庄子·列御寇》
03736,韩非,中国,A,人处疾则贵医，有祸则畏鬼。——《韩非子·解老》
03737,马克思,西方,A,自由自觉的生产，是人的类生活。——《1844年经济学哲学手稿》〔译〕
03738,笛卡尔,西方,A,我发现，离我的心灵最近、最为我所确知的，正是「我在思维」这一事实。——《第一哲学沉思集》第二沉思〔意译〕
03739,张载,中国,A,大其心则能体天下之物，物有未体，则心为有外。——《正蒙·大心》
03740,马可·奥勒留,西方,A,节制欲望、克制冲动、按理性行事——这三件事就足够了。——《沉思录》卷七·51〔意译〕
03741,安萨里,伊斯兰波斯,A,众人皆睡，临死方醒。——⚠️ 此句常归于安萨里，然其确切文献出处有异说，列此待考，未计入严格统计。——《宗教学科的复兴》附（存疑）
03742,胡塞尔,西方,B,自然科学的客观真理，只有回溯到生活世界才获得意义。——《欧洲科学的危机与超越论的现象学》§34〔译〕
03743,董仲舒,中国,A,故必仁且智。——《春秋繁露·必仁且智》
03744,海德格尔,西方,B,无（Nichts）揭示出存在者整体的令人惊异。——《形而上学是什么？》〔译〕
03745,释迦牟尼,印度,A,汝当自努力，如来唯说者，行道在己身。——《杂阿含经·卷三二》（示修行在己）
03746,罗素,西方,B,民主的价值，不在于多数永远正确，而在于它容许和平地纠正错误。——《西方哲学史》〔意译〕
03747,道元,日本,B,万法皆空，而因果不昧。——《正法眼藏·因果》
03748,尼采,西方,B,你们应当缔造比你们更高等的人——为此，先成为配得上婚姻的人。——《查拉图斯特拉如是说·论孩子与婚姻》〔意译〕
03749,商鞅,中国,B,故治国者，其抟力也，以富国强兵也；其杀力也，以事敌劝民也。——《商君书·算地》
03750,王充,中国,B,夫贤圣下笔造文，用意详审，尚未可谓尽得实；况仓卒吐言，安能皆是？——《论衡·问孔》
03751,爱比克泰德,西方,B,神把某些事交在我们手中，某些事交在命运手中；凡交在命运手中的，我们无权要求。——《手册·1》〔意译〕
03752,萨特,西方,A,绝望，是不再寄望于外在的救赎。——《存在主义是一种人道主义》〔译〕
03753,密尔,西方,B,社会的权力，对个人的侵犯必须有限度。——《论自由·第一章》〔译〕
03754,程颐,中国,B,动静无端，阴阳无始。——《遗书》卷十五
03755,尼采,西方,A,我也曾把最毒的药当作最好的药。——《查拉图斯特拉如是说》〔意译〕
03756,朱熹,中国,A,学者常要收敛，不可恁地放肆。——《语类》
03757,黑格尔,西方,A,自由，是精神的本质。——《历史哲学讲演录》〔译〕
03758,马可·奥勒留,西方,A,愤怒无害于人，却伤及自身；这是最容易戒除的习惯。——《沉思录》卷十一·18〔意译〕
03759,克里希那穆提,印度,B,服从与自由不能并存。——《克里希那穆提讲演录》〔译〕
03760,商羯罗,印度,B,轮回（saṃsāra）依无明而有，如无绳而见蛇；智起则轮回息。——《梵经注·卷三》〔译〕
03761,雅斯贝尔斯,西方,A,真正的自我，是在与「大全」的关联中才显现的。——《哲学》〔意译〕
03762,阿伦特,西方,B,复数性（plurality），是一切政治生活的条件。——《人的境况》〔译〕
03763,阿伦特,西方,A,我宁可孤独地清醒，也不愿糊涂地合群。——《过去与未来之间》〔意译〕
03764,罗素,西方,B,摹状词理论表明：「当今法国国王是秃头」既不真也不假，而是无意义。——《数理哲学导论》〔译〕
03765,王弼,中国,B,天地任自然，无为无造，万物自相治理。——《老子注·五章》
03766,张载,中国,B,太和所谓道，中涵浮沉、升降、动静、相感之性，是生絪缊、相荡、胜负、屈伸之始。——《正蒙·太和》
03767,海德格尔,西方,B,哲学以「为什么存在者存在而无却不在」为最基本问题。——《形而上学是什么？》〔译〕
03768,公孙龙,中国,B,天下无指，物无可以谓物。——《公孙龙子·指物论》
03769,安萨里,伊斯兰波斯,A,欲望（nafs）若不加约束，便是万恶之门。——《宗教学科的复兴》〔译〕
03770,柏拉图,西方,B,"灵魂不朽可由""自生""与""理型不变""双重论证推得。——〔译〕《斐多》78b—80c"
03771,王夫之,中国,B,今日之日月，非昨日之日月也。——《思问录·外篇》
03772,休谟,西方,A,我对「我」的认同，来自记忆把知觉连成一串。——《人性论》卷一·部四·章六〔意译〕
03773,韩非,中国,B,磐石千里，不可谓富；象人百万，不可谓强。——《韩非子·显学》
03774,第欧根尼,西方,B,财富如海水：愈饮愈渴。——〔意译〕《名哲言行录》卷六（据其言论）
03775,周敦颐,中国,A,非诚，非也，邪暗，塞也。——《通书·诚下》
03776,马克思,西方,A,异化劳动，使人与劳动产品、类本质、自身和他人相疏离。——《1844年经济学哲学手稿》〔译〕
03777,熊十力,中国,B,哲学之事，基源在于证体。——《新唯识论·卷中》 〔意译〕
03778,孟子,中国,A,尽其心者，知其性也；知其性，则知天矣。——《孟子·尽心上》
03779,爱比克泰德,西方,A,自由不是任意行事，而是不被任何外物所迫；一个皇帝若畏惧属下，他便不是自由人。——《手册·2》〔意译〕
03780,周敦颐,中国,B,诚者，五常之本，百行之源也。——《通书·诚下》
03781,韩非,中国,A,见小曰明，守柔曰强。——《韩非子·喻老》
03782,龙树,印度,A,心行言语断处，即是汝本分事。——《中论·观法品》〔意译〕
03783,僧肇,中国,B,寻夫不动之作，岂释动以求静？必求静于诸动。——《物不迁论》
03784,赫拉克利特,西方,B,万物都是火的等价交换，火也是万物的等价交换，正如货物之于黄金、黄金之于货物。——〔译〕《残篇》DK B90（克莱门《杂记》转引）
03785,吉田兼好,日本,A,心静则闻蚁斗，心乱则失钟声。——《徒然草》〔译〕
03786,海德格尔,西方,A,时间性是此在之存在的意义。——《存在与时间》§65〔译〕
03787,孔子,中国,A,君子病无能焉，不病人之不己知也。——《论语·卫灵公》
03788,韩非,中国,B,冰炭不同器而久，寒暑不兼时而至，杂反之学不两立而治。——《韩非子·显学》
03789,安萨里,伊斯兰波斯,A,恐惧与希望，如鸟之两翼，缺一则坠。——《宗教学科的复兴》〔译〕
03790,马可·奥勒留,西方,B,不要指望「理想国」能够实现；既然不能，就退而求其次，能改善一点是一点。——《沉思录》卷九·29〔意译〕
03791,柏拉图,西方,B,爱若斯（Eros）居于丰盈与贫乏之间，是追求永恒之美的动力。——〔译〕《会饮》203b—204c
03792,海亚姆,伊斯兰波斯,A,葡萄的血（酒）洗我尘心。——《鲁拜集》〔译〕
03793,嵇康,中国,B,元气陶铄，众生禀焉。——《明胆论》
03794,商鞅,中国,B,国以善民治奸民者，必乱至削；以奸民治善民者，必治至强。——《商君书·去强》
03795,伊壁鸠鲁,西方,A,一生中，绝不做任何一旦被人知晓便令你恐惧之事。——〔译〕《主要学说》KD 24
03796,孟子,中国,B,入则无法家拂士，出则无敌国外患者，国恒亡。——《孟子·告子下》
03797,荀子,中国,B,天不言而人推高焉，地不言而人推厚焉。——《荀子·不苟》
03798,亚里士多德,西方,B,分配的正义在于比例均等：相称者得相称份。——〔译〕《尼各马可伦理学》1131a—1132a
03799,德谟克利特,西方,B,法律意在造福于人，但只有当人愿意被造福时才行。——〔译〕《残篇》DK B246（斯托拜乌斯转引）
03800,维特根斯坦,西方,A,主体之我无法被言说，它是一切言说的前提。——《逻辑哲学论》5.631〔译〕
03801,笛卡尔,西方,B,自然这本大书是用数学语言写成的，其字符是三角形、圆和其他几何图形。——《谈谈方法》第六部分〔意译〕
03802,马克思,西方,A,人把自身当作类存在物来对待。——《1844年经济学哲学手稿》〔译〕
03803,荀子,中国,B,隆礼重法则国有常。——《荀子·强国》
03804,亚里士多德,西方,B,愤怒是想自己被轻蔑、应报复的感觉。——〔译〕《修辞学》1378a—b
03805,龙树,印度,B,世间出世间，不一亦不异；离世间求涅槃，是则为倒见。——《中论·观涅槃品》〔意译〕
03806,冯友兰,中国,B,道德行为是求社会底利底行为。——《新原人·第三章》
03807,程颢,中国,B,满腔子是恻隐之心。——《遗书》卷三
03808,雅斯贝尔斯,西方,A,我唯有通过决断，才进入自己的实存。——《哲学》第一卷〔译〕
03809,克尔凯郭尔,西方,A,一个人最大的严肃，是对自己灵魂的关切。——《致死的疾病》（Anti-Climacus）〔译〕
03810,周敦颐,中国,B,圣人之道，仁义中正而已矣。守之贵，行之利，廓之配天地。——《通书·道》
03811,孙子,中国,A,故善战者，立于不败之地，而不失敌之败也。——《孙子兵法·形篇》
03812,叔本华,西方,B,平庸者憎恨天才，正如蝙蝠憎恨光。——《作为意志和表象的世界》〔译〕
03813,休谟,西方,A,理性是、且只应当是激情的奴隶。——《人性论》卷二·章三〔意译〕
03814,笛卡尔,西方,A,战胜自己，比改变世界的秩序更容易，也更符合我的本分。——《谈谈方法》第三部分〔意译〕
03815,龙树,印度,A,大圣说空法，为离诸见故；若复见有空，诸佛所不化。——《中论·观行品》（破空见之执）
03816,黑格尔,西方,A,思想，是精神最内在的劳作。——《精神现象学》〔译〕
03817,塞涅卡,西方,A,生命足够长，只要你善用它；我们说生命短，其实是我们把它过短了。——《论生命之短暂·1》〔译〕
03818,苏格拉底,西方,B,法律若不能使公民变好，就只是强制。——柏拉图《克力同篇》〔意译〕※
03819,克尔凯郭尔,西方,A,选择自我，是第一次选择，也是一切选择之根。——《非此即彼》（Victor Eremita 编纂）〔译〕
03820,黄宗羲,中国,B,天下之治乱，不在一姓之兴亡，而在万民之忧乐。——《明夷待访录·原臣》
03821,僧肇,中国,A,圣人以无知之般若，照彼无相之真谛。——《般若无知论》
03822,马克思,西方,A,人的本质，在其现实性上，是一切社会关系的总和。——《关于费尔巴哈的提纲》第六条〔译〕
03823,孔子,中国,A,默而识之，学而不厌，诲人不倦，何有于我哉？——《论语·述而》
03824,周敦颐,中国,B,圣人之精，画卦以示；圣人之蕴，因卦以发。——《通书·精蕴》
03825,牟宗三,中国,A,诚意正心，是成德之实功。——《心体与性体·第三部》 〔意译〕
03826,张载,中国,B,有象斯有对，对必反其为；有反斯有仇，仇必和而解。——《正蒙·太和》
03827,王夫之,中国,B,物各付物，各正性命。——《周易外传》 〔意译〕
03828,韩非,中国,A,知足之足，常足矣。——《韩非子·喻老》
03829,塞涅卡,西方,A,你在拖延时，生命正悄悄流走；所谓来日，不过是今天的借债。——《论生命之短暂·8》〔译〕
03830,龙树,印度,A,诸佛或说我，或说于无我；诸法实相中，无我无非我。——《中论·观法品》（破我见）
03831,洛克,西方,A,我们无力在缺乏观念时形成任何思想。——《人类理解论》卷二·章一·节3〔意译〕
03832,韩非,中国,A,过而不悛，亡之本也。——《韩非子·难四》
03833,道元,日本,A,生死之大病，以坐禅为良药。——《普劝坐禅仪》
03834,帕斯卡,西方,B,社会的秩序建立在对虚荣的巧妙利用之上。——《思想录》〔意译〕⚠️
03835,波普尔,西方,B,极权主义的本质，是把一切社会领域都纳入国家控制。——《开放社会及其敌人》〔译〕
03836,笛卡尔,西方,A,我从前相信感官，后来发现它们常常欺骗我，于是我不再完全信赖它们。——《第一哲学沉思集》第一沉思〔意译〕
03837,商羯罗,印度,A,自我非粗非细、非短非长、非方所摄，唯是觉性。——《蛙氏奥义书注》〔译〕
03838,慧能,中国,A,一切万法，不离自性。——《坛经》（敦煌本）
03839,第欧根尼,西方,B,最好的酒，是别人的酒。——〔译〕《名哲言行录》卷六·54（据其戏言）
03840,鲁米,伊斯兰波斯,A,像树一样，让枯叶飘落。——《玛斯纳维·卷二》〔译〕
03841,鲁米,伊斯兰波斯,B,战争起于无知，和平起于相知。——《玛斯纳维·卷六》〔译〕
03842,波普尔,西方,B,哲学不是一套知识体系，而是一种活动。——《无穷的探索》〔意译〕
03843,龙树,印度,A,住无分别智，则不见能证、所证，是名如实修行。——《中论·观涅槃品》〔意译〕
03844,洛克,西方,A,理性是发现真理、判别谬误的能力。——《人类理解论》卷四·章十七·节2〔意译〕
03845,孔子,中国,B,政者，正也。子帅以正，孰敢不正？——《论语·颜渊》
03846,王充,中国,B,夫文由语也，或浅露分别，或深迂优雅。——《论衡·自纪》
03847,克尔凯郭尔,西方,B,现代社会用「水平化」抹平一切高度。——《现时代》（本名）〔译〕
03848,加缪,西方,B,人不应杀死他人，这是反抗之为反抗的边界。——《反抗者》〔译〕
03849,程颐,中国,A,莫说道将第一等事让与别人做，且做第二等事。——《遗书》卷二十二上
03850,孙子,中国,B,夫地形者，兵之助也。料敌制胜，计险厄远近，上将之道也。——《孙子兵法·地形篇》
03851,休谟,西方,A,我们的一切观念都不过是印象的摹本。——《人性论》卷一·部一·章一〔意译〕
03852,王夫之,中国,A,人之所以异于禽兽者，唯志而已矣。——《思问录·内篇》
03853,克尔凯郭尔,西方,B,公众意见，是最大的匿名暴君。——《现时代》（本名）〔译〕
03854,鲁米,伊斯兰波斯,B,整座宇宙都在你之内，故勿觉孤独。——《玛斯纳维·卷三》〔译〕
03855,阿伦特,西方,B,我判断，故我在公共之中。——《责任与判断》〔意译〕
03856,克尔凯郭尔,西方,B,新闻界，是制造「公众」、消解责任的机器。——《现时代》（本名）〔译〕
03857,朱熹,中国,A,学者须是革尽人欲，复尽天理，方始是学。——《语类》卷十三
03858,海德格尔,西方,B,技术的本质绝非技术性的。——《技术的追问》〔译〕
03859,庄子,中国,B,通天下一气耳。——《庄子·知北游》
03860,董仲舒,中国,A,民不能知，而常反之，皆忘义而徇利，去理而走邪，以贼其身而祸其家。——《春秋繁露·身之养重于义》
03861,黄宗羲,中国,A,读书不多，无以证斯理之变化。——《南雷文定》 〔意译〕
03862,巴门尼德,西方,B,它不具 past 亦不具 future，唯在当下之是。——〔译〕《论自然》残篇 DK B8（辛普里丘转引）
03863,韩非,中国,A,祸莫大于不知足，咎莫大于欲得。——《韩非子·喻老》
03864,海亚姆,伊斯兰波斯,B,无知者妄断天意，智者但笑。——《鲁拜集》〔译〕
03865,第欧根尼,西方,A,自由人，是那不为任何欲望所役使的人。——〔意译〕《名哲言行录》卷六（犬儒要义）
03866,奥古斯丁,西方,B,国家的正当，不在其强大，而在其是否指向那高于人的至善。——《上帝之城·19·21》〔译〕
03867,庄子,中国,B,夫大块载我以形，劳我以生，佚我以老，息我以死。——《庄子·大宗师》
03868,程颐,中国,A,大凡学，须是熟，熟则自知。——《遗书》卷十五
03869,马可·奥勒留,西方,A,使你自己保持简朴、善良、纯洁、庄重、不做作。——《沉思录》卷六·30〔意译〕
03870,巴门尼德,西方,B,万物之中有两种根本形相：光明之火与黑夜之暗，二者各各相反。——〔译〕《论自然》残篇 DK B8（辛普里丘转引）
03871,马可·奥勒留,西方,B,一切依照本性发生，不要抱怨。——《沉思录》卷七·2〔意译〕
03872,周敦颐,中国,A,圣希天，贤希圣，士希贤。——《通书·志学》
03873,叔本华,西方,B,哲学，是对世界本质的痛苦追问。——《作为意志和表象的世界》〔译〕
03874,奥古斯丁,西方,B,公共的善高于私人的欲；把私爱置于公义之上，便是城的败坏。——《上帝之城·14·28》〔译〕
03875,黑格尔,西方,A,精神的生活，最不能忍受的，就是保持原状。——《精神现象学》〔译〕
03876,笛卡尔,西方,A,我把判断限制在清楚分明呈现于心智的东西之内。——《谈谈方法》第二部分（方法规则一）
03877,伊壁鸠鲁,西方,A,自足所结的最大果实，是自由。——〔译〕《梵蒂冈格言集》VS 52
03878,赫拉克利特,西方,B,相反者相成；从差异者中产生最美的和谐。——〔译〕《残篇》DK B8（亚里士多德《尼各马可伦理学》VIII.2 转引）
03879,熊十力,中国,A,本体非是离自心外在之神。——《新唯识论·卷中》 〔意译〕
03880,荀子,中国,A,小人之学也，入乎耳，出乎口。——《荀子·劝学》
03881,王弼,中国,B,万物万形，其归一也。何由致一？由于无也。——《老子注·四十二章》
03882,顾炎武,中国,A,夷齐之节，百世之师。——《日知录·箕子》 〔意译〕
03883,鲁米,伊斯兰波斯,A,痛苦是唤醒沉睡之心的钟。——《玛斯纳维·卷二》〔译〕
03884,叔本华,西方,B,群众求的，是娱乐，不是真理。——《附录与补遗·人生的智慧》〔译〕
03885,王充,中国,A,不学自知，不问自晓，古今行事，未之有也。——《论衡·实知》
03886,韩非,中国,B,故人行事施予，以利之为心，则越人易和；以害之为心，则父子离且怨。——《韩非子·外储说左上》
03887,释迦牟尼,印度,A,如人锻铁，去其垢秽，智者常自净其意。——《法句经·忿怒品》
03888,尼采,西方,B,上帝死了。——《快乐的科学》第125节；《查拉图斯特拉如是说·序言》
03889,莱布尼茨,西方,A,我的知觉愈清楚，我便愈是我自己。——《单子论》第21节〔意译〕
03890,周敦颐,中国,B,寂然不动者，诚也；感而遂通者，神也；动而未形、有无之间者，几也。诚、神、几，曰圣人。——《通书·诚几德》
03891,塞涅卡,西方,A,把每一天都当作完整的一生来过，莫待来日。——《致鲁基里乌斯书信集·第1封》〔译〕
03892,帕斯卡,西方,B,宇宙因思想而获得秩序，思想因上帝而获得归宿。——《思想录》L113〔意译〕#self-other
03893,阿伦特,西方,A,我宁可要一个会犯错但能自省的判断，也不要一个确然却盲目的信条。——《责任与判断》〔意译〕
03894,萨特,西方,B,制度之恶，在于把人当手段。——《辩证理性批判》〔意译〕
03895,王弼,中国,A,水皆应之于无穷，而无所私焉。——《老子注·八章》
03896,惠施,中国,B,子非鱼，安知鱼之乐？——《庄子·秋水》（惠施语）
03897,冯友兰,中国,B,一家之学，必有其所以成立之理由。——《中国哲学史·绪论》 〔意译〕
03898,帕斯卡,西方,A,人只不过是一根芦苇，是自然界最脆弱的东西；但他是一根会思想的芦苇。——《思想录》L113〔意译〕
03899,郭象,中国,A,全形抱生，无自扰也。——《庄子注·庚桑楚》
03900,塞涅卡,西方,A,真正的富足，是欲望的稀少而非财物的丰盈。——《论幸福生活·1》〔译〕
03901,德谟克利特,西方,A,良好的心性，是最好的财富。——〔译〕《残篇》DK B76（斯托拜乌斯转引）
03902,韩非,中国,B,今有构木钻燧于夏后氏之世者，必为鲧禹笑矣。——《韩非子·五蠹》
03903,胡塞尔,西方,A,我必须将自然态度的总设定放进括号，加以悬置。——《纯粹现象学通论》§31〔译〕
03904,龙树,印度,B,业烦恼灭故，名之为解脱；非离世间，别有大涅槃。——《中论·观四谛品》〔意译〕
03905,嵇康,中国,B,人伦有礼，朝廷有法。——《与山巨源绝交书》
03906,孔子,中国,B,见义不为，无勇也。——《论语·为政》
03907,道元,日本,B,事事物物，当体即是佛法，不假思惟。——《正法眼藏·現成公案》
03908,第欧根尼,西方,B,富而无学者，如披着金毛的羊。——〔译〕《名哲言行录》卷六·58
03909,克里希那穆提,印度,A,倾听本身，就是一种解脱。——《克里希那穆提讲演录》〔译〕
03910,冯友兰,中国,B,道德之在于社会，如规矩之于方圆。——《新原人》 〔意译〕
03911,程颐,中国,A,所谓敬者，主一之谓敬；所谓一者，无适之谓一。——《遗书》卷十五
03912,笛卡尔,西方,B,我能够设想一个没有形体的我，却不能设想一个没有思想的我。——《第一哲学沉思集》第六沉思〔意译〕
03913,海德格尔,西方,A,本真的时间性使「此在」成为历史的个体。——《存在与时间》§72〔译〕
03914,商羯罗,印度,B,业（karma）如种子，无明为田，智火能焚。——《梵经注·卷三》〔译〕
03915,慧能,中国,A,菩提只向心觅，何劳向外求玄。——《坛经》（敦煌本）
03916,顾炎武,中国,A,勤学如春起之苗，不见其增，日有所长。——《亭林文集》 〔意译〕
03917,程颢,中国,B,器亦道，道亦器。——《遗书》卷一 ⚠️二程未分（卷一为二先生语）
03918,斯宾诺莎,西方,B,万物都按不变的法则运行，如同几何证明般必然。——《伦理学》第三部分·命题二附释〔意译〕
03919,德谟克利特,西方,B,民主之下虽贫，犹胜僭主之下虽富；前者如自由，后者如奴役。——〔译〕《残篇》DK B251（斯托拜乌斯转引）
03920,惠施,中国,B,泛爱万物，天地一体也。——《庄子·天下》（历物十事之十） #self-other
03921,柏拉图,西方,B,理念是真实的存在，事物只是它的摹本与影子。——〔译〕《理想国》596a—598b
03922,李贽,中国,B,夫天下之人，各有所好。——《焚书》
03923,赫拉克利特,西方,A,清醒（节制）是最大的德性；智慧在于说真话，并依自然而行。——〔译〕《残篇》DK B112（斯托拜乌斯转引）
03924,道元,日本,B,世间万法，皆是佛法之方便。——《正法眼藏·仏法》
03925,叔本华,西方,A,让意志静默，是审美的先决条件。——《作为意志和表象的世界·第三篇》〔译〕
03926,赫拉克利特,西方,B,若没有不义，正义之名便无人知晓。——〔译〕《残篇》DK B23（克莱门《杂记》转引）
03927,董仲舒,中国,B,天将阴雨，人之病故为之先动，是阴相应而起也。——《春秋繁露·同类相动》
03928,雅斯贝尔斯,西方,B,人通过伟大的哲学家，才得以认识存在的多种可能。——《大哲学家》〔意译〕
03929,嵇康,中国,A,知名位之伤德，故忽而不营；非欲而强禁也。——《养生论》
03930,程颐,中国,B,小人勿用，必乱邦也。——《易传·师卦》
03931,洛克,西方,B,大多数语词的歧义，源于它们所标记的观念模糊。——《人类理解论》卷三·章九·节3〔意译〕
03932,龙树,印度,A,精进求法，当如救头燃；懈怠者，虽闻不受益。——《大智度论·卷十六》〔意译〕
03933,僧肇,中国,B,诸法假号不真，譬如幻化人，非无幻化人，幻化人非真人也。——《不真空论》
03934,马克思,西方,B,国家，是统治阶级的组织。——《德意志意识形态》〔译〕
03935,孙子,中国,A,善守者，藏于九地之下；善攻者，动于九天之上。——《孙子兵法·形篇》
03936,孟子,中国,B,仁言不如仁声之入人深也。——《孟子·尽心上》
03937,休谟,西方,B,关于实际事情的知识，都建立在因果关系之上。——《人性论》卷一·部三·章一〔意译〕
03938,黑格尔,西方,B,真理不是一枚铸成的硬币，可以现成地传递。——《精神现象学·序言》〔译〕
03939,胡塞尔,西方,B,理性不是已经完成的，而是在历史中自我要求的任务。——《欧洲科学的危机与超越论的现象学》§7〔译〕
03940,奥古斯丁,西方,A,人心最大的病，是把受造之物当作造物主来爱。——《忏悔录·4·12》〔译〕
03941,黄宗羲,中国,B,学案之体，所以明师承、辨宗旨。——《明儒学案·发凡》 〔意译〕
03942,莱布尼茨,西方,B,空间不是绝对的实体，而是事物并存的秩序。——《与克拉克论战书信集》第三函〔意译〕
03943,海亚姆,伊斯兰波斯,B,春之消息至，枯枝亦知回暖。——《鲁拜集》〔译〕
03944,维特根斯坦,西方,A,对自己内在状态的表达，是经训练获得的公共行为，而非私密的命名。——《哲学研究》§244〔译〕
03945,程颐,中国,A,闲邪存其诚，修辞立其诚。——《易传》
03946,叔本华,西方,B,音乐，是意志的直接客体化。——《作为意志和表象的世界·第三篇》〔译〕
03947,郭象,中国,B,夫福出于性，非假物也。——《庄子注·人间世》
03948,赫拉克利特,西方,B,太阳每天都是新的。——〔译〕《残篇》DK B6（普鲁塔克《论面庞》转引）
03949,冯友兰,中国,B,真际是纯真底，实际是实底。——《新理学·第一章》
03950,密尔,西方,B,言论与出版自由，是防止真理僵化的保障。——《论自由·第二章》〔译〕
03951,叔本华,西方,B,真理，常先被视为异端，再被视为常识。——《作为意志和表象的世界》〔译〕
03952,王夫之,中国,B,虚空者，气之本体。——《张子正蒙注·太和篇》
03953,董仲舒,中国,A,故为人君者，正心以正朝廷，正朝廷以正百官，正百官以正万民，正万民以正四方。——《汉书·董仲舒传》（举贤良对策）
03954,第欧根尼,西方,A,最难之事，是保守秘密且不窥探他人之事。——〔译〕《名哲言行录》卷六·59
03955,公孙龙,中国,A,夫名，实谓也。知此之非此也，知此之不在此也，则不谓也。——《公孙龙子·名实论》
03956,李贽,中国,A,话到口中，便好应机；书到手内，便好批点。——《焚书·读书乐》
03957,王夫之,中国,B,饮食男女，人之大欲存焉；仁义礼智，亦岂外乎此？——《读通鉴论》 〔意译〕
03958,顾炎武,中国,B,郡县之失，其专在上。——《日知录·郡县论》
03959,克里希那穆提,印度,B,竞争制造敌对，而非卓越。——《一生的学习》〔译〕
03960,阿奎那,西方,A,人若以受造之物为终，便把暂存当作永恆；此乃万恶之根。——《神学大全·I-II·q.71·a.1》〔译〕
03961,马克思,西方,A,不是意识决定生活，而是生活决定意识。——《德意志意识形态》〔译〕
03962,商羯罗,印度,B,摩耶（Māyā）依梵而有，如幻依幻师；幻师实，幻相虚。——《梵经注·卷二》〔译〕
03963,王充,中国,B,传书言：杞梁氏之妻向城而哭，城为之崩。——《论衡·感虚》
03964,庄子,中国,A,缘督以为经，可以保身，可以全生，可以养亲，可以尽年。——《庄子·养生主》
03965,黑格尔,西方,B,概念，是事物的本质。——《逻辑学》〔译〕
03966,克里希那穆提,印度,A,你越是觉察自己的思想，就越不被思想束缚。——《重新认识你自己》〔译〕
03967,孙子,中国,A,进不求名，退不避罪，唯人是保，而利合于主，国之宝也。——《孙子兵法·地形篇》
03968,柏拉图,西方,A,"勇敢，是保持关于""何为可怕""的正确信念，不为苦乐所动。——〔译〕《理想国》429a—430c"
03969,牟宗三,中国,B,法治之立，本于客观之制度。——《政道与治道》 〔意译〕
03970,柏拉图,西方,A,灵魂若不被搅扰、洁净以去，便不朽而如神。——〔译〕《斐多》106e—107a
03971,爱比克泰德,西方,B,自然给了人理性，使人能分辨何者由己、何者不由己；这是人高于其他造物的所在。——《手册·1》〔意译〕
03972,商鞅,中国,A,故知者作法，而愚者制焉；贤者更礼，而不肖者拘焉。——《商君书·更法》
03973,王充,中国,B,病者困剧，身体痛，则谓鬼持棰杖殴击之。——《论衡·订鬼》
03974,顾炎武,中国,B,文之不可绝于天地间者，曰明道也，纪政事也，察民隐也，乐道人之善也。——《亭林文集·与人书三》
03975,帕斯卡,西方,B,真正的基督教是「不可思议」的：它既超乎理性，又不违理性。——《思想录》L424〔意译〕
03976,韩非,中国,B,夫龙之为虫也，柔可狎而骑也；然其喉下有逆鳞径尺，若人有婴之者，则必杀人。人主亦有逆鳞，说之者能无婴人主之逆鳞，则几矣。——《韩非子·说难》
03977,朱熹,中国,B,本只是一太极，而万物各有禀受，又自各全具一太极尔。如月在天，只一而已；及散在江湖，则随处可见。——《语类》卷九十四
03978,克尔凯郭尔,西方,A,我的生命，是一串误解的注解。——《日记》（Papirer）〔译〕
03979,帕斯卡,西方,B,万物相互关联，一个微小的因可酿成巨大的果。——《思想录》L425〔意译〕
03980,孙子,中国,B,故用兵之法，十则围之，五则攻之，倍则分之，敌则能战之，少则能逃之，不若则能避之。——《孙子兵法·谋攻篇》
03981,萨特,西方,B,冲突是他人与我的原初关系。——《存在与虚无》〔译〕
03982,墨子,中国,A,非无安居也，我无安心也；非无足财也，我无足心也。——《墨子·亲士》
03983,奥古斯丁,西方,B,世界不是在时间中造成的，而是与时间一同造成的；时间随受造界而开始。——《忏悔录·11·6》〔译〕
03984,第欧根尼,西方,B,僭主最惧怕的，正是那对他无所求的人。——〔意译〕《名哲言行录》卷六（亚历山大轶事之义）
03985,雅斯贝尔斯,西方,B,时代的精神状况，是自由个体在制度重压下的萎缩。——《时代的精神状况》〔译〕
03986,鲁米,伊斯兰波斯,B,当千人同心，山亦让路。——《玛斯纳维·卷三》〔译〕
03987,德谟克利特,西方,B,"感觉告诉我们""甜是甜""，理智则告诉我们""依约定""——真实唯有原子。——〔译〕《残篇》DK B（塞克斯都·恩披里柯转引，据 B117 义）"
03988,康德,西方,A,真正配得上幸福的，是那配得上幸福的人。——《实践理性批判》〔译〕
03989,休谟,西方,A,感官所提供的，只是当下的印象，而非持续存在的外物。——《人性论》卷一·部四·章二〔意译〕
03990,郭象,中国,A,性之动，谓之为；为之伪，谓之失。——《庄子注·养生主》
03991,波普尔,西方,A,我可以犯错，而你也可能对；通过共同的努力，我们能更接近真理。——《无穷的探索》〔译〕
03992,黄宗羲,中国,B,天子之所是未必是，天子之所非未必非。——《明夷待访录·学校》
03993,庄子,中国,B,天地虽大，其化均也；万物虽多，其治一也。——《庄子·天地》
03994,道元,日本,B,佛法遍于草木国土，无有遗余。——《正法眼藏·仏法》
03995,僧肇,中国,B,有余无余者，盖是正举之异号，应物之假名。——《涅槃无名论》
03996,嵇康,中国,A,余少好音声，长而玩之。——《琴赋》序
03997,雅斯贝尔斯,西方,A,死亡、痛苦、斗争、罪责，是人人无法逃脱的临界处境。——《哲学》第一卷〔译〕
03998,商羯罗,印度,A,我执若尽，则业种焦枯，不复受生。——《梵经注·卷三》〔译〕
03999,苏格拉底,西方,B,真正的演说家，应当以改善公民的灵魂为目的。——柏拉图《高尔吉亚篇》502e 以下〔译〕※
04000,马克思,西方,A,异化的扬弃，走的是与异化相同的道路。——《1844年经济学哲学手稿》〔译〕
04001,李贽,中国,A,余独不然，以为宁义而贫，宁屈而伸。——《焚书·自赞》
04002,韩非,中国,B,故舆人成舆，则欲人之富贵；匠人成棺，则欲人之夭死也。——《韩非子·备内》
04003,吉田兼好,日本,B,人事代谢，如水流灯灭。——《徒然草》〔译〕
04004,韩非,中国,A,欲利而身，先利而君；欲富而家，先富而国。——《韩非子·外储说右下》
04005,朱熹,中国,A,问：「心如何主一？」曰：「主一只是专一。」——《语类》
04006,荀子,中国,B,治之经，礼与刑。——《荀子·成相》
04007,马可·奥勒留,西方,B,一切都是过客，连对它们的记忆也会很快消亡。——《沉思录》卷四·33—35〔意译〕
04008,王夫之,中国,B,秦之所以获罪于万世者，私己而已矣。——《读通鉴论·卷一》
04009,公孙龙,中国,B,石之白，石之坚，见与不见，二与三，若广修而相盈也。——《公孙龙子·坚白论》
04010,郭象,中国,A,虽在庙堂之上，其心无异于山林之中。——《庄子注·逍遥游》
04011,周敦颐,中国,A,圣可学乎？曰：可。有要乎？曰：有。请闻焉。曰：一为要。一者，无欲也。——《通书·圣学》
04012,帕斯卡,西方,B,自然既有完美以显其为神的形象，也有缺陷以显其不过是形象。——《思想录》L418〔意译〕
04013,释迦牟尼,印度,B,朋友有四：有友如花、如称、如山、如地，当亲近如山如地者。——《长阿含经·善生经》
04014,韩非,中国,A,祸本生于有福，故曰：祸兮福之所倚。——《韩非子·解老》
04015,张载,中国,A,中正然后贯天下之道。——《正蒙·中正》
04016,奥古斯丁,西方,A,罪不是一种实体，而是意志背离了那不变之善。——《论自由意志·2·3》 〔译〕
04017,德谟克利特,西方,B,银河是众星之光的交汇。——〔译〕《残篇》DK B（艾修斯转引）
04018,阿奎那,西方,A,知善不等于行善；意志须与理智相和，方能成德。——《神学大全·I-II·q.77·a.2》〔译〕
04019,帕斯卡,西方,A,人在无聊中寻求消遣，只为逃避面对自身的空虚。——《思想录》L136（消遣篇）〔意译〕
04020,僧肇,中国,A,智有穷幽之鉴，而无知焉；神有应会之用，而无虑焉。——《般若无知论》
04021,亚里士多德,西方,B,政治学研究最高的善，它统摄其余科学如主妇统辖家事。——〔译〕《尼各马可伦理学》1094a—b
04022,商鞅,中国,B,农战之民千人，而有《诗》《书》辩慧者一人焉，千人者皆怠于农战矣。——《商君书·农战》
04023,释迦牟尼,印度,A,己为自依怙，他人何可依？善自调伏者，得难得解脱。——《法句经·精进品》〔意译〕
04024,黄宗羲,中国,B,然则为天下之大害者，君而已矣。——《明夷待访录·原君》
04025,斯宾诺莎,西方,B,事物不能脱离神而存在或被理解。——《伦理学》第一部分·命题三十三附释一〔意译〕
04026,加缪,西方,B,人与人的团结，是荒诞世界唯一的慰藉。——《鼠疫》〔意译〕
04027,商羯罗,印度,A,行者当常念「我非身、非识，我是见证者」。——《薄伽梵歌注·卷十三》〔译〕
04028,吉田兼好,日本,A,人当知耻，耻在不知耻。——《徒然草》〔译〕
04029,德谟克利特,西方,A,能凌驾于快乐之上者，胜过被快乐所制者。——〔译〕《残篇》DK B49（斯托拜乌斯转引）
04030,赫拉克利特,西方,A,人既已生，便愿活下去，并愿遭遇死亡，或者说，愿得安息。——〔译〕《残篇》DK B20（克莱门《杂记》转引）
04031,维特根斯坦,西方,B,图像以一定方式结合，表现事物以同样方式结合。——《逻辑哲学论》2.1〔译〕
04032,萨特,西方,A,在自我选择时，我同时选择了人性形象。——《存在主义是一种人道主义》〔译〕
04033,爱比克泰德,西方,A,你口口声声说爱自由，却把灵魂交给每一个能赞美或贬损你的人，岂不荒谬？——《手册·14》〔意译〕
04034,洛克,西方,A,我们的知识范围狭窄，却足以引导生活。——《人类理解论》卷四·章三·节6〔意译〕
04035,慧能,中国,B,凡愚不了自性，不识身中净土，愿东愿西。——《坛经》（敦煌本）
04036,洛克,西方,B,权力的分立有助于防止专制。——《政府论两篇·下篇》章十二·节143〔意译〕
04037,维特根斯坦,西方,B,知识的基础不是论证，而是不疑的行动方式。——《论确实性》§110〔译〕
04038,程颐,中国,A,不深思则不能造于道；不深思而得者，其得易失。——《遗书》卷十五
04039,亚里士多德,西方,B,"万物之""为何""，可归为四因：质料、形式、动力、目的。——〔译〕《形而上学》1013a—b"
04040,维特根斯坦,西方,B,生活形式（Forms of life）是语言游戏得以可能的基底。——《哲学研究》§19〔译〕
04041,波普尔,西方,A,我宁愿要一个可错却开放的心灵，也不要一个确然却封闭的心灵。——《无穷的探索》〔意译〕
04042,巴门尼德,西方,B,它在强大的必然性之链中静止不动，无始无终。——〔译〕《论自然》残篇 DK B8（辛普里丘转引）
04043,洛克,西方,A,确定性不在事物本身，而在观念之间的一致。——《人类理解论》卷四·章四·节3〔意译〕
04044,冯友兰,中国,B,义是应该，利是实用。——《新原人》 〔意译〕
04045,王充,中国,B,世俗所患，患言事增其实；著文垂辞，辞出溢其真。——《论衡·艺增》
04046,帕斯卡,西方,B,两种无限——物质的无限与创造的无限——都超出人的把握。——《思想录》L199〔意译〕
04047,陆九渊,中国,A,未晓不妨权放过，切身须要急思量。——《读书》（诗）
04048,吉田兼好,日本,A,傲者终败，谦者长存。——《徒然草》〔译〕
04049,叔本华,西方,A,幸福，不过是痛苦的暂时缺席。——《附录与补遗·人生的智慧》〔译〕
04050,阿伦特,西方,A,我一生都在学习如何停留在悬而未决之中。——《精神生活·思维》〔意译〕
04051,塞涅卡,西方,B,我们评判外物，常随众人的喧嚣；独立的判断，须先独立于众人的意见。——《论生命之短暂·7》〔译〕
04052,巴门尼德,西方,B,它既非曾是，亦非将成；它整个地、同时地、唯一地、连续地在。——〔译〕《论自然》残篇 DK B8（辛普里丘转引）
04053,庄子,中国,A,堕肢体，黜聪明，离形去知，同于大通，此谓坐忘。——《庄子·大宗师》
04054,苏格拉底,西方,B,如果你们杀了我，你们将很难找到第二个像我这样的人。——柏拉图《申辩篇》30e〔译〕
04055,马可·奥勒留,西方,B,一切存在物都互为因果，构成了一个神圣的整体。——《沉思录》卷九·9 前后〔意译〕
04056,笛卡尔,西方,B,凡是清楚分明呈现于理智的东西，都可以由上帝产生。——《第一哲学沉思集》第三沉思〔意译〕
04057,程颐,中国,A,知者，吾之所固有，然不致则不能得之。——《遗书》卷二十五
04058,柏拉图,西方,B,神是善的唯一原因，绝不会是任何恶的原因。——〔译〕《理想国》379a—380c
04059,雅斯贝尔斯,西方,B,现代技术社会制造了「无机的人」。——《时代的精神状况》〔译〕
04060,程颢,中国,B,万物莫不有对，一阴一阳，一善一恶。——《遗书》卷十一
04061,黑格尔,西方,B,扬弃（Aufhebung），同时是取消、保存与提升。——《逻辑学》〔译〕
04062,程颢,中国,B,只心便是天，尽之便知性，知性便知天，当处便认取，更不可外求。——《遗书》卷二上 #self-other
04063,加缪,西方,A,我的幸福不在彼岸，而在对当下世界的忠诚。——《西西弗神话》〔意译〕
04064,王充,中国,B,天动不欲以生物，而物自生，此则自然也；施气不欲为物，而物自为，此则无为也。——《论衡·自然》
04065,僧肇,中国,B,涅槃之道，不可以有无得之明矣。——《涅槃无名论》
04066,吉田兼好,日本,B,古都之迹，令人思兴亡。——《徒然草》〔译〕
04067,冯友兰,中国,A,心之全德，曰仁；仁者，浑然与物同体。——《新原人》 〔意译〕
04068,巴门尼德,西方,A,必须言说并思虑：存在者存在；因为存在是，非存在不是。——〔译〕《论自然》残篇 DK B6（辛普里丘转引）
04069,墨子,中国,B,察其言，迹其行，察其所能，而慎予官。——《墨子·尚贤中》
04070,波普尔,西方,B,我们评判一个社会，要看它能否容纳反对者。——《开放社会及其敌人》〔意译〕
04071,李贽,中国,B,天下岂有贵于其身者哉？——《焚书·答耿中丞》
04072,黑格尔,西方,A,「我思故我在」只是抽象的确定性，尚非具体的精神。——《哲学史讲演录》〔译〕
04073,黑格尔,西方,B,历史哲学，是从现象中辨认出理性。——《历史哲学讲演录》〔译〕
04074,程颐,中国,A,惟精惟一，允执厥中。——《尚书》（程颐引以教学者）
04075,爱比克泰德,西方,B,真正的友谊建立在德性之上；一个只顾利益的伙伴，在利益尽时便散。——《手册·33》〔意译〕
04076,公孙龙,中国,B,白马者，马与白也，马与白非马也。——《公孙龙子·白马论》
04077,朱熹,中国,B,阴阳是气，五行是质，理则无形象方所。——《语类》卷一
04078,熊十力,中国,B,文化之本，在思想自由。——《十力语要·卷四》 〔意译〕
04079,克里希那穆提,印度,A,依赖任何人、任何观念，都会生出恐惧。——《重新认识你自己》〔译〕
04080,嵇康,中国,B,五色有好丑，五声有善恶，此物之自然也。——《声无哀乐论》
04081,苏格拉底,西方,B,没有人会故意追求对自己不利的东西。——柏拉图《美诺篇》77b 以下〔译〕※
04082,孔子,中国,B,有教无类。——《论语·卫灵公》
04083,马可·奥勒留,西方,B,你是宇宙的一部分；你来自宇宙，也终将回归宇宙。——《沉思录》卷四·14〔意译〕
04084,熊十力,中国,B,实体之流行，即是天道。——《读经示要》 〔意译〕
04085,黑格尔,西方,A,真正的自由，是认识到必然性。——《法哲学原理·§15 附释》〔译〕
04086,王阳明,中国,A,圣人之道，吾性自足，向之求理于事物者误也。——《传习录》下（龙场悟道语）
04087,郭象,中国,B,自己而然，则谓之天然。天然耳，非为也。——《庄子注·齐物论》
04088,王阳明,中国,A,人若知这良知诀窍，随他多少邪思妄念，这里一觉，都自消融。——《传习录》下
04089,陆九渊,中国,B,学非利禄之途，而所以为进德之基。——《语录》
04090,陆九渊,中国,B,道遍满天下，无些小空阙。——《语录》（卷三十四）
04091,马可·奥勒留,西方,A,你拥有对自身心灵的主宰权，外物不能支配它。——《沉思录》卷五·19〔意译〕
04092,叔本华,西方,A,真正的自由，是意志的寂灭。——《作为意志和表象的世界》〔译〕
04093,雅斯贝尔斯,西方,A,超越者（Transcendence）是我在临界中所依凭的暗处之光。——《哲学》〔意译〕
04094,商鞅,中国,B,訾粟而税，则上壹而民平。——《商君书·垦令》
04095,克里希那穆提,印度,A,观察者即是被观察者。——《重新认识你自己》〔译〕
04096,熊十力,中国,A,吾人之性，即天命之流行。——《读经示要·卷一》 〔意译〕
04097,王充,中国,B,夫德不可独任以治国，力不可直任以御敌。——《论衡·非韩》
04098,克尔凯郭尔,西方,A,自我，是一种关系，它自身与自己发生关系。——《致死的疾病》（Anti-Climacus）〔译〕
04099,加缪,西方,B,政治若剥夺人的脸，便走向极权。——《反抗者》〔意译〕
04100,克尔凯郭尔,西方,B,公众，是无人负责的非存在。——《现时代》（本名）〔译〕
04101,马克思,西方,B,意识在任何时候都只能是被意识到了的存在。——《德意志意识形态》〔译〕
04102,维特根斯坦,西方,A,形而上学的主体不属于世界，而是世界的界限。——《逻辑哲学论》5.641〔译〕
04103,雅斯贝尔斯,西方,A,我之为我，是我不断否定既定、趋向自由的运动。——《哲学》〔意译〕
04104,罗素,西方,A,对爱的渴望，是绝大多数不幸福的人所匮乏的。——《幸福之路》〔译〕
04105,孔子,中国,A,士志于道，而耻恶衣恶食者，未足与议也。——《论语·里仁》
04106,阿伦特,西方,B,他并不愚蠢，问题恰恰在于：他无法思考。——《艾希曼在耶路撒冷》〔译〕
04107,苏格拉底,西方,A,我不是雅典人，也不是希腊人，我是世界公民。——普鲁塔克《论放逐》引⚠️〔归属存疑〕
04108,萨特,西方,B,实践（praxis）是人把自身外化为世界的活动。——《辩证理性批判》〔译〕
04109,释迦牟尼,印度,A,受、想、行、识，亦复如是，无常、苦、非我。——《杂阿含经·卷一》
04110,洛克,西方,A,我之所谓「我」，是由贯穿各时的同一意识所构成的。——《人类理解论》卷二·章廿七·节9〔意译〕
04111,伊壁鸠鲁,西方,B,神是幸福而不朽的存在，自身无烦恼，也不加烦恼于他者，故不怒亦不偏私。——〔译〕《主要学说》KD 1
04112,马可·奥勒留,西方,B,报复别人最好的方式，是不要变成像他那样的人。——《沉思录》卷六·6〔意译〕
04113,塞涅卡,西方,B,在一切成文法之上，有一部写在理性中的自然之法；它不随时而变。——《论恩惠·4》〔译〕
04114,海亚姆,伊斯兰波斯,B,富者积金，终与乞儿同穴。——《鲁拜集》〔译〕
04115,张载,中国,A,德者，得也，凡有性质而可有者也。——《正蒙·至当》
04116,老子,中国,A,众人皆有以，而我独顽且鄙。我独异于人，而贵食母。——《道德经·第二十章》
04117,程颢,中国,B,生生之谓易，是天之所以为道也。——《遗书》卷十一
04118,李贽,中国,A,余性好刚，故为人所恶；余性好高，故为人所忌。——《焚书·自赞》
04119,洛克,西方,B,灵魂拯救与世俗统治是两回事，国家无权强迫信仰。——《论宗教宽容》〔意译〕
04120,莱布尼茨,西方,A,我的自由不在于任意，而在于依充足理由而选择。——《神义论》〔意译〕
04121,罗素,西方,B,传统道德常把压抑误当作德行。——《婚姻与道德》〔意译〕
04122,鲁米,伊斯兰波斯,A,听那芦笛的诉说，它因别离而哀泣。——《玛斯纳维·卷一》(开篇 reed-flute)
04123,庄子,中国,B,人皆知有用之用，而莫知无用之用也。——《庄子·人间世》
04124,德谟克利特,西方,B,地球扁平如盘，中央微凹。——〔译〕《残篇》DK B（艾修斯转引）
04125,朱熹,中国,B,问：「格物须是到处求？」曰：「不消如此说，只是就那事上格。」——《语类》卷十五
04126,商羯罗,印度,B,多重性（nāma-rūpa）由无明安立，实相中本无差别。——《梵经注·卷三》〔译〕
04127,黑格尔,西方,A,人之所以为人，在于他能思维、能思想。——《哲学史讲演录》〔译〕
04128,周敦颐,中国,A,仲由喜闻过，令名无穷焉。今人有过，不喜人规，如护疾而忌医，宁灭其身而无悟也。——《通书·过》
04129,张载,中国,A,圣人尽性，不以见闻梏其心。——《正蒙·大心》
04130,福柯,西方,A,我把生命当作一种风格化的实践，而非一种本质。——《性经验史·关心自己》〔意译〕
04131,克里希那穆提,印度,A,执著于经验，就是执著于已知。——《重新认识你自己》〔译〕
04132,雅斯贝尔斯,西方,B,大全不可对象化，却是一切对象得以显现的基底。——《哲学》〔译〕
04133,熊十力,中国,B,科学所长在量智，哲学所归在性智。——《新唯识论·卷中》 〔意译〕
04134,海德格尔,西方,A,此在在其日常中首先与通常失落于它所操劳的世界。——《存在与时间》§38〔译〕
04135,福柯,西方,B,社会的防御，从来不是针对外敌，而是针对它自己的成员。——《必须保卫社会》〔意译〕
04136,黄宗羲,中国,B,缘夫天下之大，非一人之所能治，而分治之以群工。——《明夷待访录·原臣》
04137,商羯罗,印度,B,一切行动是自在天（Īśvara）之力，非我之所能。——《薄伽梵歌注·卷三》〔译〕
04138,休谟,西方,A,骄傲与谦卑，源于我们把令人愉悦的性质归属于自我。——《人性论》卷二·章一〔意译〕
04139,海德格尔,西方,B,存在者整体之无蔽，即真理的显现。——《林中路·艺术作品的本源》〔译〕
04140,孟子,中国,B,鱼，我所欲也；熊掌，亦我所欲也。——《孟子·告子上》
04141,福柯,西方,A,我写作不是为了让别人跟随，而是为了与别人一起迷失。——《言与文》〔意译〕
04142,释迦牟尼,印度,A,由无明故有行，由行故有识；无明灭则行灭。——《杂阿含经·卷十二》（十二缘起，观自我之流转）
04143,德谟克利特,西方,A,真正幸福者，非众人以为幸福者，而是真实幸福者。——〔译〕《残篇》DK B71（斯托拜乌斯转引）
04144,张载,中国,A,恶旨酒，崇伯子之顾养；育英才，颍封人之锡类。——《西铭》
04145,商鞅,中国,B,民之性，饥而求食，劳而求佚，苦则索乐，辱则求荣。——《商君书·算地》
04146,程颐,中国,B,不以一毫私意自蔽，不以一毫私欲自累。——《遗书》卷十五
04147,雅斯贝尔斯,西方,B,群众（Masse）使个人匿名化，消解其责任与判断。——《时代的精神状况》〔译〕
04148,阿伦特,西方,B,住在地球上的是「人」，而非抽象的「人类」。——《人的境况》〔译〕
04149,维特根斯坦,西方,B,世界的意义在世界之外。——《逻辑哲学论》6.41〔译〕
04150,福柯,西方,A,我的好奇心，比我的确定性更有价值。——《权力的眼睛》〔意译〕
04151,叔本华,西方,A,痛苦，教人认识自己。——《附录与补遗·人生的智慧》〔译〕
04152,荀子,中国,A,君子易知而难狎。——《荀子·不苟》
04153,维特根斯坦,西方,B,家族相似使我们把多样活动都称作「游戏」。——《哲学研究》§67〔译〕
04154,张载,中国,A,存，吾顺事；没，吾宁也。——《西铭》
04155,阿奎那,西方,A,信、望、爱三德，是神直接注入的；它们超乎人之自然力，却成全自然。——《神学大全·I-II·q.62·a.1》〔译〕
04156,伊壁鸠鲁,西方,B,若不为天象所惊扰，便无需他物来安顿自己的心。——〔译〕《主要学说》KD 11
04157,海德格尔,西方,A,决断（Entschlossenheit）使此在从常人的沉沦中挣脱。——《存在与时间》§60〔译〕
04158,苏格拉底,西方,A,真正的智慧只属于神；人的智慧微不足道。——柏拉图《申辩篇》23a〔译〕
04159,阿伦特,西方,A,一个人若从不怀疑自己的动机，他便已停止思考。——《精神生活·思维》〔意译〕
04160,叔本华,西方,A,痛苦是肯定的，快乐是否定的。——《作为意志和表象的世界》〔译〕
04161,牟宗三,中国,A,良知之明觉，是吾人真主。——《心体与性体·第二部》 〔意译〕
04162,马可·奥勒留,西方,A,看看你自己的内心。那里有善的源泉，只要你不断挖掘，它就会不断涌出。——《沉思录》卷七·59
04163,程颢,中国,B,所以谓万物一体者，皆有此理，只为从那里来。——《遗书》卷二上
04164,爱比克泰德,西方,B,神所造的万物都是好的；所谓「恶」，只是你不理解它在整体中的位置。——《手册·8》〔意译〕
04165,伊壁鸠鲁,西方,A,懂得感恩的人，永远富足。——〔译〕《梵蒂冈格言集》VS 42
04166,莱布尼茨,西方,A,灵魂不灭，因为它是一个单纯的实体。——《单子论》第36节〔意译〕
04167,萨特,西方,B,处境不是牢笼，而是自由得以展开的场域。——《存在主义是一种人道主义》〔译〕
04168,柏拉图,西方,A,"逃避世间邪恶的唯一办法，是使自己变得""像神一样""。——〔译〕《泰阿泰德》176a—b"
04169,胡塞尔,西方,B,历史的意义，在于理性在人性中的逐步实现。——《欧洲科学的危机与超越论的现象学》§7〔译〕
04170,冯友兰,中国,B,孟子说性善，荀子说性恶，皆就人之所以为人者立论。——《中国哲学史·上册》
04171,老子,中国,B,我无为而民自化，我好静而民自正，我无事而民自富，我无欲而民自朴。——《道德经·第五十七章》
04172,老子,中国,A,知足者富。——《道德经·第三十三章》
04173,王弼,中国,B,夫物之所以生，功之所以成，必生乎无形，由乎无名。无形无名者，万物之宗也。——《老子指略》
04174,熊十力,中国,A,立人能之本，在尽其性。——《读经示要·卷一》 〔意译〕
04175,洛克,西方,A,人格同一性在于意识的同一，而非身体的同一。——《人类理解论》卷二·章廿七·节9〔意译〕
04176,道元,日本,B,风声雨声，无非说法；溪山草木，尽是法身。——《正法眼藏·仏法》
04177,波普尔,西方,A,我一生的敌人，是教条，而非持不同意见的人。——《开放社会及其敌人》〔意译〕
04178,洛克,西方,A,人心在获得任何观念之前，是空白的。——《人类理解论》卷二·章一·节3〔意译〕
04179,萨特,西方,A,人没有先验的本性，他是他所做的选择的总和。——《存在主义是一种人道主义》〔译〕
04180,庄子,中国,B,荃者所以在鱼，得鱼而忘荃；言者所以在意，得意而忘言。——《庄子·外物》
04181,顾炎武,中国,B,学术者，天下之公器，非一人之私言。——《亭林文集》 〔意译〕
04182,胡塞尔,西方,A,我作为认知主体，对世界的认知预设了世界在我的意识中的被给予性。——《笛卡尔式的沉思》〔意译〕
04183,商羯罗,印度,A,第四位（图利亚）超越醒、梦、眠，不内不外，是寂静不二之自我。——《蛙氏奥义书注》〔译〕
04184,吉田兼好,日本,A,喜怒不形于色，是成人之德。——《徒然草》〔译〕
04185,加缪,西方,B,在灾难中，人彼此的团结胜过一切主义。——《鼠疫》〔译〕
04186,嵇康,中国,B,及宫商集比，声音克谐，此人心至愿，情欲之所钟。——《声无哀乐论》
04187,胡塞尔,西方,B,自然主义把意识还原为物理事件，是对理性本身的背叛。——《欧洲科学的危机与超越论的现象学》〔意译〕
04188,康德,西方,A,有两样东西，我越是反复思考，越觉敬畏：头顶的星空与心中的道德律。——《实践理性批判·结论》〔译〕
04189,亚里士多德,西方,B,"古今皆以""惊奇""为哲学之始：先疑怪异，后穷究竟。——〔译〕《形而上学》983a"
04190,李贽,中国,A,余读其书，想见其为人，未尝不慨然也。——《焚书·读史》
04191,商鞅,中国,A,故圣人之为国也，观俗立法则治，察国事本则宜。——《商君书·算地》
04192,嵇康,中国,B,躁静者，声之功也；哀乐者，情之主也。——《声无哀乐论》
04193,阿奎那,西方,B,自然界的目的性，显明造主之智；一叶一虫，皆有其所以然。——《神学大全·I·q.2·a.3》〔译〕
04194,郭象,中国,B,夫小大虽殊，而放于自得之场，则物任其性，事称其能，各当其分。——《庄子注·逍遥游》
04195,陆九渊,中国,B,学不知本，而揣度形似，其言愈多，其实愈乖。——《语录》
04196,柏拉图,西方,A,真正的修辞，必出自对灵魂本性的真切认识。——〔译〕《斐德罗》271a—272a
04197,克里希那穆提,印度,B,自由的社会，来自自由的个人。——《一生的学习》〔译〕
04198,胡塞尔,西方,A,一切知识最终都建立在「原本给予的」直观之上。——《现象学的观念》第三讲〔译〕
04199,雅斯贝尔斯,西方,B,交往（Kommunikation）是实存得以实现的途径。——《哲学》〔译〕
04200,波普尔,西方,A,我们不应做过去的囚徒，未来向我们是敞开的。——《历史决定论的贫困》〔意译〕
04201,周敦颐,中国,A,颜子一箪食，一瓢饮，在陋巷，人不堪其忧，而不改其乐焉。——《通书·颜子》
04202,黄宗羲,中国,B,宰相既罢，天子更无与为礼者矣。——《明夷待访录·置相》
04203,王阳明,中国,A,心之本体，原自不动。——《传习录》下
04204,苏格拉底,西方,A,财富不带来德性，德性才带来财富及一切其他好处，无论对个人还是对城邦。——柏拉图《申辩篇》30b〔译〕
04205,张载,中国,B,大君者，吾父母宗子；其大臣，宗子之家相也。——《西铭》
04206,海德格尔,西方,A,我总是我的可能性；最极端的可能是死亡。——《存在与时间》§50〔译〕
04207,道元,日本,B,日月星辰，皆依佛法而运行。——《正法眼藏·仏法》
04208,第欧根尼,西方,A,我在市集进食，因自然从不以必需为耻。——〔译〕《名哲言行录》卷六·32
04209,苏格拉底,西方,B,诗人写出好诗，靠的是天赋与灵感，而不是智慧。——柏拉图《申辩篇》22b—c〔译〕
04210,第欧根尼,西方,A,我活着，是为示范一种不被任何东西奴役的人生。——〔意译〕《名哲言行录》卷六（据其生平立意）
04211,阿奎那,西方,A,幸福不在财富、不在荣誉、不在肉身之乐；这些皆不足满全人心。——《神学大全·I-II·q.2·a.8》〔译〕
04212,顾炎武,中国,B,天下之患，在于贫弱而上下相蒙。——《日知录》 〔意译〕
04213,莱布尼茨,西方,B,宇宙间没有真正的虚空，也没有两个绝对同时的瞬间。——《与克拉克论战书信集》〔意译〕
04214,王夫之,中国,A,行可兼知，而知不可兼行。——《尚书引义·说命中》
04215,维特根斯坦,西方,A,治疗性的哲学，是把我从语法的蛊惑中解放。——《哲学研究》§133〔译〕
04216,老子,中国,A,胜人者有力，自胜者强。——《道德经·第三十三章》
04217,克尔凯郭尔,西方,B,一个时代的平庸，在于无人愿为真理受苦。——《日记》（Papirer）〔译〕
04218,萨特,西方,A,人是无用的激情，渴望成为自在自为的上帝。——《存在与虚无》〔译〕
04219,安萨里,伊斯兰波斯,B,时间是一连串的当下，过去已逝，未来未至。——《宗教学科的复兴》〔译〕
04220,爱比克泰德,西方,A,神把你交付给你自己；因此你的首要责任，是守住自己内在的城池，不被外物攻陷。——《论说集·1·1》〔意译〕
04221,慧能,中国,B,无念者，于念而无念；无相者，于相而离相。——《坛经》（敦煌本）
04222,维特根斯坦,西方,A,某些命题对我而言是河流床，行动在其上展开。——《论确实性》§96〔译〕
04223,帕斯卡,西方,A,世上只有两类人：自认有罪的正人，与自认正直的罪人。——《思想录》L355〔意译〕
04224,陆九渊,中国,A,士贵为己，务自适。——《语录》
04225,孔子,中国,A,过则勿惮改。——《论语·学而》
04226,奥古斯丁,西方,A,一切美善皆来自你；我若自以为有，便是窃取你的荣耀。——《忏悔录·1·4》〔译〕
04227,程颢,中国,A,夫天地之常，以其心普万物而无心；圣人之常，以其情顺万事而无情。——《定性书》
04228,苏格拉底,西方,A,不断省察自己与他人，是人生最高的幸福。——柏拉图《申辩篇》38a 前后〔译〕
04229,康德,西方,A,我应当，故我能够。——《道德形而上学奠基》〔译〕
04230,波普尔,西方,A,真正的谦逊，是知道我的知识永远不完整。——《客观知识》〔意译〕
04231,释迦牟尼,印度,B,一切众生，皆以食而得住立。——《杂阿含经·卷十五》
04232,牟宗三,中国,B,一家之学，必有其概念之骨架。——《中国哲学十九讲》 〔意译〕
04233,孔子,中国,A,过而不改，是谓过矣。——《论语·卫灵公》
04234,慧能,中国,B,若识自心见性，皆成佛道。——《坛经》（敦煌本）
04235,周敦颐,中国,A,实胜，善也；名胜，耻也。故君子进德修业，孳孳不息，务实胜也。——《通书·务实》
04236,吉田兼好,日本,B,文章者，非为炫才，乃述心。——《徒然草》〔译〕
04237,克里希那穆提,印度,B,爱不是占有，占有是恐惧的别名。——《重新认识你自己》〔译〕
04238,克里希那穆提,印度,A,无选择的觉知，是通达真相的唯一途径。——《重新认识你自己》〔译〕
04239,叔本华,西方,B,他人，是不得不忍受的必然性。——《附录与补遗·人生的智慧》〔译〕
04240,第欧根尼,西方,B,我来赴这节庆，是为观察人的愚蠢。——〔译〕《名哲言行录》卷六·68
04241,墨子,中国,B,顺天意者，兼相爱，交相利，必得赏；反天意者，别相恶，交相贼，必得罚。——《墨子·天志上》
04242,苏格拉底,西方,B,民主的城邦把自由当作最高价值，结果自由变成了放纵。——柏拉图《理想国》562b 以下〔译〕※
04243,鲁米,伊斯兰波斯,B,水因器皿成方圆，真理因语言成异说。——《玛斯纳维·卷四》〔译〕
04244,海亚姆,伊斯兰波斯,A,天地为炉，造化为工，我乃炉中铜。——《鲁拜集》〔译〕
04245,牟宗三,中国,B,圆善，是德福一致之圆满。——《圆善论》 〔意译〕
04246,荀子,中国,A,先义而后利者荣，先利而后义者辱。——《荀子·荣辱》
04247,爱比克泰德,西方,A,不要说「我损失了」，而说「我归还了」；你所称的损失，不过是把受托之物交还。——《手册·21》〔意译〕
04248,董仲舒,中国,A,性者，质也。诘性之质于善之名，能中之与？——《春秋繁露·深察名号》
04249,黄宗羲,中国,B,学校，所以养士也，而亦所以议政也。——《明夷待访录·学校》 〔意译〕
04250,帕斯卡,西方,A,我们的内心同时容纳崇高与堕落，二者同存而不相消。——《思想录》〔意译〕
04251,罗素,西方,A,一个只关心自身琐事的生活，多半是乏味的。——《幸福之路》〔译〕
04252,陆九渊,中国,A,吾心之良，吾所固有也。——《语录》
04253,第欧根尼,西方,A,我使自己习惯于寒冷与粗糙，以证明快乐不在舒适。——〔意译〕《名哲言行录》卷六（据其苦行轶事）
04254,阿伦特,西方,A,我所能负责的唯一世界，是我亲手触碰到的那个。——《责任与判断》〔意译〕
04255,黄宗羲,中国,A,贫贱忧戚，玉汝于成。——《南雷文定》 〔意译〕
04256,黑格尔,西方,A,主体，是能够把他者包含于自身的同一性。——《逻辑学》〔译〕
04257,福柯,西方,A,我宁可做一个不合时宜的人，也不做一个被体制收编的人。——《权力的眼睛》〔意译〕
04258,龙树,印度,B,诸佛依二谛，为众生说法：一以世俗谛，二第一义谛。——《中论·观四谛品》（二谛偈）
04259,孙子,中国,B,敌佚能劳之，饱能饥之，安能动之。——《孙子兵法·虚实篇》
04260,休谟,西方,B,宗教的起源，多神教出于恐惧与无知，一神教出于理性反思。——《宗教的自然史》〔意译〕
04261,李贽,中国,A,学者不患不知，患不真知。——《焚书》 ⚠️〔意译〕
04262,道元,日本,B,鸟鸣花落，莫非西来意。——《正法眼藏·仏法》
04263,克尔凯郭尔,西方,A,没有内在的决断，就没有真正的自我。——《非此即彼》（Victor Eremita 编纂）〔译〕
04264,德谟克利特,西方,B,"人皆识""人""之形，却少有人识""人""之实。——〔译〕《残篇》DK B（塞克斯都·恩披里柯转引）"
04265,墨子,中国,B,俭节则昌，淫佚则亡。——《墨子·辞过》
04266,牟宗三,中国,A,涵养须用敬，进学则在致知。——《心体与性体》 〔意译〕
04267,波普尔,西方,B,每一个问题的解决，都引出新的未解问题。——《无穷的探索》〔译〕
04268,帕斯卡,西方,B,世界是一场永恒的变化，没有一刻停留。——《思想录》〔意译〕
04269,密尔,西方,B,多数人的暴政，比专制更危险，因它伪装成公意。——《论自由·第一章》〔译〕
04270,朱熹,中国,A,义理不明，如何践履？——《语类》
04271,程颐,中国,A,学者先务，固在心志。——《遗书》卷十五
04272,韩非,中国,B,凡治天下，必因人情。人情者，有好恶，故赏罚可用。——《韩非子·八经》
04273,波普尔,西方,A,我写作，是为了把自己的错误暴露在光天化日之下。——《无穷的探索》〔意译〕
04274,阿伦特,西方,A,我拒绝把我的良知交给任何历史必然性。——《责任与判断》〔意译〕
04275,洛克,西方,B,道德可以是像数学一样清楚的知识。——《人类理解论》卷三·章十一·节16〔意译〕
04276,胡塞尔,西方,A,现象学还原把我带回到先验自我这一绝对被给予的领域。——《纯粹现象学通论》§33〔译〕
04277,朱熹,中国,B,性者，人物所得以生之理也。——《孟子集注》
04278,克里希那穆提,印度,B,对他人的爱，始于对自我的了解。——《人生中不可不想的事》〔译〕
04279,释迦牟尼,印度,B,苦应知、集应断、灭应证、道应修，是名四圣谛。——《杂阿含经·卷十七》
04280,孙子,中国,B,故君命有所不受。——《孙子兵法·九变篇》
04281,洛克,西方,A,心灵原是一张白纸，上面没有任何字符。——《人类理解论》卷二·章一·节2〔译〕
04282,程颐,中国,B,治天下，莫先于正心，心正而后朝廷正，朝廷正而后百官正，百官正而后万民正。——《遗书》卷十五
04283,孙子,中国,B,故我欲战，敌虽高垒深沟，不得不与我战者，攻其所必救也。——《孙子兵法·虚实篇》
04284,慧能,中国,A,一切福田，不离方寸；从心而觅，感无不通。——《坛经》（敦煌本）
04285,周敦颐,中国,B,故圣人与天地合其德，日月合其明，四时合其序，鬼神合其吉凶。——《太极图说》
04286,商鞅,中国,B,地诚任，不患无财；民诚用，不畏强暴。——《商君书·错法》
04287,王弼,中国,B,始制官长，不可不立名分以定尊卑。——《老子注·三十二章》
04288,鲁米,伊斯兰波斯,B,万物皆流，唯海常在。——《玛斯纳维·卷一》〔译〕
04289,雅斯贝尔斯,西方,A,我的生存没有外在的保证，它的意义由我自身承担。——《哲学》第一卷〔意译〕
04290,嵇康,中国,B,夫神虽为形之君，然所以神明者，岂形之所使耶？——《难宅无吉凶摄生论》
04291,王阳明,中国,A,知是行之始，行是知之成。——《传习录》上
04292,巴门尼德,西方,B,"那唯一者，无分过去、现在、未来，全然在""是""。——〔译〕《论自然》残篇 DK B8（辛普里丘转引）"
04293,韩非,中国,B,臣事君，子事父，妻事夫，三者顺则天下治，三者逆则天下乱。此天下之常道也。——《韩非子·忠孝》
04294,波普尔,西方,B,任何把人当作手段的制度，都违背了开放社会的原则。——《开放社会及其敌人》〔意译〕
04295,王充,中国,B,寒温自有时，不以人政弛张也。——《论衡·自然》
04296,朱熹,中国,A,少年易学老难成，一寸光阴不可轻。——《偶成》
04297,波普尔,西方,A,我最终的从容，源于学会与不确定共存。——《无穷的探索》〔意译〕
04298,黄宗羲,中国,A,大丈夫行事，磊磊落落，无可不可。——《南雷文定》 〔意译〕
04299,黑格尔,西方,B,哲学史，是理性在时间中的发展。——《哲学史讲演录》〔译〕
04300,荀子,中国,A,人之性恶，其善者伪也。——《荀子·性恶》
04301,朱熹,中国,B,太极生阴阳，理生气也。——《语类》卷一
04302,维特根斯坦,西方,B,伦理是不可说的，它显现于世界之外。——《逻辑哲学论》6.42〔译〕
04303,嵇康,中国,B,声音之作，其犹臭味在于天地之间。——《声无哀乐论》
04304,帕斯卡,西方,A,怕死、怕苦、怕未知，是人的自然软弱。——《思想录》〔意译〕
04305,罗素,西方,B,国家若垄断真理，个人便无从生长。——《权力论》〔意译〕
04306,黄宗羲,中国,A,人不学则其心死，学则不死。——《南雷文定》 〔意译〕
04307,荀子,中国,A,君子之学也，入乎耳，箸乎心，布乎四体，形乎动静。——《荀子·劝学》
04308,冯友兰,中国,A,尽心知性，即是对于宇宙底觉解之扩充。——《新原人·第四章》
04309,陆九渊,中国,A,上是天，下是地，人居其间，须是做得人，方不枉。——《语录》（卷二十二）
04310,嵇康,中国,B,音声有自然之和，而无系于人情。——《声无哀乐论》
04311,黑格尔,西方,A,实体即主体。——《精神现象学·序言》〔译〕
04312,牟宗三,中国,A,吾人之性，即天命之於穆不已者。——《心体与性体·第一部》 〔意译〕
04313,斯宾诺莎,西方,B,凡是遵循理性的人，必努力使别人也依照理性生活。——《伦理学》第四部分·命题四十六〔意译〕
04314,龙树,印度,A,一切烦恼，从虚妄分别生；离分别故，烦恼自灭。——《十二门论·观三相门》〔意译〕
04315,陆九渊,中国,A,人惟患无志，有志无有不成者。——《语录》（卷三十五）
04316,道元,日本,A,精进非勉强，是欢喜行之。——《学道用心集》
04317,冯友兰,中国,B,知天命，是进于道德境界底一步。——《新原人·第五章》
04318,维特根斯坦,西方,B,理解一个句子，就是理解一种语言游戏。——《哲学研究》§199〔译〕
04319,洛克,西方,B,因果关系是我们从经验中观察到的恒常联结，而非理性的先见。——《人类理解论》卷二·章廿六·节1〔意译〕
04320,第欧根尼,西方,B,人敬神，当效法神的简朴，而非以祭品贿赂神明。——〔意译〕《名哲言行录》卷六（据其反仪式言行）
04321,克尔凯郭尔,西方,B,当所有人都一样时，就没有人真正存在。——《现时代》（本名）〔译〕
04322,柏拉图,西方,A,灵魂选择来世的生活方式，取决于它今生的习惯与教养。——〔译〕《理想国》620c—d
04323,马可·奥勒留,西方,B,别人犯的错，与你无关；不要把它变成你的负担。——《沉思录》卷七·29〔意译〕
04324,克尔凯郭尔,西方,B,国家可以统计人口，却数不清一个灵魂。——《日记》（Papirer）〔译〕
04325,休谟,西方,B,自然齐一性本身是习惯的产物，而非先验真理。——《人性论》卷一·部三·章六〔意译〕
04326,公孙龙,中国,B,白者不定所白，忘之而可也。白马者，言白定所白也，定所白者非白也。——《公孙龙子·白马论》
04327,荀子,中国,A,故君子敬其在己者，而不慕其在天者。——《荀子·天论》
04328,墨子,中国,B,乱何自起？起不相爱。——《墨子·兼爱上》
04329,奥古斯丁,西方,A,你在我内，我却在身外；我在身外找寻你，而我本当在你里面。——《忏悔录·10·27》〔译〕
04330,程颐,中国,B,天者，理也；神者，妙万物而为言者也。——《遗书》卷二十二上
04331,吉田兼好,日本,A,行不愧影，寝不惭衾。——《徒然草》〔译〕
04332,程颐,中国,B,防小人密于自修。——《易传·解卦》
04333,笛卡尔,西方,B,整个世界由同一物质构成，其多样性只来自运动与排列的不同。——《哲学原理》第二部分〔意译〕
04334,荀子,中国,A,身劳而心安，为之；利少而义多，为之。——《荀子·修身》
04335,阿伦特,西方,B,自由是政治存在的原因，也是它的目标。——《人的境况》〔译〕
04336,莱布尼茨,西方,B,宇宙的终极目的，是借助理性灵魂而认识并爱上帝。——《单子论》第87节〔意译〕
04337,马可·奥勒留,西方,B,时间是一条由发生之事汇成的河流；每件事刚出现就被冲走，另一件接着涌来。——《沉思录》卷四·43
04338,伊壁鸠鲁,西方,B,智慧所赐予的诸般善物中，最大的便是友谊。——〔译〕《主要学说》KD 27
04339,僧肇,中国,B,涅槃之道，盖是三乘之所归，方等之渊府。——《涅槃无名论》
04340,李贽,中国,A,士贵为己，务自适。——《焚书·答友人书》
04341,冯友兰,中国,A,在天地境界中底人，其行为是事天底。——《新原人·第四章》
04342,嵇康,中国,A,夫不虑而欲，性之动也；识而后感，智之用也。——《答难养生论》
04343,孔子,中国,A,君子耻其言而过其行。——《论语·宪问》
04344,赫拉克利特,西方,A,人的品格，便是他的守护神（命运）。——〔译〕《残篇》DK B119（斯托拜乌斯转引）
04345,熊十力,中国,B,知识之域，待思辨而明；本体之域，待证会而彻。——《新唯识论·卷中》 〔意译〕
04346,阿伦特,西方,A,一个人若不能在内心与自己和解，便无法真正地行动。——《精神生活·意志》〔意译〕
04347,莱布尼茨,西方,A,天赋的不是现成观念，而是产生观念的能力与倾向。——《人类理智新论》〔意译〕
04348,雅斯贝尔斯,西方,B,哲学史不是学说史，而是真理发生的轨迹。——《大哲学家》〔意译〕
04349,鲁米,伊斯兰波斯,A,莫悲伤，你失去的一切，都会以另一种形式归来。——《玛斯纳维·卷三》〔译〕
04350,安萨里,伊斯兰波斯,A,克胜自我者，胜过克胜千军。——《宗教学科的复兴》〔译〕
04351,奥古斯丁,西方,A,记忆是你给我的广阔原野，我在其中遇见我自己。——《忏悔录·10·8》〔译〕
04352,第欧根尼,西方,B,亚历山大问我想要什么，我说：请你站开，别挡住我的阳光。——〔译〕《名哲言行录》卷六·38
04353,海德格尔,西方,A,常人以「无人」之名，夺走了此在的自我担当。——《存在与时间》§27〔译〕
04354,牟宗三,中国,A,良知是先天而具、不待外铄。——《心体与性体·第一部》 〔意译〕
04355,道元,日本,A,自他一如，何有分别？——《正法眼藏·発菩提心》
04356,尼采,西方,A,孩子是天真与遗忘，一个新的开始、一场游戏、一个自转的轮子。——《查拉图斯特拉如是说·论三种变形》
04357,庄子,中国,A,天地与我并生，而万物与我为一。——《庄子·齐物论》 #self-other
04358,赫拉克利特,西方,B,上升之路与下降之路，同一条也。——〔译〕《残篇》DK B60（第欧根尼·拉尔修 IX.8 转引）
04359,德谟克利特,西方,A,没有节庆的人生，正如漫漫长路没有客栈。——〔译〕《残篇》DK B35（斯托拜乌斯转引）
04360,柏拉图,西方,B,"人不可能有意持有一个他明知为假的""假信念""，犹如不可能同时知与不知。——〔译〕《泰阿泰德》187e—200c"
04361,老子,中国,A,不失其所者久，死而不亡者寿。——《道德经·第三十三章》
04362,张载,中国,B,人未安之，必不用于世；人既安之，斯能用之矣。——《经学理窟·学大原》
04363,爱比克泰德,西方,A,你因外物而痛苦时，受苦的不是那事物本身，而是你对它的判断；这个判断你随时可以收回。——《手册·5》〔意译〕
04364,康德,西方,B,目的论的判断，是我们理解有机自然的必要方式。——《判断力批判》〔译〕
04365,奥古斯丁,西方,A,没有你，我便不存在；我的存在本身是你每日的恩赐。——《忏悔录·1·4》〔译〕
04366,斯宾诺莎,西方,B,自然中没有目的因；万物不是为某个目的而被造。——《伦理学》第一部分·附录〔意译〕
04367,萨特,西方,A,我是一切价值的唯一立法者，亦是其唯一担责者。——《存在主义是一种人道主义》〔意译〕
04368,董仲舒,中国,A,故圣人法天而立道，亦溥爱而亡私，布德施仁以厚之，设谊立礼以导之。——《汉书·董仲舒传》（举贤良对策）
04369,德谟克利特,西方,B,依约定而有甜与苦、热与冷、色；实际上只有原子与虚空。——〔译〕《残篇》DK B117（塞克斯都·恩披里柯《反对数学家》转引）
04370,克尔凯郭尔,西方,A,成为自我，是上帝赋予人的任务。——《致死的疾病》（Anti-Climacus）〔译〕
04371,福柯,西方,B,人，是近代的一项发明，或许正临近它的终点。——《词与物·结语》〔译〕
04372,龙树,印度,B,前际不可得，后际亦不可得，离于本际，说有轮回者，是戏论。——《中论·观本际品》〔意译〕
04373,陆九渊,中国,A,凡欲为学，当先识义利公私之辨。——《语录》
04374,笛卡尔,西方,B,一切自然现象，若依据机械原因来解释，便能得到最确定的说明。——《哲学原理》第四部分·序言〔意译〕
04375,马可·奥勒留,西方,A,灵魂会被它的思想染上颜色。——《沉思录》卷五·16
04376,孟子,中国,B,桀纣之失天下也，失其民也。——《孟子·离娄上》
04377,帕斯卡,西方,B,理性走到尽头，便把人交于信仰；这不是理性的失败，而是它的诚实。——《思想录》L281〔意译〕
04378,周敦颐,中国,B,礼，理也；乐，和也。阴阳理而后和，君君臣臣、父父子子、兄兄弟弟、夫夫妇妇，万物各得其理然后和。——《通书·礼乐》
04379,克里希那穆提,印度,A,你所得的自由，若依赖条件，便不是自由。——《重新认识你自己》〔译〕
04380,僧肇,中国,A,无知，故能玄照；无晓，故能达物。——《般若无知论》
04381,王夫之,中国,B,两端者，虚实也，动静也，聚散也，清浊也，其名相反，其用相资。——《张子正蒙注·太和篇》
04382,笛卡尔,西方,B,凡是我所清楚领会的，都能被上帝创造得正如我所领会的一样。——《第一哲学沉思集》第六沉思〔意译〕
04383,克尔凯郭尔,西方,A,真理是主观的：最重要的，是你如何内在地把握它。——《哲学片段》（Johannes Climacus）〔译〕
04384,伊壁鸠鲁,西方,B,宇宙向来如此，且将永如此；它既非被造，亦不毁灭。——〔译〕《致希罗多德的信》LH
04385,康德,西方,A,自由，不是为所欲为，而是自我立法。——《道德形而上学奠基》〔译〕
04386,孙子,中国,A,智者之虑，必杂于利害。——《孙子兵法·九变篇》
04387,胡塞尔,西方,A,真理在最终的明见中显现自身。——《现象学的观念》〔译〕
04388,龙树,印度,A,于诸法不生爱憎，是名比丘正行。——《大智度论·卷十一》〔意译〕
04389,顾炎武,中国,A,人须有自得之学，不可倚傍门户。——《亭林文集》 〔意译〕
04390,海亚姆,伊斯兰波斯,B,日月无心照人，人自多情。——《鲁拜集》〔译〕
04391,王夫之,中国,B,天下非一姓之私也。——《读通鉴论·卷末·叙论》
04392,孙子,中国,A,非利不动，非得不用，非危不战。——《孙子兵法·火攻篇》
04393,熊十力,中国,A,慎独者，心之闲邪存诚也。——《读经示要·卷二》 〔意译〕
04394,孙子,中国,B,故知战之地，知战之日，则可千里而会战。——《孙子兵法·虚实篇》
04395,朱熹,中国,B,仁者，心之德，爱之理。——《论语集注》
04396,加缪,西方,B,反抗不是破坏，而是肯定一种限度。——《反抗者》〔译〕
04397,胡塞尔,西方,B,因果性不是世界自带的规律，而是意识对恒常性的统觉。——《纯粹现象学通论》〔意译〕
04398,道元,日本,B,春花秋月，皆是时之现成。——《正法眼藏·有時》
04399,赫拉克利特,西方,B,德尔斐神谕之主既不宣告也不隐匿，而只是示以征兆。——〔译〕《残篇》DK B93（普鲁塔克《论神谕》转引）
04400,老子,中国,A,罪莫大于可欲，祸莫大于不知足，咎莫大于欲得。——《道德经·第四十六章》
04401,福柯,西方,B,异托邦（heterotopia）是真实而有效的「他处」空间。——《另类空间》〔译〕
04402,孙子,中国,B,不战而屈人之兵，善之善者也。——《孙子兵法·谋攻篇》
04403,释迦牟尼,印度,A,贪欲、瞋恚、睡眠、掉悔、疑，是覆心之障盖，当勤断除。——《杂阿含经·卷二十六》（五盖）
04404,嵇康,中国,A,夫人之相知，贵识其天性，因而济之。——《与山巨源绝交书》
04405,郭象,中国,A,适足其性，则虽大鹏无以加于小鸟。——《庄子注·养生主》
04406,道元,日本,B,虚空无边，佛法亦无边。——《正法眼藏·仏法》
04407,道元,日本,A,真实修行者，不逐语言文字。——《正法眼藏·仏法》
04408,王充,中国,B,孙卿有《性恶》之篇，以人性恶，其善者伪也。——《论衡·本性》
04409,苏格拉底,西方,B,正义就是每个人做自己分内的事。——柏拉图《理想国》433a〔译〕※
04410,柏拉图,西方,B,这可见的世界是被造的，故有其开端；那不被造者无始无终。——〔译〕《蒂迈欧》28a—b
04411,笛卡尔,西方,A,哪怕有一个恶魔竭尽所能欺骗我，只要我在思想，「我存在」就不可推翻。——《第一哲学沉思集》第一沉思（恶魔假设）〔意译〕
04412,李贽,中国,B,夫天生一人，自有一人之用，不待取给于孔子而后足也。——《焚书·答耿中丞》
04413,韩非,中国,A,人有福，则富贵至；富贵至，则衣食美；衣食美，则骄心生。——《韩非子·解老》
04414,庄子,中国,B,天下莫大于秋毫之末，而太山为小；莫寿于殇子，而彭祖为夭。——《庄子·齐物论》
04415,释迦牟尼,印度,B,因果不虚，善恶之报，如影随形。——《杂阿含经·卷三十九》（业报）
04416,罗素,西方,B,教育的目标，不是填满头脑，而是唤醒理性与同情。——《论教育》〔意译〕
04417,第欧根尼,西方,A,自制的极致，是不依赖任何最自然的快乐。——〔意译〕《名哲言行录》卷六（犬儒要义）
04418,吉田兼好,日本,B,王者之德，在安民，不在威刑。——《徒然草》〔译〕
04419,加缪,西方,B,习俗的暴力，在于它要求人隐藏真实。——《局外人》〔意译〕
04420,马克思,西方,A,共产主义作为否定的否定，不是回到贫困，而是人的自我复归。——《1844年经济学哲学手稿》〔译〕
04421,李贽,中国,B,自古忠臣孝子，多出于纠争之世。——《藏书》
04422,密尔,西方,A,人的价值，在于其独特性，而非齐一性。——《论自由·第三章》〔译〕
04423,程颐,中国,A,人之蕴蓄，由学而大。——《遗书》卷二十二上
04424,公孙龙,中国,B,曰：以有马为异有黄、黑马，是异黄、黑马于马也；异黄、黑马于马，是以黄、黑马为非马。——《公孙龙子·白马论》
04425,黄宗羲,中国,B,后世人君，视天下为莫大之产业。——《明夷待访录·原君》 〔意译〕
04426,董仲舒,中国,A,性待渐于教训而后能为善。——《春秋繁露·实性》
04427,冯友兰,中国,B,文化之近代化，在于生产社会化与知识科学化。——《新事论》 〔意译〕
04428,王阳明,中国,B,所以为精金者，在足色而不在分两。——《传习录》上
04429,龙树,印度,A,智者不住生死，亦不住涅槃，故能度脱众生。——《中论·观涅槃品》（不住二边）
04430,康德,西方,B,人是唯一能在自然中设定目的的存在。——《判断力批判》〔译〕
04431,释迦牟尼,印度,B,一切众生，无始生死，长夜轮转，苦痛无量。——《长阿含经·大本经》
04432,康德,西方,B,任何限制思想自由的法律，都违背启蒙的精神。——《答复这个问题：什么是启蒙》（1784）〔译〕
04433,阿奎那,西方,B,罪非神所造；神是万善之源，恶之发生，在受造意志之缺。——《神学大全·I·q.49·a.1》〔译〕
04434,程颐,中国,B,饿死事极小，失节事极大。——《遗书》卷二十二下
04435,奥古斯丁,西方,B,连那被称为「幸运」的，也在神的护理之中；没有偶然，只有未显的因。——《上帝之城·5·9》〔译〕
04436,牟宗三,中国,A,本心之明，不容自欺。——《心体与性体·第二部》 〔意译〕
04437,荀子,中国,B,得百姓之力者富，得百姓之死者强，得百姓之誉者荣。——《荀子·王霸》
04438,王夫之,中国,B,据器而道存，离器而道毁。——《周易外传·卷五》
04439,德谟克利特,西方,A,赢得朋友是所得，保有朋友更是所得。——〔译〕《残篇》DK B63（斯托拜乌斯转引）
04440,程颐,中国,B,父子君臣，天下之定理，无所逃于天地之间。——《遗书》卷五 ⚠️二程未分（卷五为二先生语，与程颢文件同条并列存查）
04441,海亚姆,伊斯兰波斯,A,玫瑰明年仍开，惜花之人不再来。——《鲁拜集》〔译〕
04442,马可·奥勒留,西方,A,你随时都可以退回自己的内心——那里是最宁静的居所。——《沉思录》卷四·3
04443,第欧根尼,西方,A,我能随时入睡、随时醒来，因我心中无所挂虑。——〔意译〕《名哲言行录》卷六（据其生活方式）
04444,王充,中国,A,夫贤士，世俗所不能容也。——《论衡·累害》
04445,僧肇,中国,B,不释动以求静，故虽静而不离动；不舍动以趣静，故虽动而不乖静。——《物不迁论》
04446,公孙龙,中国,A,彼此而彼且此，此彼而此且彼，不可。——《公孙龙子·名实论》
04447,康德,西方,B,上帝、自由、不朽，是实践理性的三个公设。——《实践理性批判》〔译〕
04448,加缪,西方,A,内心的沉默，有时比呼喊更接近真理。——《笔记》〔意译〕
04449,董仲舒,中国,A,天令之谓命，命非圣人不行；质朴之谓性，性非教化不成；人欲之谓情，情非度制不节。——《汉书·董仲舒传》（举贤良对策）
04450,墨子,中国,B,今至大为不义攻国，则弗知非，从而誉之，谓之义。——《墨子·非攻上》
04451,王夫之,中国,A,立志之始，在脱习气。——《俟解》
04452,波普尔,西方,B,民主不是多数的统治，而是制度化的自我纠错。——《开放社会及其敌人》〔意译〕
04453,董仲舒,中国,B,《春秋》之听狱也，必本其事而原其志。志邪者不待成，首恶者罪特重，本直者其论轻。——《春秋繁露·精华》
04454,亚里士多德,西方,A,德性在于两个恶之间：过度与不及，而中道最善。——〔译〕《尼各马可伦理学》1106a—1107a
04455,罗素,西方,B,思想自由的前提，是社会不把任何教条奉为不可质疑。——《为什么我不是基督徒》〔意译〕
04456,孔子,中国,A,加我数年，五十以学《易》，可以无大过矣。——《论语·述而》
04457,莱布尼茨,西方,A,记忆把过往的知觉连成「我」的同一性。——《单子论》第25节〔意译〕
04458,牟宗三,中国,B,物自身之可认识，待自由无限心之朗现。——《现象与物自身》 〔意译〕
04459,笛卡尔,西方,A,凡是我领会得十分清楚、十分分明的东西，就都是真的。——《谈谈方法》第四部分
04460,墨子,中国,B,天下从事者，不可以无法仪。——《墨子·法仪》
04461,郭象,中国,B,以性分为之，则虽大鹏无以自贵于小鸟，小鸟无羡于天池。——《庄子注·秋水》
04462,郭象,中国,B,无既无矣，则不能生有；有之未生，又不能为生。然则生生者谁哉？块然而自生耳。——《庄子注·齐物论》
04463,黑格尔,西方,B,诗，是最具精神性的艺术。——《美学讲演录》〔译〕
04464,康德,西方,B,没有公民的自由，就没有真正的启蒙。——《答复这个问题：什么是启蒙》（1784）〔译〕
04465,斯宾诺莎,西方,B,身体的秩序与心灵的观念秩序一致，二者是同一实体的两面。——《伦理学》第三部分·命题二附释〔意译〕
04466,叔本华,西方,A,认识越深，痛苦越深。——《作为意志和表象的世界》〔译〕
04467,马克思,西方,A,私有制下的劳动，是外化、被迫的活动。——《1844年经济学哲学手稿》〔译〕
04468,王夫之,中国,B,君天下者，不能自免于危亡，而后知民之可依。——《读通鉴论》 〔意译〕
04469,孟子,中国,B,生于忧患而死于安乐也。——《孟子·告子下》
04470,老子,中国,A,知止不殆。——《道德经·第四十四章》
04471,董仲舒,中国,A,名生于真，非其真，弗以为名。——《春秋繁露·深察名号》
04472,韩非,中国,A,天下之难事必作于易，天下之大事必作于细。——《韩非子·喻老》
04473,萨特,西方,A,焦虑（angoisse）来自人面对自身绝对自由的觉悟。——《存在与虚无》〔译〕
04474,海德格尔,西方,A,存在的追问者，首先必须是领悟自身有限的存在者。——《存在与时间》§2〔译〕
04475,黑格尔,西方,B,时代的困难，在于主观的任性要求普遍的承认。——《法哲学原理·序言》〔译〕
04476,龙树,印度,A,若人求菩提，当先断我见，我见断故，乃见实相。——《十二门论·观作者门》〔意译〕
04477,孙子,中国,B,五行无常胜，四时无常位，日有短长，月有死生。——《孙子兵法·虚实篇》
04478,爱比克泰德,西方,B,死亡与流放并不可怕，可怕的是你对它们的恐惧；这些事本身在神的设计里自有其位。——《手册·21》〔意译〕
04479,商鞅,中国,B,故行刑重其轻者，轻者不生，则重者无从至矣。——《商君书·说民》
04480,牟宗三,中国,B,理性之运用，有内容的与形式的之分。——《现象与物自身》 〔意译〕
04481,阿伦特,西方,A,我写作，是因为有些事若不写下来，我便无法理解它。——《过去与未来之间》〔意译〕
04482,马克思,西方,B,社会生活在本质上是实践的。——《关于费尔巴哈的提纲》第八条〔译〕
04483,维特根斯坦,西方,B,语言的混淆，制造了哲学的假问题。——《哲学研究》〔意译〕
04484,道元,日本,B,天地之间，无一物非佛法。——《正法眼藏·仏法》
04485,海德格尔,西方,B,人诗意地栖居在大地上。——荷尔德林诗释，《演讲与论文集·……人诗意地栖居……》〔译〕
04486,陆九渊,中国,A,精神不运则愚，血脉不运则病。——《语录》（卷三十五）
04487,赫拉克利特,西方,A,对于灵魂而言，化为水便是死；对于水而言，化为土便是死。——〔译〕《残篇》DK B36（克莱门《杂记》转引）
04488,周敦颐,中国,B,予谓菊，花之隐逸者也；牡丹，花之富贵者也；莲，花之君子者也。——《爱莲说》
04489,陆九渊,中国,A,墟墓兴衰宗庙钦，斯人千古不磨心。——《鹅湖和教授兄韵》（诗）
04490,柏拉图,西方,B,真正的哲学家爱真理、恨虚假，于名利无动于衷。——〔译〕《理想国》485a—487a
04491,嵇康,中国,B,夫万物殊理，尧舜同逆旅。——《声无哀乐论》
04492,亚里士多德,西方,A,技艺使人制作得当，德性则使人目的正确。——〔译〕《尼各马可伦理学》1140a—b
04493,尼采,西方,B,禁欲理想，是人类「求虚无的意志」的表现。——《论道德的谱系·第三论文》〔意译〕
04494,嵇康,中国,B,夫嗜欲虽出于人，而非道德之正。——《答难养生论》
04495,叔本华,西方,A,愚人把痛苦归咎于命运，智者归于自己。——《附录与补遗·人生的智慧》〔译〕
04496,叔本华,西方,B,不义，是把他人当作自己意志的工具。——《论道德的基础》〔译〕
04497,董仲舒,中国,B,鼓其宫而他宫应之，鼓其商而他商应之，此物之以类相召也。——《春秋繁露·同类相动》
04498,密尔,西方,A,对自己负责，是自由的第一课。——《自传》〔译〕
04499,康德,西方,A,使我之准则具普遍立法性，这是我意志的惟一动机。——《实践理性批判》〔译〕
04500,程颐,中国,B,天地之道，常久而不已者，至诚也。——《易传·恒卦》
04501,孔子,中国,A,始吾于人也，听其言而信其行；今吾于人也，听其言而观其行。——《论语·公冶长》
04502,庄子,中国,B,有机械者必有机事，有机事者必有机心。——《庄子·天地》
04503,郭象,中国,A,鹏鴳虽殊，逍遥一也；各任其性，苟当其分。——《庄子注·逍遥游》
04504,墨子,中国,A,慧者心辩而不繁说，多力而不伐功，此以名誉扬天下。——《墨子·修身》
04505,鲁米,伊斯兰波斯,B,我们生于爱，爱是我们的母亲。——《玛斯纳维·卷二》〔译〕
